<COLLADA xmlns="http://www.collada.org/2005/11/COLLADASchema" version="1.4.1">
  <asset>
    <contributor />
    <created>2026-05-16T22:26:50.805983</created>
    <modified>2026-05-16T22:26:50.805986</modified>
    <unit name="meter" meter="1.0" />
    <up_axis>Z_UP</up_axis>
  </asset>
  <library_effects>
    <effect id="effect_Cylinder_002" name="effect_Cylinder_002">
      <profile_COMMON>
        <technique sid="common">
          <phong>
            <emission>
              <color>0.0 0.0 0.0 1.0</color>
            </emission>
            <ambient>
              <color>0.0 0.0 0.0 1.0</color>
            </ambient>
            <diffuse>
              <color>0.33000001311302185 0.3400000035762787 0.32499998807907104 1.0</color>
            </diffuse>
            <specular>
              <color>1 1 1 1.0</color>
            </specular>
            <shininess>
              <float>0.0</float>
            </shininess>
            <reflective>
              <color>0.0 0.0 0.0 1.0</color>
            </reflective>
            <reflectivity>
              <float>0.0</float>
            </reflectivity>
            <transparent>
              <color>0.0 0.0 0.0 1.0</color>
            </transparent>
            <transparency>
              <float>1.0</float>
            </transparency>
          </phong>
        </technique>
        <extra>
          <technique profile="GOOGLEEARTH">
            <double_sided>0</double_sided>
          </technique>
        </extra>
      </profile_COMMON>
    </effect>
    <effect id="effect_Cylinder_003" name="effect_Cylinder_003">
      <profile_COMMON>
        <technique sid="common">
          <phong>
            <emission>
              <color>0.0 0.0 0.0 1.0</color>
            </emission>
            <ambient>
              <color>0.0 0.0 0.0 1.0</color>
            </ambient>
            <diffuse>
              <color>0.18000000715255737 0.18000000715255737 0.18000000715255737 1.0</color>
            </diffuse>
            <specular>
              <color>1 1 1 1.0</color>
            </specular>
            <shininess>
              <float>0.0</float>
            </shininess>
            <reflective>
              <color>0.0 0.0 0.0 1.0</color>
            </reflective>
            <reflectivity>
              <float>0.0</float>
            </reflectivity>
            <transparent>
              <color>0.0 0.0 0.0 1.0</color>
            </transparent>
            <transparency>
              <float>1.0</float>
            </transparency>
          </phong>
        </technique>
        <extra>
          <technique profile="GOOGLEEARTH">
            <double_sided>0</double_sided>
          </technique>
        </extra>
      </profile_COMMON>
    </effect>
  </library_effects>
  <library_geometries>
    <geometry id="geometry0" name="Cylinder.002_">
      <mesh>
        <source id="cubeverts-array0">
          <float_array count="6657" id="cubeverts-array0-array">0.006520867 -0.002347648 -0.03916716 0.006523013 -0.00256139 -0.03966206 0.006516635 -0.001847088 -0.03989034 0.006520152 -0.002463102 -0.03932755 0.006518304 -0.002041399 -0.03872327 0.006516993 -0.002092361 -0.03873758 0.006514847 -0.001654565 -0.03834789 0.006502807 -0.00213778 -0.03870039 0.006512463 -0.001586556 -0.03825818 0.006498396 -0.001621246 -0.03821085 0.006506264 -0.00251621 -0.03930299 0.00647068 -0.001653075 -0.03816801 0.00647521 -0.002179265 -0.03866665 0.006478786 -0.002564907 -0.03928046 0.006518483 -0.002607882 -0.03964716 0.006504714 -0.002652645 -0.03963285 0.006482005 -0.00269407 -0.03961973 0.006480753 -0.002785742 -0.03997092 0.006508231 -0.002732992 -0.03998051 0.00645107 -0.002730429 -0.03960799 0.00643903 -0.002606213 -0.03926126 0.006413519 -0.002760291 -0.0395987 0.006441116 -0.002830505 -0.03996252 0.006435573 -0.002214491 -0.03863804 0.006389737 -0.002637684 -0.03924702 0.00638622 -0.002241492 -0.03861617 0.006430864 -0.001680076 -0.03813158 0.006381452 -0.001700878 -0.03810381 0.00637573 -0.001049757 -0.037742 0.006425142 -0.001036584 -0.03777401 0.006465077 -0.001019418 -0.03781567 0.006369233 -0.000329316 -0.03755354 0.006418824 -0.000324433 -0.03758764 0.006458759 -0.000318211 -0.03763239 0.006492853 -0.000999387 -0.0378652 0.006486654 -0.000311044 -0.03768526 0.006452322 0.00040668 -0.03762888 0.006412208 0.000411763 -0.03758429 0.006362736 0.000415476 -0.03755013 0.006406009 0.001125693 -0.03776413 0.006356239 0.001137614 -0.03773223 0.006350517 0.001791954 -0.03808808 0.006446123 0.0011096 -0.03780614 0.006400287 0.001772344 -0.03811573 0.006294012 0.001803815 -0.03807055 0.00634557 0.002337217 -0.0385953 0.006289124 0.002353072 -0.0385816 0.006299853 0.001144886 -0.03771233 0.0062325 0.001993179 -0.03820984 0.006236732 0.001509249 -0.03787571 0.00630635 0.000417551 -0.03752898 0.0062415 0.000969474 -0.03764235 0.006246626 0.00039449 -0.03751896 0.006312966 -0.000332587 -0.03753231 0.006251931 -0.000193512 -0.03751027 0.003680229 0.00112164 -0.03771233 0.003624022 0.001113355 -0.03773223 0.003630459 0.000391235 -0.03755013 0.003618121 0.001767635 -0.03808808 0.003613293 0.002312958 -0.0385953 0.003609836 0.002714872 -0.03922234 0.00360769 0.002948284 -0.03992986 0.003560543 0.00268352 -0.03923713 0.003558397 0.00291419 -0.03993642 0.003520846 0.002642393 -0.03925663 0.003518879 0.002869606 -0.03994505 0.003564 0.002286255 -0.03861742 0.003524363 0.002251267 -0.03864615 0.003568828 0.001747131 -0.03811573 0.00357455 0.00110054 -0.03776413 0.003529131 0.001720607 -0.0381525 0.003534734 0.001083672 -0.03780614 0.003580749 0.000386621 -0.03758429 0.003540933 0.000380834 -0.03762888 0.003637075 -0.000353564 -0.03755354 0.003587365 -0.000349554 -0.03758764 0.00354737 -0.000344063 -0.03763239 0.003506839 0.001064062 -0.03785585 0.003512859 0.000374134 -0.03768204 0.003492534 0.001042664 -0.03791039 0.003498673 0.000366949 -0.03774004 0.003519356 -0.000337363 -0.03768526 0.003504753 -0.000329908 -0.03774313 0.003497064 0.000341833 -0.03776733 0.003501892 -0.000197174 -0.03775941 0.003525376 -0.001025736 -0.0378652 0.003510773 -0.00100404 -0.0379195 -0.004248619 -0.000162201 -0.03900491 -0.004243612 -0.000724753 -0.03916631 -0.004246056 -0.000451426 -0.0390579 -0.004494607 -0.000612453 -0.03938876 -0.004492819 -0.00081823 -0.0395218 -0.004241466 -0.00097167 -0.03932607 -0.004508376 0.000938151 -0.03972141 -0.004509568 0.001071155 -0.03992735 -0.004261553 0.001295447 -0.03981285 -0.004510462 0.001161456 -0.04015517 -0.004262566 0.001403987 -0.04008601 -0.004260182 0.001135945 -0.0395658 0.003476381 0.002674162 -0.0397412 0.003486514 0.001525819 -0.04037534 0.003475487 0.002771437 -0.04027151 0.003475487 0.002763271 -0.04081069 -0.004263103 0.001456916 -0.04037534 0.003476977 0.002806365 -0.0406618 0.003480911 0.002696633 -0.04135243 0.003490865 0.002864897 -0.04066507 0.003477454 0.002759397 -0.03996651 0.003491342 0.002816975 -0.03995512 0.003493309 0.002593994 -0.03927938 0.003479242 0.002541065 -0.03930473 0.003496766 0.002210021 -0.03868054 0.003482699 0.002165019 -0.03871803 0.003501296 0.001689136 -0.03819566 0.003487229 0.001654863 -0.03824335 0.003488004 0.001363754 -0.03809433 0.003495812 0.000488073 -0.03907125 0.003493309 0.000757988 -0.03918766 -0.004253864 0.000419277 -0.03907125 -0.004256248 0.000689213 -0.03918766 -0.004251301 0.000131792 -0.03900945 -0.004500985 0.000101339 -0.03925793 -0.00450319 0.000340897 -0.03930931 -0.004505157 0.000565837 -0.03940635 -0.004258394 0.000931191 -0.03935473 -0.004498839 -0.000143674 -0.03925406 0.003494799 0.002741456 -0.04136692 0.003518283 0.002918422 -0.04066817 0.00349462 0.00243473 -0.04200982 0.003517568 0.002782762 -0.04137991 0.003522396 0.002480149 -0.04203825 0.003548145 0.00281918 -0.04139148 0.003561854 0.002518713 -0.04206239 0.00355798 0.002963781 -0.04067086 0.003585875 0.002849102 -0.04140096 0.003607273 0.002998352 -0.04067276 0.003663957 0.002969682 -0.03992574 0.003628969 0.002871513 -0.04140812 0.003611326 0.002548158 -0.04208051 0.003667414 0.002566695 -0.04209195 0.003566086 0.002052009 -0.04263179 0.003615379 0.00207597 -0.04265646 0.003571391 0.001458406 -0.04306726 0.003531575 0.001436114 -0.04302763 0.00352627 0.002020657 -0.04259908 0.003537476 0.000763374 -0.04329775 0.003620803 0.001475453 -0.043097 0.003577411 0.00077515 -0.04334121 0.0035097 0.000749632 -0.04324595 0.003543913 4.46074e-05 -0.04339188 0.003515899 4.41201e-05 -0.04333834 0.003501534 4.37319e-05 -0.04327999 0.003503859 0.001409888 -0.04298101 0.003495395 0.000734695 -0.04318951 0.003507614 -0.000648024 -0.04319583 0.003497779 0.000259297 -0.04324023 0.00349313 0.000789529 -0.0431432 0.003501296 -0.000138465 -0.04199008 0.003498733 0.000155562 -0.04199456 -0.004250884 8.67667e-05 -0.04199456 -0.004248321 -0.000207241 -0.04199008 -0.004500687 6.38e-05 -0.04174559 0.00349617 0.000444787 -0.0419417 -0.004253447 0.000375984 -0.0419417 -0.004498541 -0.000181213 -0.04174171 -0.004494369 -0.000645712 -0.04159331 -0.004245758 -0.000494739 -0.04192839 -0.004496276 -0.000420771 -0.04169027 -0.004243314 -0.000764662 -0.041812 -0.004241228 -0.001006603 -0.04164481 -0.00423938 -0.001211345 -0.04143374 0.003518939 -0.002120614 -0.04221206 -0.00449115 -0.001017928 -0.04127824 0.003511667 -0.001302242 -0.04118679 -0.00423789 -0.001371026 -0.04118679 0.003521502 -0.002413392 -0.04175937 0.00352329 -0.002612054 -0.04125838 -0.004236996 -0.001479387 -0.04091357 -0.004489839 -0.001151025 -0.04107229 -0.004236519 -0.001532495 -0.04062418 -0.004489064 -0.001241326 -0.04084449 -0.004506707 0.000738356 -0.04147784 -0.004504919 0.000532578 -0.04161106 -0.00425595 0.000649304 -0.04183321 -0.004258096 0.000896221 -0.04167346 -0.004508197 0.000914221 -0.04130719 -0.004259884 0.001107156 -0.04146867 -0.004509568 0.001053333 -0.0411055 -0.004488587 -0.001285493 -0.04060344 -0.004236519 -0.001527965 -0.04033021 -0.004489243 -0.001230359 -0.04011905 -0.004236996 -0.001466274 -0.04004268 0.003512442 -0.00139755 -0.04004268 -0.004238069 -0.001349568 -0.03977274 -0.004490137 -0.001133263 -0.03989409 -0.004239559 -0.001182675 -0.03953093 0.003511488 -0.001280844 -0.03977274 0.003521144 -0.002374291 -0.03916716 0.003523111 -0.002587974 -0.03966206 0.003524065 -0.002489686 -0.03932755 0.003520548 -0.002118945 -0.03873758 0.003518462 -0.002067983 -0.03872327 0.003528237 -0.002634406 -0.03964716 0.003538966 -0.002542555 -0.03930299 0.003525853 -0.002701938 -0.03999118 0.00354284 -0.00267899 -0.03963285 0.003540754 -0.002759397 -0.03998051 0.003567278 -0.002590775 -0.03928046 0.003566384 -0.002719879 -0.03961973 0.003569245 -0.002811551 -0.03997092 0.003597736 -0.002755761 -0.03960799 0.003635883 -0.002785027 -0.0395987 0.003607571 -0.002631247 -0.03926126 0.003609657 -0.002855539 -0.03996252 0.003659546 -0.002888858 -0.03995626 0.003659904 -0.002932131 -0.04069976 0.003609955 -0.002898514 -0.04069768 0.003658652 -0.002789199 -0.04143075 0.003716111 -0.002909362 -0.03995251 0.006276071 -0.002925038 -0.04016088 0.00627619 -0.002933979 -0.04074888 0.006336033 -0.002929747 -0.04070126 0.006275296 -0.002827942 -0.04132716 0.006334722 -0.002785861 -0.04143768 0.006273329 -0.00261116 -0.04187392 0.006270587 -0.002291858 -0.04236786 0.00633192 -0.0024634 -0.04211497 0.003712177 -0.002486646 -0.04211497 0.006266832 -0.001882374 -0.04278999 0.0062626 -0.001398265 -0.04312382 0.006322205 -0.001373708 -0.04312895 0.006327629 -0.001982629 -0.0426908 0.006316006 -0.000675033 -0.04340195 0.006372213 -0.000669311 -0.04338126 0.006257772 -0.000858566 -0.04335725 0.006378531 -0.001362979 -0.04311018 0.006421864 -0.000660505 -0.04334806 0.006427884 -0.00134623 -0.04308002 0.006383717 -0.001967549 -0.042675 0.006433129 -0.001943767 -0.04265009 0.006388068 -0.002444863 -0.04210328 0.006437361 -0.002415657 -0.04208498 0.0064677 -0.001324236 -0.0430405 0.006472826 -0.001912713 -0.04261708 0.00639081 -0.002765059 -0.04143075 0.006476998 -0.002377331 -0.0420606 0.006440103 -0.002732098 -0.04142015 0.006392121 -0.002907991 -0.04069976 0.006441414 -0.002873361 -0.04069768 0.006335616 -0.002885997 -0.03995251 0.006391823 -0.002864599 -0.03995626 0.006481111 -0.002827942 -0.04069464 0.00647974 -0.002688944 -0.04140608 0.006507337 -0.002637982 -0.04138939 0.006504595 -0.002332091 -0.04203181 0.006500542 -0.001876056 -0.04257803 0.006514728 -0.001836121 -0.04253518 0.006518602 -0.002282679 -0.04200022 0.006518781 -0.00209403 -0.04221206 0.006521344 -0.002386689 -0.04175937 0.006521344 -0.002582252 -0.04137085 0.006508529 -0.002774477 -0.04069088 0.006523132 -0.002585411 -0.04125838 0.006522417 -0.002715945 -0.04068707 0.006524026 -0.002682626 -0.04072815 0.006512761 -0.001422405 -0.04184489 0.006495893 0.000482391 -0.0424543 0.006507158 -0.000780151 -0.04311913 0.006511509 -0.001274943 -0.04290519 0.004512846 -0.001440167 -0.04184489 0.004495978 0.000464641 -0.0424543 0.006515443 -0.00171864 -0.04259913 0.004516661 -0.001864731 -0.03989034 0.004503548 -0.000384781 -0.03854536 0.00448662 0.001519978 -0.03915469 0.006486535 0.00153774 -0.03915469 0.006503403 -0.000367031 -0.03854536 0.00648272 0.001962423 -0.04110925 0.004482865 0.001944661 -0.04110925 0.006492257 0.000895539 -0.03788047 0.006487846 0.001390278 -0.03809433 0.006483912 0.001833975 -0.03840052 0.006480634 0.002209365 -0.0387876 0.006476283 0.002700865 -0.0397412 0.006477952 0.002502024 -0.03924012 0.00647366 0.00278604 -0.03996651 0.006475389 0.00279808 -0.04027151 0.006475508 0.002567589 -0.03930473 0.006460726 0.002620339 -0.03927938 0.006478965 0.002191603 -0.03871803 0.006458759 0.00284332 -0.03995512 0.006458342 0.002891123 -0.04066507 0.006430268 0.002895355 -0.03994505 0.006429851 0.002944231 -0.04066817 0.006389439 0.002988815 -0.04067086 0.006456494 0.002767682 -0.04136692 0.006401658 0.002844512 -0.04139148 0.006433129 0.00280869 -0.04137991 0.006389856 0.002939343 -0.03993642 0.00633955 0.003022611 -0.04067276 0.00636363 0.002873778 -0.04140096 0.006432235 0.002668142 -0.03925663 0.006391942 0.002708673 -0.03923713 0.006339967 0.002972543 -0.03992986 0.006282985 0.003043413 -0.04067402 0.006283402 0.002992928 -0.03992574 0.006342053 0.002739131 -0.03922234 0.006285548 0.002757847 -0.03921317 0.006395459 0.002311289 -0.03861742 0.006435692 0.002277076 -0.03864615 0.00644052 0.001746416 -0.0381525 0.006474316 0.001090407 -0.03785585 0.006468713 0.001715481 -0.03819566 0.006480455 0.000400488 -0.03768204 0.006488919 0.001069188 -0.03791039 0.00649482 0.000393531 -0.03774004 0.006501019 -0.000303312 -0.03774313 0.006501734 -0.000170538 -0.03775941 0.006506383 -0.000700798 -0.03785638 0.006507158 -0.000977469 -0.0379195 0.006496906 0.000368462 -0.03776733 0.006510913 -0.001201808 -0.03805516 0.006483376 0.001681447 -0.03824335 0.006464064 0.002236366 -0.03868054 0.006226003 0.002722144 -0.0391256 0.006224155 0.002938926 -0.03967242 0.006223142 0.003044903 -0.0402507 0.006223261 0.003036022 -0.04083895 0.006224334 0.0029127 -0.04141396 0.00627315 0.002908468 -0.04141253 0.00622642 0.002679467 -0.04195385 0.006229341 0.002345383 -0.04243779 0.003671646 0.002091169 -0.04267196 0.006233096 0.001923263 -0.04284739 0.006237447 0.001429498 -0.0431665 0.006296575 0.001509547 -0.04311584 0.00629127 0.002114415 -0.04267196 0.006287038 0.002589941 -0.04209195 0.006343424 0.002572298 -0.04208051 0.006347775 0.002100229 -0.04265646 0.006320178 0.002895355 -0.04140812 0.006393373 0.002543807 -0.04206239 0.006433606 0.002505958 -0.04203825 0.006397545 0.002077162 -0.04263179 0.00640285 0.0014835 -0.04306726 0.00635308 0.001499712 -0.043097 0.006437838 0.002046406 -0.04259908 0.00646615 0.002010047 -0.04256015 0.006462097 0.002461016 -0.04200982 0.006442964 0.001461923 -0.04302763 0.006476998 0.002411544 -0.04197889 0.006471157 0.002723217 -0.04135243 0.006480932 0.001969933 -0.04251772 0.006481111 0.002156794 -0.04227631 0.006478369 0.002462983 -0.04183268 0.006476402 0.002676725 -0.04133759 0.006475389 0.002789855 -0.04081069 0.006473243 0.002832949 -0.0406618 0.006484389 0.0017699 -0.04265176 0.006485879 0.001407921 -0.04293005 0.006488502 0.001317203 -0.04294436 0.006491601 0.000761285 -0.04318951 0.006492972 0.000816159 -0.0431432 0.006497681 0.000285926 -0.04324023 0.006497681 7.03214e-05 -0.04327999 0.00650233 -0.000253108 -0.04323225 0.00650388 -0.000621434 -0.04319583 0.006509602 -0.001270473 -0.04294221 0.006495416 -0.001298487 -0.04299365 0.006489634 -0.000635846 -0.04325233 0.00646162 -0.000649142 -0.04330431 0.006483376 7.04662e-05 -0.04333834 0.006455302 7.045349e-05 -0.04339188 0.006476998 0.000775951 -0.04324595 0.006471157 0.001436293 -0.04298101 0.006448984 0.00078922 -0.04329775 0.006415367 7.03015e-05 -0.04343699 0.00640887 0.000800285 -0.04334121 0.0063591 0.000808494 -0.04337434 0.006365776 7.00169e-05 -0.04347102 0.00630939 6.961861e-05 -0.0434926 0.00624758 0.00030446 -0.04348956 0.006302893 0.0008134331 -0.04339515 0.006252706 -0.000283561 -0.04348068 0.006242394 0.000882894 -0.04338335 0.003689706 4.63608e-05 -0.0434926 0.003626883 0.000784253 -0.04337434 0.003583908 4.51883e-05 -0.04343699 0.003633499 4.57764e-05 -0.04347102 0.003590345 -0.000685646 -0.04334806 0.00355041 -0.000674961 -0.04330431 0.003556311 -0.001350164 -0.0430405 0.003528118 -0.001324892 -0.04299365 0.003522217 -0.0006622 -0.04325233 0.003596425 -0.001371324 -0.04308002 0.003533244 -0.001902401 -0.04257803 0.003561556 -0.001938462 -0.04261708 0.003537297 -0.002358317 -0.04203181 0.003522396 -0.002309322 -0.04200022 0.003518283 -0.001862645 -0.04253518 0.003513455 -0.001296997 -0.04294221 0.003524959 -0.002608895 -0.04137085 0.00352627 -0.002742469 -0.04068707 0.003540039 -0.002664268 -0.04138939 0.003568351 -0.002714753 -0.04140608 0.003541052 -0.002800822 -0.04069088 0.003565669 -0.00240314 -0.0420606 0.003605902 -0.00244081 -0.04208498 0.003601789 -0.00196892 -0.04265009 0.003646314 -0.001387119 -0.04311018 0.003651559 -0.001991808 -0.042675 0.003655791 -0.002469122 -0.04210328 0.003608644 -0.002757251 -0.04142015 0.003569543 -0.00285387 -0.04069464 0.003640115 -0.000693552 -0.04338126 0.006228864 0.002402842 -0.0386319 0.006523907 -0.00267452 -0.04018895 0.006522119 -0.002675414 -0.03999118 0.006370604 -0.002782762 -0.03959147 0.006323814 -0.00279659 -0.03958712 0.00633347 -0.002657473 -0.03923803 0.006330132 -0.00225836 -0.03860258 0.006274998 -0.002801716 -0.03958569 0.006273031 -0.002568483 -0.0390458 0.006270051 -0.002234399 -0.0385618 0.006266236 -0.001812398 -0.03815245 0.006325185 -0.001713991 -0.03808677 0.006261885 -0.001318514 -0.03783314 0.006257057 -0.000771946 -0.03761631 0.006319463 -0.00105828 -0.03772221 0.003699839 -0.001081526 -0.03772221 0.003649294 -0.001725018 -0.03810381 0.003643274 -0.001074016 -0.037742 0.003599405 -0.001705229 -0.03813158 0.003593683 -0.001061797 -0.03777401 0.003654003 -0.002265632 -0.03861617 0.003604233 -0.002239525 -0.03863804 0.00365746 -0.002661943 -0.03924702 0.003679335 -0.002806544 -0.03959147 0.003563821 -0.002205133 -0.03866665 0.003559291 -0.001678884 -0.03816801 0.003530979 -0.001647651 -0.03821085 0.003553569 -0.001045346 -0.03781567 0.003535509 -0.002164125 -0.03870039 0.003516197 -0.00161314 -0.03825818 0.003515005 -0.001681149 -0.03834789 -0.00449115 -0.000994082 -0.03969239 -0.00451076 0.001205623 -0.04039614 -0.004262924 0.001452565 -0.04066937 -0.004510343 0.001150548 -0.04088054 -0.004262447 0.001390874 -0.0409569 -0.004261434 0.001274228 -0.04122685 0.003481209 0.002130091 -0.04227631 0.003480792 0.00238502 -0.04197889 0.003484547 0.00194329 -0.04251772 0.003489673 0.001381397 -0.04293005 0.003498733 0.001983702 -0.04256015 -0.000433556 -0.03450495 -0.03311167 -0.000281199 -0.03500378 -0.03358947 0.000102833 -0.03500038 -0.03351073 -0.000885207 -0.03450912 -0.03330193 -0.000642429 -0.03500694 -0.03374165 -0.000967151 -0.03500986 -0.0339614 -0.001290977 -0.03451251 -0.03357677 -0.001561701 -0.004014015 -0.03357677 -0.001635432 -0.03451555 -0.03392534 -0.001906216 -0.004017055 -0.03392534 -0.001905322 -0.03451818 -0.03433435 -0.0022946 -0.004020512 -0.03361039 -0.002618372 -0.004023373 -0.03410136 -0.002176046 -0.004019439 -0.03433435 -0.001881003 -0.004016757 -0.03319196 -0.002365589 0.003979146 -0.03361039 -0.001977205 0.003982603 -0.03392534 -0.002247095 0.0039801 -0.03433435 -0.00284028 -0.00402534 -0.03464596 -0.002431929 0.00397855 -0.03478812 -0.00236088 -0.004021048 -0.03478812 -0.002453744 -0.004021883 -0.03526936 -0.002090156 -0.03451979 -0.03478812 -0.00218302 -0.03452044 -0.03526936 -0.001606464 -0.03501552 -0.03493063 -0.001458585 -0.03501421 -0.03456752 -0.001242697 -0.0350123 -0.03424023 0.000879894 -0.03499341 -0.03358244 0.000494925 -0.03499668 -0.03350822 0.000536615 -0.0344963 -0.03301054 0.001017749 -0.03449225 -0.03310334 0.000265908 -0.003997743 -0.03301054 4.64707e-05 -0.03450065 -0.03301345 -0.000224177 -0.004002094 -0.03301345 -0.000704264 -0.004006326 -0.03311167 -0.00027611 -0.004002571 -0.03251611 -0.000923175 0.003991961 -0.03263406 -0.000852251 -0.004007697 -0.03263406 -0.001465082 0.003987133 -0.03286253 -0.001226842 0.00398916 -0.03330193 -0.000775247 0.003993213 -0.03311167 -0.001394093 -0.004012465 -0.03286253 -0.00029516 0.003997445 -0.03301345 -0.001045942 0.03449183 -0.03311167 -0.001497507 0.03448796 -0.03330193 -0.001263678 0.03499007 -0.03374165 -0.001588225 0.03498715 -0.0339614 -0.001903355 0.03448414 -0.03357677 -0.00224781 0.0344811 -0.03392534 -0.001864016 0.03498458 -0.03424023 -0.00163275 0.003985643 -0.03357677 -0.0025177 0.03447896 -0.03433435 -0.002079904 0.0349828 -0.03456752 -0.00051831 0.03499656 -0.03351073 -0.000902402 0.03499329 -0.03358947 -0.0005658579 0.034496 -0.03301345 -0.000126259 0.03499996 -0.03350822 -7.5832e-05 0.03450042 -0.03301054 -0.002227783 0.03498131 -0.03493063 0.000258652 0.03500354 -0.03358244 0.00040544 0.03450483 -0.03310334 0.000859218 0.03450882 -0.03328806 0.000676078 0.004006147 -0.03310334 0.001129925 0.004010081 -0.03328806 0.000621667 0.03500682 -0.03373037 0.001268208 0.03451246 -0.03355788 0.001538932 0.004013717 -0.03355788 0.0018875 0.004016876 -0.03390257 0.001616716 0.0345155 -0.03390257 0.000948957 0.03500974 -0.03394644 0.002162218 0.00401932 -0.03430849 0.001891553 0.03451806 -0.03430849 0.002672672 -0.003976345 -0.03407018 0.002343118 -0.003979325 -0.03358309 0.002423465 -0.00397861 -0.03475992 0.002900958 -0.003974378 -0.03461198 0.002233207 -0.003980219 -0.03430849 0.001958549 -0.003982663 -0.03390257 0.003018975 -0.003973305 -0.03518812 0.002521753 -0.003977656 -0.03524023 0.002792418 -0.03447628 -0.03524023 0.002795398 -0.03447628 -0.03573029 0.002524614 -0.003977656 -0.03573029 0.003022432 -0.003973305 -0.03577637 0.002431929 -0.00397855 -0.03621135 0.002702534 -0.03447729 -0.03621135 0.0025177 -0.0344789 -0.03666525 0.002227783 -0.03498131 -0.0360692 0.002079904 -0.0349828 -0.03643232 -0.000258701 -0.0350036 -0.03741717 0.001863956 -0.03498452 -0.03675954 0.00224781 -0.0344811 -0.03707449 0.000126328 -0.03499996 -0.03749131 7.5839e-05 -0.03450042 -0.03798906 -0.000405374 -0.03450483 -0.0378965 -0.000621797 -0.03500682 -0.03726928 -0.000949024 -0.03500968 -0.03705339 -0.000859272 -0.03450888 -0.03771142 0.002301931 -0.03498083 -0.03568403 -0.001268327 -0.03451246 -0.03744154 0.002299547 -0.03498089 -0.03529195 -0.001227796 -0.035012 -0.03677778 -0.001129806 -0.004010081 -0.03771142 -0.001538932 -0.004013717 -0.03744154 -0.001616895 -0.0345155 -0.03709726 -0.001891434 -0.034518 -0.03669117 -0.002162158 -0.00401932 -0.03669117 -0.0018875 -0.004016876 -0.03709726 -0.002343118 0.003979325 -0.03741669 -0.001363039 -0.004012227 -0.03815393 -0.001433849 0.003987431 -0.03815393 -0.000889425 0.00399214 -0.03837578 -0.000818441 -0.004007399 -0.03837578 -0.000676139 -0.004006147 -0.0378965 -0.000194867 -0.004001796 -0.03798906 -0.000240986 -0.004002273 -0.03848713 -0.00031191 0.003997385 -0.03848713 0.000276108 0.004002571 -0.03848349 -0.000265851 0.003997743 -0.03798906 0.000224175 0.004002094 -0.0379862 -0.000536547 0.0344963 -0.03798906 -0.000747063 0.003993511 -0.0378965 -0.00101763 0.03449219 -0.0378965 -0.001200914 0.003989458 -0.03771142 -0.00087989 0.03499341 -0.03741717 -0.001471579 0.03448814 -0.03771142 -0.00049486 0.03499668 -0.03749131 -0.001609981 0.003985822 -0.03744154 -0.001880586 0.03448456 -0.03744154 -0.001242876 0.03499025 -0.03726928 -0.001570165 0.03498733 -0.03705339 0.001678407 0.035016 -0.03529195 0.001680672 0.03501605 -0.03568403 0.00218302 0.03452044 -0.03573029 0.001606464 0.03501552 -0.0360692 0.002090275 0.03451985 -0.03621135 0.00236088 0.004021108 -0.03621135 0.002453804 0.004021883 -0.03573029 0.002180159 0.03452038 -0.03524023 0.002450883 0.004021883 -0.03524023 0.002081692 0.03451979 -0.03475992 0.001599669 0.03501546 -0.0349081 -0.001849055 0.0349847 -0.03677778 0.001447558 0.03501409 -0.03454678 -0.002229154 0.03448128 -0.03709726 -0.002068758 0.03498286 -0.03645287 -0.002503812 0.03447908 -0.03669117 -0.001958549 0.003982663 -0.03709726 -0.002233088 0.003980338 -0.03669117 -0.002672672 0.003976345 -0.03692966 -0.00269407 0.03447741 -0.03623967 -0.002423346 0.00397861 -0.03623967 -0.002792537 0.03447633 -0.03575943 -0.002220869 0.03498142 -0.03609173 -0.002521753 0.003977775 -0.03575943 -0.002900958 0.003974378 -0.03638768 -0.002524614 0.003977656 -0.03526936 -0.002947986 -0.004026234 -0.03581153 -0.002450764 -0.004021883 -0.03575943 -0.002352476 -0.004020929 -0.03623967 -0.002180159 -0.03452044 -0.03575943 -0.002081692 -0.03451973 -0.03623967 -0.001678407 -0.035016 -0.03570765 -0.001599669 -0.03501546 -0.03609173 -0.001447439 -0.03501409 -0.03645287 0.002068758 -0.03498286 -0.03454678 0.001849055 -0.0349847 -0.03422205 0.002220869 -0.03498142 -0.0349081 0.002503812 -0.03447902 -0.03430849 0.00269407 -0.03447735 -0.03475992 0.002229154 -0.03448128 -0.03390257 0.001609981 -0.003985822 -0.03355788 0.001880586 -0.03448456 -0.03355788 0.001200795 -0.003989458 -0.03328806 0.000747119 -0.003993332 -0.03310334 0.001471579 -0.0344882 -0.03328806 0.001362979 0.004012227 -0.0328459 0.00081838 0.004007399 -0.032624 0.000194925 0.004001796 -0.03301054 0.001570165 -0.03498733 -0.03394644 0.001242876 -0.03499025 -0.03373037 -0.001680672 -0.035016 -0.03531562 -0.002795398 0.03447628 -0.03526936 -0.002299666 0.03498089 -0.03570765 -0.002301931 0.03498089 -0.03531562 -0.002702653 0.03447723 -0.03478812 0.001227796 0.035012 -0.03422205 0.002352416 0.004020929 -0.03475992 0.002951622 0.004026353 -0.03577637 0.00284034 0.00402534 -0.03635387 0.002247035 -0.0039801 -0.03666525 0.001977205 -0.003982484 -0.03707449 0.002618372 0.004023373 -0.03689848 0.00229454 0.004020512 -0.0373892 0.002176046 0.004019439 -0.03666525 0.001906216 0.004017055 -0.03707449 0.001635551 0.03451567 -0.03707449 0.001561701 0.004013836 -0.03742306 0.001291096 0.03451251 -0.03742306 0.001155853 0.004010379 -0.03769772 0.001952052 -0.003982782 -0.0378077 0.001465082 -0.003987133 -0.03813731 0.000852188 0.004007697 -0.03836554 0.001226902 -0.00398916 -0.03769772 0.000923231 -0.003991842 -0.03836554 0.000775303 -0.003993213 -0.03788781 0.000347092 -0.003996968 -0.03848349 0.001045823 -0.03449183 -0.03788781 0.000295159 -0.003997445 -0.0379862 0.000565924 -0.03449606 -0.0379862 0.00051836 -0.0349965 -0.03748911 0.001497507 -0.03448796 -0.03769772 0.000902455 -0.03499329 -0.03741018 0.00163275 -0.003985643 -0.03742306 0.001903355 -0.0344842 -0.03742306 0.001263797 -0.03499007 -0.03725795 0.001588404 -0.03498715 -0.03703843 0.000704201 0.004006326 -0.03788781 0.000885217 0.03450906 -0.03769772 0.000433551 0.03450495 -0.03788781 0.000642483 0.03500694 -0.03725795 0.000967139 0.03500992 -0.03703843 0.000281141 0.03500378 -0.03741018 0.001242697 0.03501236 -0.03675954 -0.000102893 0.03500038 -0.03748911 0.001458585 0.03501421 -0.03643232 0.001905441 0.03451818 -0.03666525 -4.65224e-05 0.03450065 -0.0379862 -0.001155853 -0.004010379 -0.03330193 -0.006043136 -0.007371902 -0.01964229 -0.006039917 -0.007634878 -0.01930016 -0.006045222 -0.00719583 -0.01976798 -0.005835235 -0.007520258 -0.0198096 -0.006041169 -0.00752002 -0.01948427 -0.005833089 -0.007698178 -0.01961993 -0.005831301 -0.007835865 -0.0193991 -0.005830228 -0.007928133 -0.01915538 -0.006038904 -0.007711768 -0.0190969 0.007148385 -0.008170604 -0.01915538 0.007147133 -0.008078336 -0.0193991 0.007161438 -0.009233295 -0.01944654 0.007162392 -0.009312571 -0.01897525 0.007148802 -0.008213877 -0.01889799 -0.005829751 -0.007971405 -0.01889799 0.007148802 -0.008206427 -0.01863729 0.007162213 -0.009298981 -0.0184971 0.007160902 -0.009193003 -0.01803099 0.007148087 -0.00814867 -0.01838325 -0.005829811 -0.007963955 -0.01863729 -0.006038427 -0.00774163 -0.01866554 -0.005830526 -0.007906198 -0.01838325 -0.006038427 -0.007747769 -0.01888268 -0.006050229 -0.006788313 -0.01990556 -0.006052792 -0.006572425 -0.01991175 -0.006039083 -0.00769335 -0.01845365 -0.005831778 -0.007800221 -0.01814526 -0.006055474 -0.006359696 -0.01987551 -0.006040215 -0.007605135 -0.01825535 0.007146716 -0.008042693 -0.01814526 0.007144868 -0.007892668 -0.01793265 -0.005833685 -0.007650077 -0.01793265 0.007142603 -0.007704198 -0.01775348 -0.00583595 -0.007461786 -0.01775348 0.00715512 -0.008723677 -0.01720487 0.007159948 -0.009002447 -0.01754808 0.007155418 -0.008625566 -0.01705997 0.007158458 -0.008998751 -0.01759481 0.007150948 -0.008378326 -0.01687675 0.00715512 -0.008404673 -0.01684254 0.007149398 -0.008139967 -0.01668166 0.007145941 -0.007975995 -0.01662259 0.007139921 -0.007484734 -0.01761477 -0.005838692 -0.007242262 -0.01761477 0.007137 -0.007242739 -0.01752209 -0.005841732 -0.007000148 -0.01752209 0.007140517 -0.00753206 -0.0164523 0.007133722 -0.006987214 -0.01747851 0.007134616 -0.007063806 -0.01637249 0.007142603 -0.007576048 -0.01643699 0.007135093 -0.006969571 -0.01634085 0.007130563 -0.006728172 -0.01748602 0.007128894 -0.006588995 -0.01638608 0.007147014 -0.006971359 -0.0162891 0.007154524 -0.007590711 -0.01638715 0.007127583 -0.006358385 -0.01639973 0.007123291 -0.006125867 -0.0164929 0.00712049 -0.005780816 -0.01660995 0.007139325 -0.006347239 -0.01634925 0.007132053 -0.00575757 -0.01656371 0.007162213 -0.006337404 -0.01630305 0.007170081 -0.006973147 -0.01624166 0.007154822 -0.005736649 -0.01652157 0.007125735 -0.005239546 -0.01691907 0.007114291 -0.005273461 -0.01695774 0.007109284 -0.004867911 -0.01742189 0.007148385 -0.00520879 -0.0168836 0.007120609 -0.004825413 -0.01739293 0.007105827 -0.004589796 -0.01797311 0.007117152 -0.004541397 -0.01795553 0.007143259 -0.004786968 -0.01736621 0.007139623 -0.004497647 -0.01793962 0.007175803 -0.004754662 -0.01734374 0.007181048 -0.0051831 -0.01685345 0.007172167 -0.004460871 -0.01792609 0.007216334 -0.004730463 -0.01732682 0.007221639 -0.005163908 -0.01683085 0.007267892 -0.005152285 -0.01681666 0.007274568 -0.005698502 -0.01644187 0.007228255 -0.005706191 -0.01645873 0.007282257 -0.006320178 -0.01621573 0.007235944 -0.006323397 -0.01623439 0.007187545 -0.005719244 -0.01648573 0.007290363 -0.006978154 -0.01615237 0.007243931 -0.006976664 -0.0161715 0.007195115 -0.006329298 -0.01626395 0.007203102 -0.006974995 -0.01620185 0.007251799 -0.007625043 -0.01627408 0.00721091 -0.007615864 -0.01630317 0.00717777 -0.007604241 -0.01634167 0.007218301 -0.008211493 -0.01656191 0.007259309 -0.008227586 -0.01653556 0.007184982 -0.008190691 -0.01659636 0.0072124 -0.008474768 -0.01675259 0.007243812 -0.008492112 -0.01673096 0.0072245 -0.00872451 -0.01696156 0.007265627 -0.008746623 -0.01694005 0.007279634 -0.008505225 -0.01671474 0.007270455 -0.009149432 -0.0174614 0.007317245 -0.009166479 -0.01745193 0.007312238 -0.00876075 -0.01692664 0.007273912 -0.009410738 -0.0180674 0.007320523 -0.009429693 -0.01806229 0.007229328 -0.009122729 -0.01747708 0.0071913 -0.00869584 -0.01698988 0.007196128 -0.00908786 -0.01749729 0.007232606 -0.009380997 -0.01807611 0.007167637 -0.008662223 -0.01702337 0.00716722 -0.008430182 -0.01680964 0.007186532 -0.008453845 -0.0167793 0.007172465 -0.009047031 -0.01752143 0.007175505 -0.009296655 -0.01810037 0.007199168 -0.009342253 -0.01808732 0.00720036 -0.009442865 -0.01872223 0.007233858 -0.009483218 -0.01872091 0.007233083 -0.009422898 -0.01937115 0.007274985 -0.009514153 -0.0187199 0.00727427 -0.009453117 -0.01937751 0.007199645 -0.009383499 -0.01936226 0.007230401 -0.009203852 -0.01998578 0.007271647 -0.009231507 -0.01999956 0.007197022 -0.00916785 -0.01996766 0.007266998 -0.00886327 -0.02054637 0.00722599 -0.008839845 -0.0205261 0.007176101 -0.009337186 -0.01935219 0.007173359 -0.009125471 -0.01994621 0.007192671 -0.008809387 -0.02049987 0.007161021 -0.009079277 -0.01992273 0.007169187 -0.008773684 -0.02046865 0.007163584 -0.009286582 -0.01934093 0.007164299 -0.009343683 -0.0187255 0.007176697 -0.00939548 -0.01872377 0.007162988 -0.009246945 -0.0181151 0.007159352 -0.009064137 -0.01989352 0.007156789 -0.008734762 -0.02043419 0.007156193 -0.008811652 -0.02029836 0.007145524 -0.007940649 -0.01961993 0.007152259 -0.008485555 -0.02064614 0.007143259 -0.00776273 -0.0198096 0.007147431 -0.008098363 -0.02092288 -0.005837798 -0.007309079 -0.01996063 0.007140696 -0.007551491 -0.01996063 0.007142007 -0.007664859 -0.02111852 0.007151186 -0.008274614 -0.02084361 0.007144272 -0.007727861 -0.02112471 0.007137835 -0.007315099 -0.02006733 0.007136285 -0.00720185 -0.02122533 0.007134616 -0.007062554 -0.02012531 0.007130563 -0.00672698 -0.02123898 0.00713706 -0.007128775 -0.02126025 0.00712949 -0.006515026 -0.02124171 0.007148981 -0.007133901 -0.02131186 0.007141292 -0.006507277 -0.02129297 0.00715667 -0.005886793 -0.02116088 0.007164359 -0.006500363 -0.0213397 0.007133901 -0.005905032 -0.02111762 0.007189512 -0.005871534 -0.02119778 0.00712949 -0.005361199 -0.0208019 0.007148206 -0.005338311 -0.02083205 0.007173657 -0.005318284 -0.02085875 0.007144451 -0.004884481 -0.02038006 0.007176995 -0.004853725 -0.0204048 0.007172763 -0.00452286 -0.01984303 0.007121801 -0.004921138 -0.0203511 0.007140398 -0.004558742 -0.01982718 0.007170677 -0.004341185 -0.01921605 0.007211208 -0.004312098 -0.019221 0.007213354 -0.004495978 -0.01985513 0.007217526 -0.004830658 -0.02042346 0.007257342 -0.004294455 -0.01922379 0.007259607 -0.004479587 -0.01986264 0.007263839 -0.004816651 -0.02043508 0.007307887 -0.004392862 -0.01965075 0.00731045 -0.004604697 -0.02012657 0.007239997 -0.005290389 -0.02089679 0.007314205 -0.004904866 -0.02055179 0.007204592 -0.005302131 -0.02088039 0.007278621 -0.005283415 -0.02090673 0.007276535 -0.005853891 -0.02124308 0.007230222 -0.005860507 -0.02122556 0.007237911 -0.006490886 -0.02140927 0.007324159 -0.005720496 -0.02118741 0.00733006 -0.006204724 -0.02137315 0.007284343 -0.0064888 -0.0214278 0.007197082 -0.00649482 -0.02137928 0.007205069 -0.007143199 -0.02139895 0.007246077 -0.007146835 -0.02142905 0.007172167 -0.007138729 -0.02135919 0.007179737 -0.007761955 -0.02121805 0.007156491 -0.007745504 -0.0211737 0.007212877 -0.007776141 -0.02125572 0.00718683 -0.008330763 -0.02092551 0.007163405 -0.00830388 -0.02088635 0.007253885 -0.007787108 -0.02128433 0.00721997 -0.008353769 -0.02095871 0.007260978 -0.008371531 -0.0209838 0.007300317 -0.00779438 -0.02130222 0.007307589 -0.008382977 -0.02099942 0.007354736 -0.008211493 -0.02111547 0.007360041 -0.008633971 -0.02081345 0.007313728 -0.00887829 -0.02055889 0.007318258 -0.00924921 -0.02000813 0.007364392 -0.008989752 -0.02043407 0.009424448 -0.009028196 -0.02043407 0.009427905 -0.009303629 -0.01999234 0.00736773 -0.009265124 -0.01999234 0.00943017 -0.009488165 -0.01950495 0.007369995 -0.00944966 -0.01950495 0.007371068 -0.009536147 -0.01899063 0.007321 -0.00947237 -0.01938175 0.007321715 -0.009533822 -0.01871936 0.007370889 -0.009521305 -0.01846927 0.009431065 -0.009559811 -0.01846927 0.009429633 -0.009444178 -0.01796078 0.007369518 -0.009405732 -0.01796078 0.009427011 -0.009232282 -0.01748478 0.007366836 -0.009193778 -0.01748478 0.009423375 -0.008932173 -0.01705949 0.0073632 -0.008893728 -0.01705949 0.009476006 -0.009206831 -0.01745193 0.007358551 -0.008516968 -0.01670121 0.009470999 -0.008801102 -0.01692664 0.009418667 -0.008555471 -0.01670121 0.009458839 -0.008553624 -0.01670454 0.009517312 -0.008788645 -0.01694005 0.009497404 -0.00854665 -0.01671474 0.009522259 -0.009191454 -0.0174614 0.009525477 -0.009452819 -0.0180674 0.009565949 -0.009424626 -0.01807611 0.00956273 -0.0091663 -0.01747708 0.009598374 -0.009387075 -0.01808732 0.009599685 -0.009487688 -0.01872223 0.009567141 -0.009526848 -0.01872091 0.00959897 -0.009428322 -0.01936226 0.009566485 -0.009466469 -0.01937115 0.00952667 -0.009556233 -0.0187199 0.009480476 -0.009574174 -0.01871936 0.009525954 -0.009495198 -0.01937751 0.009479165 -0.009469985 -0.01806229 0.009523212 -0.009273588 -0.01999956 0.009563744 -0.009247481 -0.01998578 0.009479701 -0.009512722 -0.01938175 0.009477019 -0.009289503 -0.02000813 0.009431183 -0.009574651 -0.01899063 0.009518682 -0.008905352 -0.02054637 0.009472429 -0.008918642 -0.02055889 0.009559334 -0.008883476 -0.0205261 0.009553313 -0.0083974 -0.02095871 0.009512662 -0.008413612 -0.0209838 0.009591877 -0.00885421 -0.02049987 0.009585976 -0.008375586 -0.02092551 0.009608685 -0.008349537 -0.02088635 0.009601891 -0.007791221 -0.0211737 0.009579002 -0.007806718 -0.02121805 0.009613573 -0.007773995 -0.02112471 0.009606182 -0.007174909 -0.02126025 0.00959438 -0.007179558 -0.02131186 0.009571373 -0.007183611 -0.02135919 0.009586691 -0.006552875 -0.02129297 0.009598673 -0.00656116 -0.02124171 0.0095914 -0.005971312 -0.02106994 0.009597063 -0.00630486 -0.02115916 0.009602725 -0.006773233 -0.02123898 0.009608566 -0.007248044 -0.02122533 0.009591579 -0.00586313 -0.02020864 0.009613096 -0.007609248 -0.02044743 0.009614288 -0.007710993 -0.02111852 0.009619593 -0.008144497 -0.02092288 0.009624361 -0.00853175 -0.02064614 0.009620249 -0.008320748 -0.02084361 0.009625911 -0.008780896 -0.02043419 0.009614527 -0.008819341 -0.02046865 0.009618818 -0.009171187 -0.01994621 0.009596289 -0.009212672 -0.01996766 0.009630143 -0.009125411 -0.01992273 0.009621441 -0.009382843 -0.01935219 0.009632706 -0.009332776 -0.01934093 0.009633541 -0.009279429 -0.01944654 0.009631514 -0.009110331 -0.01989352 0.009628355 -0.008857846 -0.02029836 0.009626269 -0.008687734 -0.01904432 0.007964968 -0.007578492 -0.02044743 0.009634494 -0.009358763 -0.01897525 0.009634315 -0.009345173 -0.0184971 0.009633064 -0.009239196 -0.01803099 0.009618103 -0.008020043 -0.01740282 0.0079782 -0.008656978 -0.01904432 0.007935285 -0.005164623 -0.01856701 0.007970035 -0.007989287 -0.01740282 0.007948517 -0.006243169 -0.01716404 0.009596645 -0.006273925 -0.01716404 0.009583413 -0.005195379 -0.01856701 0.007943511 -0.005832374 -0.02020864 0.009576082 -0.004603803 -0.01816481 0.009578169 -0.004772901 -0.01771801 0.009575188 -0.004524469 -0.01863627 0.009575247 -0.004538059 -0.01911424 0.009576618 -0.004644036 -0.01958036 0.009581267 -0.005025327 -0.017313 0.00958532 -0.005351424 -0.01696514 0.009583413 -0.005319595 -0.01695774 0.009578466 -0.004914045 -0.01742189 0.009575068 -0.00463587 -0.01797311 0.009562492 -0.004587173 -0.01795553 0.00956601 -0.00487107 -0.01739293 0.009560823 -0.004451096 -0.01857166 0.009537161 -0.00440371 -0.01856726 0.009538948 -0.00454241 -0.01793962 0.009561121 -0.004471421 -0.01920234 0.009537398 -0.004424512 -0.01920985 0.0095734 -0.004502654 -0.0185765 0.009573578 -0.004522562 -0.01919429 0.009563267 -0.004647076 -0.01980834 0.009575724 -0.00469464 -0.01978748 0.009567141 -0.004966855 -0.0203511 0.009543657 -0.004929304 -0.02038006 0.009539663 -0.004603505 -0.01982718 0.009506225 -0.00456649 -0.01984303 0.009510338 -0.004897296 -0.0204048 0.00952512 -0.005362272 -0.02085875 0.009469212 -0.004872739 -0.02042346 0.009493708 -0.005344927 -0.02088039 0.0094226 -0.004856944 -0.02043508 0.009465098 -0.00453794 -0.01985513 0.009457945 -0.005331814 -0.02089679 0.009504079 -0.004384756 -0.01921605 0.009462773 -0.004354238 -0.019221 0.009418368 -0.00451982 -0.01986264 0.009416103 -0.004334688 -0.01922379 0.009462475 -0.00433284 -0.01856076 0.009503722 -0.004363656 -0.01856338 0.009415864 -0.00431323 -0.01855878 0.009464323 -0.004475295 -0.01791583 0.00950551 -0.004504442 -0.01792609 0.009509146 -0.004798293 -0.01734374 0.009542465 -0.004831731 -0.01736621 0.009571075 -0.005285203 -0.01691907 0.00954765 -0.005253553 -0.0168836 0.009577512 -0.005803287 -0.01656371 0.009589612 -0.00582695 -0.01660995 0.009596766 -0.006404519 -0.01639973 0.009584665 -0.006392896 -0.01634925 0.009554089 -0.005781531 -0.01652157 0.00956148 -0.006382167 -0.01630305 0.009520947 -0.005762815 -0.01648573 0.009514391 -0.005226731 -0.01685345 0.009473265 -0.005205929 -0.01683085 0.009467959 -0.004772484 -0.01732682 0.009421288 -0.004756093 -0.01731627 0.009417653 -0.004456639 -0.01790946 0.00936973 -0.004571855 -0.01761913 0.009367465 -0.004387319 -0.01810639 0.009366393 -0.004300892 -0.01862066 0.007306218 -0.004262328 -0.01862066 0.00730735 -0.004348874 -0.01810639 0.007309556 -0.00453341 -0.01761913 0.007258892 -0.004416346 -0.01790946 0.007262468 -0.004715681 -0.01731627 0.007313013 -0.004808843 -0.01717728 0.007317364 -0.005164623 -0.01679782 0.009373188 -0.004847288 -0.01717728 0.00732249 -0.005587041 -0.01649594 0.009377479 -0.005203068 -0.01679782 0.009382666 -0.005625486 -0.01649594 0.009426653 -0.005192637 -0.01681666 0.009433388 -0.005738914 -0.01644187 0.009479939 -0.005748212 -0.01645873 0.009487509 -0.006365478 -0.01623439 0.009388506 -0.00609833 -0.01628242 0.009440958 -0.006360471 -0.01621573 0.009536385 -0.007018566 -0.01620185 0.009495496 -0.007018685 -0.0161715 0.009528458 -0.006372869 -0.01626395 0.009449064 -0.007018387 -0.01615237 0.009544312 -0.007659435 -0.01630317 0.009503544 -0.007667005 -0.01627408 0.00945717 -0.007671356 -0.01625584 0.009510935 -0.008269667 -0.01653556 0.009551644 -0.008255064 -0.01656191 0.009532868 -0.008534848 -0.01673096 0.009563864 -0.008518695 -0.01675259 0.009584248 -0.008235514 -0.01659636 0.009590446 -0.008740663 -0.01698988 0.009557843 -0.008768141 -0.01696156 0.009589195 -0.008498728 -0.0167793 0.009595274 -0.009132742 -0.01749729 0.009620904 -0.009342373 -0.01810037 0.009617865 -0.009092749 -0.01752143 0.009613156 -0.00870788 -0.01702337 0.009632229 -0.009293079 -0.0181151 0.009629249 -0.009048581 -0.01754808 0.00962454 -0.0086717 -0.01705997 0.009619414 -0.008450746 -0.01684254 0.00960797 -0.00847578 -0.01680964 0.009607076 -0.008212089 -0.01663713 0.009577095 -0.007649004 -0.01634167 0.009599983 -0.007636368 -0.01638715 0.009618639 -0.008186101 -0.01668166 0.009618103 -0.008022189 -0.01662259 0.00962305 -0.00842446 -0.01687675 0.009611725 -0.007622182 -0.01643699 0.009592413 -0.007017076 -0.0162891 0.009606897 -0.00710994 -0.01637249 0.009604275 -0.007015705 -0.01634085 0.009612619 -0.007578313 -0.0164523 0.009569346 -0.007018089 -0.01624166 0.009601056 -0.006635189 -0.01638608 0.009595394 -0.00617218 -0.0164929 0.00959009 -0.005738735 -0.01668839 0.009627282 -0.00876981 -0.01720487 0.00963062 -0.009044945 -0.01759481 0.009633481 -0.009389817 -0.0187255 0.009622156 -0.009441137 -0.01872377 0.009464561 -0.008278369 -0.01651942 0.009413301 -0.008116543 -0.01642393 0.007353127 -0.008078038 -0.01642393 0.009407281 -0.007632315 -0.01623833 0.009401142 -0.007121384 -0.01615112 0.007347226 -0.00759387 -0.01623833 0.007341027 -0.007082939 -0.01615112 0.009394705 -0.006603479 -0.01616608 0.00733453 -0.006564915 -0.01616608 0.007328391 -0.006059885 -0.01628242 0.00729835 -0.007631123 -0.01625584 0.00730592 -0.008238017 -0.01651942 0.007318258 -0.00851363 -0.01670454 0.007212758 -0.004433155 -0.01791583 0.00721091 -0.004290819 -0.01856076 0.007257044 -0.004272878 -0.01855878 0.007306337 -0.004277229 -0.01914208 0.009366571 -0.004315674 -0.01914208 0.009368002 -0.004431307 -0.01965075 0.009370625 -0.004643261 -0.02012657 0.00937432 -0.004943311 -0.02055179 0.007318854 -0.005281448 -0.02091014 0.009378969 -0.005320072 -0.02091014 0.009419202 -0.00532341 -0.02090673 0.009384335 -0.005758941 -0.02118741 0.009435296 -0.005894184 -0.02124308 0.009390234 -0.006243169 -0.02137315 0.009396553 -0.0067541 -0.02146022 0.009443104 -0.006529152 -0.0214278 0.00940293 -0.007272005 -0.02144526 0.00945121 -0.00718981 -0.02144812 0.007336378 -0.006715536 -0.02146022 0.007292509 -0.007149398 -0.02144812 0.007342815 -0.00723356 -0.02144526 0.007349014 -0.00773859 -0.02132891 0.009409129 -0.007777154 -0.02132891 0.009459137 -0.007834732 -0.02130222 0.00941497 -0.008249998 -0.02111547 0.009497642 -0.007188916 -0.02142905 0.009466351 -0.008423328 -0.02099942 0.00950551 -0.007829189 -0.02128433 0.009489595 -0.006532967 -0.02140927 0.009538412 -0.00718683 -0.02139895 0.009530484 -0.006538391 -0.02137928 0.009481848 -0.005902469 -0.02122556 0.009522856 -0.005915284 -0.02119778 0.009555996 -0.005931556 -0.02116088 0.0095703 -0.005406856 -0.0208019 0.0095793 -0.005950689 -0.02111762 0.009563505 -0.006545186 -0.0213397 0.009550929 -0.005383193 -0.02083205 0.009582281 -0.005432367 -0.02076881 0.009579598 -0.005007803 -0.02031934 0.0095824 -0.005113363 -0.02040647 0.009591579 -0.005860984 -0.02098887 0.009586632 -0.005458593 -0.02073478 0.009579062 -0.004838228 -0.02001648 0.009546221 -0.007819712 -0.02125572 0.009420156 -0.008672417 -0.02081345 0.007170379 -0.004320085 -0.01856338 0.007138252 -0.004379749 -0.01920985 0.007137954 -0.004358947 -0.01856726 0.007115483 -0.004405379 -0.01857166 0.007115781 -0.004425764 -0.01920234 0.007117867 -0.004601359 -0.01980834 0.007106602 -0.004648447 -0.01978748 0.007104516 -0.004476428 -0.01919429 0.007104218 -0.00445652 -0.0185765 0.007103145 -0.004491806 -0.01911424 0.007104456 -0.004597783 -0.01958036 0.007102966 -0.004478216 -0.01863627 0.007116556 -0.005584359 -0.018974 0.007116556 -0.005576968 -0.01871328 0.00710386 -0.004557609 -0.01816481 0.007117033 -0.005620241 -0.01845603 0.007118165 -0.005712509 -0.01821243 0.007106006 -0.004726648 -0.01771801 0.007109165 -0.004979193 -0.017313 0.007119894 -0.005850136 -0.01799154 0.007113099 -0.00530529 -0.01696514 0.007117927 -0.005692422 -0.01668839 0.007122099 -0.006028056 -0.01780175 0.007124543 -0.006239295 -0.01765084 -0.005853891 -0.005996823 -0.01765084 0.007127583 -0.006475687 -0.01754402 -0.00584799 -0.00648576 -0.01748602 -0.00585103 -0.006233215 -0.01754402 -0.006056249 -0.006299376 -0.01775443 -0.006053507 -0.006509721 -0.01770597 -0.006058633 -0.006102204 -0.01784336 -0.006065011 -0.005586445 -0.01851444 -0.006065428 -0.005550384 -0.01872873 -0.006064057 -0.005663335 -0.01831131 -0.00586158 -0.005377769 -0.01845603 -0.005860388 -0.005469918 -0.01821243 -0.005862176 -0.005334496 -0.01871328 -0.005862057 -0.005341947 -0.018974 -0.005861282 -0.005399644 -0.01922809 -0.006065428 -0.005556583 -0.01894598 0.007117331 -0.005642116 -0.01922809 0.007118523 -0.005748093 -0.01946615 0.0071069 -0.004792094 -0.02001648 0.007110238 -0.005067229 -0.02040647 0.00712049 -0.005898118 -0.01967871 -0.00586003 -0.005505681 -0.01946615 -0.005858242 -0.005655646 -0.01967871 -0.006063759 -0.005693078 -0.01935612 -0.006064713 -0.005604684 -0.01915782 -0.005855858 -0.005844116 -0.01985793 -0.006060183 -0.005975008 -0.01968258 -0.00606215 -0.005818009 -0.01953333 -0.006045818 -0.007140219 -0.01781344 -0.006043732 -0.007323086 -0.01792876 -0.006041765 -0.007480025 -0.01807796 -0.006057918 -0.006157875 -0.01979791 -0.005850136 -0.006305575 -0.02008944 -0.005853176 -0.00606358 -0.01999658 0.007128417 -0.006548166 -0.02008944 0.007125437 -0.006306052 -0.01999658 0.007122755 -0.006086528 -0.01985793 0.00711447 -0.005412459 -0.02073478 0.007118046 -0.005386233 -0.02076881 0.007119417 -0.00581485 -0.02098887 0.007124841 -0.006258726 -0.02115916 0.007122278 -0.005925178 -0.02106994 0.007131457 -0.006803572 -0.02013276 -0.005847096 -0.0065611 -0.02013276 -0.005843937 -0.006820023 -0.02012531 -0.005840778 -0.007072508 -0.02006733 -0.006047666 -0.006998777 -0.01985686 0.007110476 -0.004961669 -0.02031934 -0.006048381 -0.006938517 -0.01773601 -0.005844831 -0.006744742 -0.01747851 -0.006050944 -0.006725609 -0.01769952 -0.005858719 -0.005607724 -0.01799154 -0.006062567 -0.005778074 -0.01812725 -0.006060779 -0.005926311 -0.01796906 -0.005856633 -0.005785584 -0.01780175 0.007161617 -0.008166372 -0.01663713 -0.006043136 0.006129682 -0.01964229 -0.006041169 0.005981445 -0.01948427 -0.006039917 0.005866706 -0.01930016 -0.005833089 0.005803406 -0.01961993 -0.005835235 0.005981326 -0.0198096 -0.006045222 0.006305575 -0.01976798 -0.005840778 0.006428897 -0.02006733 -0.005837798 0.006192505 -0.01996063 -0.006047666 0.006502628 -0.01985686 -0.006038904 0.005789816 -0.0190969 -0.006050229 0.006713092 -0.01990556 -0.006038427 0.005753815 -0.01888268 -0.005830228 0.005573451 -0.01915538 -0.005829751 0.005530238 -0.01889799 -0.005829811 0.005537629 -0.01863729 -0.006038427 0.005760014 -0.01866554 -0.006052792 0.00692898 -0.01991175 -0.006039083 0.005808115 -0.01845365 -0.005830526 0.005595386 -0.01838325 -0.005831778 0.005701363 -0.01814526 0.007146716 0.005458891 -0.01814526 0.007148087 0.005352914 -0.01838325 0.007160902 0.004308581 -0.01803099 0.007158458 0.004502773 -0.01759481 0.007148802 0.005295157 -0.01863729 0.007162213 0.004202604 -0.0184971 0.007148802 0.005287647 -0.01889799 0.007148385 0.00533092 -0.01915538 0.007162392 0.004189014 -0.01897525 0.007161438 0.004268348 -0.01944654 0.007163584 0.004215002 -0.01934093 0.007164299 0.004157841 -0.0187255 0.007176101 0.004164338 -0.01935219 0.007176697 0.004106104 -0.01872377 0.007162988 0.004254639 -0.0181151 0.007199645 0.004118025 -0.01936226 0.007175505 0.004204869 -0.01810037 0.00720036 0.004058659 -0.01872223 0.007199168 0.004159331 -0.01808732 0.007159948 0.004499137 -0.01754808 0.007172465 0.004454553 -0.01752143 0.007155418 0.004875898 -0.01705997 0.00715512 0.004777908 -0.01720487 0.00715512 0.005096912 -0.01684254 0.007150948 0.005123317 -0.01687675 0.007167637 0.00483942 -0.01702337 0.00716722 0.005071282 -0.01680964 0.0071913 0.004805684 -0.01698988 0.007196128 0.004413664 -0.01749729 0.007229328 0.004378855 -0.01747708 0.007232606 0.004120588 -0.01807611 0.007273912 0.004090726 -0.0180674 0.007274985 0.003987431 -0.0187199 0.007233858 0.004018366 -0.01872091 0.007321715 0.003967702 -0.01871936 0.00727427 0.004048407 -0.01937751 0.007321 0.004029214 -0.01938175 0.007271647 0.004270017 -0.01999956 0.007233083 0.004078686 -0.01937115 0.007318258 0.004252374 -0.02000813 0.007313728 0.004623234 -0.02055889 0.007266998 0.004638314 -0.02054637 0.007230401 0.004297733 -0.01998578 0.007307589 0.005118608 -0.02099942 0.007360041 0.004867613 -0.02081345 0.007364392 0.004511833 -0.02043407 0.009424448 0.004473388 -0.02043407 0.009427905 0.004197955 -0.01999234 0.00736773 0.0042364 -0.01999234 0.00943017 0.004013419 -0.01950495 0.007369995 0.004051864 -0.01950495 0.007371068 0.003965437 -0.01899063 0.007370889 0.003980219 -0.01846927 0.009431065 0.003941774 -0.01846927 0.009431183 0.003926873 -0.01899063 0.009480476 0.00392735 -0.01871936 0.009479701 0.003988862 -0.01938175 0.009525954 0.004006326 -0.01937751 0.00952667 0.00394541 -0.0187199 0.009479165 0.004031598 -0.01806229 0.009476006 0.004294753 -0.01745193 0.009429633 0.004057407 -0.01796078 0.009525477 0.004048824 -0.0180674 0.009427011 0.004269242 -0.01748478 0.007369518 0.004095852 -0.01796078 0.007366836 0.004307806 -0.01748478 0.007320523 0.004071891 -0.01806229 0.007317245 0.004335105 -0.01745193 0.007270455 0.004352152 -0.0174614 0.007312238 0.004740834 -0.01692664 0.007265627 0.00475502 -0.01694005 0.0073632 0.004607856 -0.01705949 0.0072245 0.004777014 -0.01696156 0.0072124 0.005026817 -0.01675259 0.007243812 0.005009472 -0.01673096 0.007218301 0.005290091 -0.01656191 0.007184982 0.005310893 -0.01659636 0.007186532 0.005047738 -0.0167793 0.00717777 0.005897343 -0.01634167 0.007161617 0.005335152 -0.01663713 0.007154524 0.005910873 -0.01638715 0.007147014 0.006530225 -0.0162891 0.00721091 0.00588572 -0.01630317 0.007170081 0.006528258 -0.01624166 0.007135093 0.006532013 -0.01634085 0.007127583 0.007143199 -0.01639973 0.007139325 0.007154226 -0.01634925 0.007128894 0.006912589 -0.01638608 0.007123291 0.007375538 -0.0164929 0.00712049 0.007720649 -0.01660995 0.007132053 0.007743895 -0.01656371 0.007117927 0.007808983 -0.01668839 0.007114291 0.008228182 -0.01695774 0.007162213 0.00716418 -0.01630305 0.007154822 0.007764816 -0.01652157 0.007125735 0.008262097 -0.01691907 0.007109284 0.008633673 -0.01742189 0.007148385 0.008292794 -0.0168836 0.007120609 0.008676111 -0.01739293 0.007105827 0.008911789 -0.01797311 0.007117152 0.008960127 -0.01795553 0.007143259 0.008714617 -0.01736621 0.007104218 0.009045065 -0.0185765 0.007139623 0.009003937 -0.01793962 0.007115483 0.009096205 -0.01857166 0.007104516 0.009025096 -0.01919429 0.007103145 0.009009718 -0.01911424 0.007102966 0.009023308 -0.01863627 0.00710386 0.008944034 -0.01816481 0.007115781 0.00907576 -0.01920234 0.007104456 0.008903741 -0.01958036 0.007106602 0.008853077 -0.01978748 0.007117331 0.007859408 -0.01922809 0.0071069 0.00870949 -0.02001648 0.007116556 0.007917165 -0.018974 0.007116556 0.007924616 -0.01871328 -0.005862176 0.008167088 -0.01871328 -0.005862057 0.008159637 -0.018974 -0.005861282 0.00810188 -0.01922809 -0.006065428 0.007945001 -0.01894598 -0.006065428 0.0079512 -0.01872873 -0.006053507 0.006991744 -0.01770597 -0.006056249 0.007202208 -0.01775443 -0.006065011 0.007915139 -0.01851444 -0.00586158 0.008123816 -0.01845603 -0.00584799 0.007015705 -0.01748602 -0.00585103 0.007268369 -0.01754402 -0.006050944 0.006775975 -0.01769952 -0.005844831 0.006756663 -0.01747851 -0.006048381 0.006563067 -0.01773601 -0.006064713 0.00789684 -0.01915782 -0.006063759 0.007808566 -0.01935612 -0.00586003 0.007995903 -0.01946615 -0.00606215 0.007683396 -0.01953333 -0.006045818 0.006361365 -0.01781344 -0.005858242 0.007845878 -0.01967871 0.00712049 0.007603347 -0.01967871 -0.005855858 0.007657468 -0.01985793 -0.006060183 0.007526457 -0.01968258 0.007122755 0.007414937 -0.01985793 0.00711447 0.008089065 -0.02073478 0.007118523 0.007753372 -0.01946615 0.007110238 0.008434414 -0.02040647 0.007118046 0.008115291 -0.02076881 0.007119417 0.007686734 -0.02098887 0.007125437 0.007195532 -0.01999658 0.007128417 0.006953418 -0.02008944 -0.005853176 0.007438004 -0.01999658 -0.005850136 0.00719583 -0.02008944 -0.006057918 0.00734359 -0.01979791 -0.006055474 0.007141888 -0.01987551 -0.006040215 0.005896449 -0.01825535 -0.006041765 0.00602144 -0.01807796 -0.005833685 0.005851328 -0.01793265 -0.006043732 0.006178379 -0.01792876 0.007144868 0.005608916 -0.01793265 -0.00583595 0.006039798 -0.01775348 0.007142603 0.005797207 -0.01775348 -0.005838692 0.006259143 -0.01761477 -0.005841732 0.006501317 -0.01752209 0.007137 0.006258845 -0.01752209 0.007139921 0.006016731 -0.01761477 0.007145941 0.005525529 -0.01662259 0.007149398 0.005361557 -0.01668166 0.007142603 0.005925357 -0.01643699 0.007140517 0.005969405 -0.0164523 0.007134616 0.006437778 -0.01637249 0.007133722 0.006514251 -0.01747851 0.007130563 0.006773293 -0.01748602 0.007127583 0.007025778 -0.01754402 0.007124543 0.00726217 -0.01765084 -0.005853891 0.007504761 -0.01765084 0.007122099 0.007473528 -0.01780175 0.007113099 0.008196295 -0.01696514 0.007119894 0.007651329 -0.01799154 -0.005856633 0.007716 -0.01780175 -0.006060779 0.007575154 -0.01796906 -0.006058633 0.007399201 -0.01784336 -0.005858719 0.00789386 -0.01799154 0.007118165 0.007789075 -0.01821243 -0.005860388 0.008031606 -0.01821243 -0.006062567 0.00772351 -0.01812725 -0.006064057 0.007838249 -0.01831131 0.007117033 0.007881343 -0.01845603 0.007106006 0.008774876 -0.01771801 0.007109165 0.008522391 -0.017313 -0.005847096 0.006940484 -0.02013276 0.007131457 0.006698012 -0.02013276 0.007134616 0.00643903 -0.02012531 -0.005843937 0.006681442 -0.02012531 0.007137835 0.006186485 -0.02006733 0.007136285 0.006299734 -0.02122533 0.007130563 0.006774485 -0.02123898 0.00712949 0.006986558 -0.02124171 0.00713706 0.006372809 -0.02126025 0.007124841 0.007242858 -0.02115916 0.007122278 0.007576406 -0.02106994 0.007133901 0.007596552 -0.02111762 0.00715667 0.007614791 -0.02116088 0.007141292 0.006994307 -0.02129297 0.00712949 0.008140325 -0.0208019 0.007144451 0.008617104 -0.02038006 0.007148206 0.008163273 -0.02083205 0.007121801 0.008580446 -0.0203511 0.007140398 0.008942902 -0.01982718 0.007117867 0.008900165 -0.01980834 0.007110476 0.008539974 -0.02031934 0.007138252 0.009121775 -0.01920985 0.007137954 0.009142577 -0.01856726 0.007170379 0.009181499 -0.01856338 0.007170677 0.009160399 -0.01921605 0.00721091 0.009210824 -0.01856076 0.007212758 0.009068369 -0.01791583 0.007172167 0.009040772 -0.01792609 0.007175803 0.008746922 -0.01734374 0.007216334 0.008771121 -0.01732682 0.007221639 0.008337676 -0.01683085 0.007181048 0.008318483 -0.01685345 0.007228255 0.007795274 -0.01645873 0.007187545 0.00778234 -0.01648573 0.007195115 0.007172167 -0.01626395 0.007235944 0.007178068 -0.01623439 0.007282257 0.007181406 -0.01621573 0.007290363 0.00652343 -0.01615237 0.007243931 0.006524801 -0.0161715 0.007251799 0.005876541 -0.01627408 0.00729835 0.005870461 -0.01625584 0.007203102 0.00652647 -0.01620185 0.00730592 0.005263507 -0.01651942 0.007259309 0.005273938 -0.01653556 0.007353127 0.005423486 -0.01642393 0.007358551 0.004984617 -0.01670121 0.007318258 0.004987955 -0.01670454 0.007279634 0.004996359 -0.01671474 0.009423375 0.004569411 -0.01705949 0.009418667 0.004946172 -0.01670121 0.009470999 0.004700422 -0.01692664 0.009458839 0.00494796 -0.01670454 0.009464561 0.005223155 -0.01651942 0.009413301 0.005385041 -0.01642393 0.009497404 0.004954934 -0.01671474 0.009510935 0.005231857 -0.01653556 0.00945717 0.005830109 -0.01625584 0.009407281 0.005869269 -0.01623833 0.009449064 0.006483078 -0.01615237 0.009401142 0.006380081 -0.01615112 0.009503544 0.00583446 -0.01627408 0.007347226 0.005907714 -0.01623833 0.007341027 0.006418645 -0.01615112 0.009394705 0.006898105 -0.01616608 0.00733453 0.00693655 -0.01616608 0.009388506 0.007403135 -0.01628242 0.007328391 0.00744158 -0.01628242 0.00732249 0.007914543 -0.01649594 0.009382666 0.007876098 -0.01649594 0.009433388 0.00776273 -0.01644187 0.009440958 0.007140994 -0.01621573 0.009495496 0.00648272 -0.0161715 0.009487509 0.007135987 -0.01623439 0.009536385 0.006482899 -0.01620185 0.009528458 0.007128596 -0.01626395 0.009479939 0.007753193 -0.01645873 0.009520947 0.007738769 -0.01648573 0.009473265 0.008295595 -0.01683085 0.009426653 0.008308947 -0.01681666 0.009421288 0.008745491 -0.01731627 0.009373188 0.008654297 -0.01717728 0.009377479 0.008298516 -0.01679782 0.007317364 0.008336962 -0.01679782 0.007313013 0.008692741 -0.01717728 0.007267892 0.008349299 -0.01681666 0.007309556 0.008968174 -0.01761913 0.007262468 0.008785843 -0.01731627 0.00936973 0.008929669 -0.01761913 0.009417653 0.009044885 -0.01790946 0.009367465 0.009114205 -0.01810639 0.009366393 0.009200692 -0.01862066 0.007306218 0.009239196 -0.01862066 0.00730735 0.00915271 -0.01810639 0.009415864 0.009188354 -0.01855878 0.007258892 0.009085238 -0.01790946 0.007257044 0.009228706 -0.01855878 0.007211208 0.009189426 -0.019221 0.007257342 0.00920719 -0.01922379 0.007306337 0.009224356 -0.01914208 0.009366571 0.00918585 -0.01914208 0.009368002 0.009070277 -0.01965075 0.007307887 0.009108781 -0.01965075 0.007259607 0.009022057 -0.01986264 0.00731045 0.008896827 -0.02012657 0.009370625 0.008858382 -0.02012657 0.007314205 0.008596718 -0.02055179 0.00937432 0.008558273 -0.02055179 0.007263839 0.008684933 -0.02043508 0.007318854 0.008220016 -0.02091014 0.009378969 0.008181513 -0.02091014 0.009419202 0.008178174 -0.02090673 0.0094226 0.00864458 -0.02043508 0.009469212 0.008628845 -0.02042346 0.009465098 0.008963584 -0.01985513 0.009457945 0.00816977 -0.02089679 0.009418368 0.008981704 -0.01986264 0.009435296 0.007607281 -0.02124308 0.009384335 0.007742524 -0.02118741 0.009493708 0.008156657 -0.02088039 0.009481848 0.007598996 -0.02122556 0.009443104 0.006972432 -0.0214278 0.009390234 0.007258415 -0.02137315 0.007324159 0.007781088 -0.02118741 0.00733006 0.00729686 -0.02137315 0.009396553 0.006747484 -0.02146022 0.00940293 0.00622946 -0.02144526 0.00945121 0.006311774 -0.02144812 0.007336378 0.006785929 -0.02146022 0.007284343 0.007012784 -0.0214278 0.007292509 0.006352007 -0.02144812 0.007342815 0.006268024 -0.02144526 0.007246077 0.006354749 -0.02142905 0.007237911 0.007010698 -0.02140927 0.007276535 0.007647693 -0.02124308 0.007230222 0.007641077 -0.02122556 0.007239997 0.008211195 -0.02089679 0.007278621 0.008218169 -0.02090673 0.007204592 0.008199453 -0.02088039 0.007217526 0.008670926 -0.02042346 0.007189512 0.007629871 -0.02119778 0.007176995 0.00864786 -0.0204048 0.007173657 0.00818324 -0.02085875 0.007197082 0.007006764 -0.02137928 0.007164359 0.007001221 -0.0213397 0.007205069 0.006358385 -0.02139895 0.007172167 0.006362736 -0.02135919 0.007179737 0.00573951 -0.02121805 0.007148981 0.006367683 -0.02131186 0.007156491 0.00575602 -0.0211737 0.007144272 0.005773723 -0.02112471 0.007147431 0.00540328 -0.02092288 0.007142007 0.005836725 -0.02111852 0.007151186 0.00522691 -0.02084361 0.007140696 0.005949974 -0.01996063 0.007143259 0.005738735 -0.0198096 0.007145524 0.005560815 -0.01961993 0.007152259 0.005015969 -0.02064614 0.007156193 0.004689872 -0.02029836 0.007156789 0.004766881 -0.02043419 0.007161021 0.004422307 -0.01992273 0.007159352 0.004437327 -0.01989352 0.007147133 0.005423188 -0.0193991 -0.005831301 0.005665719 -0.0193991 0.007169187 0.0047279 -0.02046865 0.007173359 0.004376113 -0.01994621 0.007192671 0.004692137 -0.02049987 0.007197022 0.004333734 -0.01996766 0.00722599 0.004661679 -0.0205261 0.007260978 0.005129933 -0.0209838 0.00721997 0.005147755 -0.02095871 0.007253885 0.005714476 -0.02128433 0.007212877 0.005725443 -0.02125572 0.00718683 0.005170822 -0.02092551 0.007163405 0.005197644 -0.02088635 0.007300317 0.005707204 -0.02130222 0.007349014 0.005762875 -0.02132891 0.007354736 0.005290091 -0.02111547 0.009420156 0.004829168 -0.02081345 0.00941497 0.005251586 -0.02111547 0.009409129 0.00572443 -0.02132891 0.009459137 0.005666792 -0.02130222 0.009466351 0.005078256 -0.02099942 0.00950551 0.005672395 -0.02128433 0.009512662 0.005088031 -0.0209838 0.009472429 0.004582941 -0.02055889 0.009477019 0.004212081 -0.02000813 0.009518682 0.004596233 -0.02054637 0.009559334 0.004618108 -0.0205261 0.009553313 0.005104184 -0.02095871 0.009523212 0.004227936 -0.01999956 0.009563744 0.004254043 -0.01998578 0.009596289 0.004288971 -0.01996766 0.009591877 0.004647374 -0.02049987 0.009566485 0.004035115 -0.01937115 0.009618818 0.004330456 -0.01994621 0.009614527 0.004682183 -0.02046865 0.00959897 0.004073262 -0.01936226 0.009621441 0.00411874 -0.01935219 0.009599685 0.004013836 -0.01872223 0.009567141 0.003974795 -0.01872091 0.009632706 0.004168868 -0.01934093 0.009630143 0.004376173 -0.01992273 0.009622156 0.004060447 -0.01872377 0.009633541 0.004222095 -0.01944654 0.009633481 0.004111707 -0.0187255 0.009634494 0.004142761 -0.01897525 0.009634315 0.004156351 -0.0184971 0.009632229 0.004208505 -0.0181151 0.009620904 0.004159212 -0.01810037 0.009626269 0.00481379 -0.01904432 0.009633064 0.004262328 -0.01803099 0.009629249 0.004453003 -0.01754808 0.009618103 0.005481541 -0.01740282 0.00963062 0.004456639 -0.01759481 0.009627282 0.004731774 -0.01720487 0.009617865 0.004408836 -0.01752143 0.00962454 0.004829764 -0.01705997 0.009613156 0.004793703 -0.01702337 0.00962305 0.005077064 -0.01687675 0.009619414 0.005050778 -0.01684254 0.009618103 0.005479395 -0.01662259 0.009618639 0.005315423 -0.01668166 0.009612619 0.005923271 -0.0164523 0.009611725 0.005879223 -0.01643699 0.009599983 0.005865216 -0.01638715 0.009592413 0.006484508 -0.0162891 0.009606897 0.006391525 -0.01637249 0.009604275 0.006485879 -0.01634085 0.009584665 0.007108569 -0.01634925 0.00956148 0.007119238 -0.01630305 0.009569346 0.006483495 -0.01624166 0.009577095 0.00585258 -0.01634167 0.009544312 0.005842149 -0.01630317 0.009584248 0.00526607 -0.01659636 0.009607076 0.005289435 -0.01663713 0.009551644 0.00524652 -0.01656191 0.009563864 0.004982829 -0.01675259 0.009589195 0.005002856 -0.0167793 0.00960797 0.005025804 -0.01680964 0.009590446 0.004760921 -0.01698988 0.009595274 0.004368782 -0.01749729 0.009557843 0.004733443 -0.01696156 0.00956273 0.004335284 -0.01747708 0.009517312 0.004712939 -0.01694005 0.009532868 0.004966676 -0.01673096 0.009598374 0.004114449 -0.01808732 0.009565949 0.004076898 -0.01807611 0.009522259 0.004310131 -0.0174614 0.009554089 0.007720053 -0.01652157 0.009577512 0.007698178 -0.01656371 0.009514391 0.008274912 -0.01685345 0.00954765 0.008247971 -0.0168836 0.009589612 0.007674515 -0.01660995 0.009596766 0.007097125 -0.01639973 0.009571075 0.008216381 -0.01691907 0.009583413 0.008182048 -0.01695774 0.00956601 0.008630454 -0.01739293 0.009542465 0.008669793 -0.01736621 0.009509146 0.008703291 -0.01734374 0.00950551 0.008997143 -0.01792609 0.009538948 0.008959114 -0.01793962 0.009537161 0.009097754 -0.01856726 0.009503722 0.009137928 -0.01856338 0.009562492 0.008914412 -0.01795553 0.009504079 0.009116829 -0.01921605 0.009462773 0.009147346 -0.019221 0.009462475 0.009168744 -0.01856076 0.009416103 0.009166836 -0.01922379 0.009464323 0.009026288 -0.01791583 0.009467959 0.00872904 -0.01732682 0.009506225 0.008935093 -0.01984303 0.009537398 0.009076952 -0.01920985 0.009560823 0.009050488 -0.01857166 0.009561121 0.009030103 -0.01920234 0.009539663 0.008898079 -0.01982718 0.009510338 0.008604288 -0.0204048 0.009543657 0.008572281 -0.02038006 0.009563267 0.008854508 -0.01980834 0.00952512 0.008139313 -0.02085875 0.009550929 0.008118391 -0.02083205 0.009555996 0.007569909 -0.02116088 0.009522856 0.0075863 -0.02119778 0.0095703 0.008094728 -0.0208019 0.009530484 0.006963193 -0.02137928 0.0095793 0.007550895 -0.02111762 0.009563505 0.006956398 -0.0213397 0.009538412 0.006314754 -0.02139895 0.009571373 0.006317973 -0.02135919 0.009586691 0.00694859 -0.02129297 0.0095914 0.007530272 -0.02106994 0.009598673 0.006940424 -0.02124171 0.00959438 0.006322026 -0.02131186 0.009579002 0.005694687 -0.02121805 0.009601891 0.005710244 -0.0211737 0.009606182 0.006326675 -0.02126025 0.009613573 0.005727589 -0.02112471 0.009608685 0.005151987 -0.02088635 0.009585976 0.005125999 -0.02092551 0.009608566 0.00625354 -0.02122533 0.009614288 0.005790472 -0.02111852 0.009619593 0.005357027 -0.02092288 0.009620249 0.005180776 -0.02084361 0.009624361 0.004969835 -0.02064614 0.009625911 0.004720747 -0.02043419 0.009628355 0.004643738 -0.02029836 0.009613096 0.005892217 -0.02044743 0.009631514 0.004391193 -0.01989352 0.007964968 0.005923092 -0.02044743 0.009602725 0.006728351 -0.02123898 0.009591579 0.007638454 -0.02020864 0.009597063 0.007196605 -0.02115916 0.009591579 0.00764054 -0.02098887 0.009576618 0.008857548 -0.01958036 0.009579062 0.008663296 -0.02001648 0.009583413 0.008306145 -0.01856701 0.007935285 0.008336901 -0.01856701 0.0095824 0.008388222 -0.02040647 0.009586632 0.008042871 -0.02073478 0.007943511 0.00766921 -0.02020864 0.009596645 0.007227659 -0.01716404 0.007948517 0.007258415 -0.01716404 0.0079782 0.004844546 -0.01904432 0.007970035 0.005512297 -0.01740282 0.009581267 0.008476197 -0.017313 0.00958532 0.0081501 -0.01696514 0.00959009 0.007762849 -0.01668839 0.009595394 0.007329404 -0.0164929 0.009601056 0.006866395 -0.01638608 0.009578466 0.00858754 -0.01742189 0.009578169 0.008728683 -0.01771801 0.009575068 0.008865714 -0.01797311 0.009576082 0.00889784 -0.01816481 0.0095734 0.00899893 -0.0185765 0.009573578 0.008978962 -0.01919429 0.009575247 0.008963526 -0.01911424 0.009575188 0.008977116 -0.01863627 0.009575724 0.008806943 -0.01978748 0.009579598 0.008493781 -0.02031934 0.009567141 0.008534729 -0.0203511 0.009582281 0.008069218 -0.02076881 0.009546221 0.005681872 -0.02125572 0.009497642 0.006312668 -0.02142905 0.009489595 0.006968617 -0.02140927 0.007172763 0.008978724 -0.01984303 0.007213354 0.009005606 -0.01985513 0.007274568 0.007802963 -0.01644187 -0.007052958 0.005937576 -0.01370984 -0.007052958 0.005937576 -0.02370983 -0.004999697 -4.43801e-05 -0.02370983 -0.004999697 -4.43801e-05 -0.01370984 -0.006946325 -0.006061792 -0.02370983 -0.006946325 -0.006061792 -0.01370984 -0.00691092 -0.01006168 -0.01970981 0.007052958 -0.005937576 -0.01370984 4.43486e-05 -0.004999697 -0.01370984 -0.00693953 -0.006842136 -0.01378666 -0.00691092 -0.01006168 -0.01770978 -0.006911635 -0.00998485 -0.01692944 -0.006913602 -0.00975722 -0.01617907 -0.00691688 -0.009387552 -0.01548755 -0.006921291 -0.008890151 -0.01488137 -0.006926715 -0.008284033 -0.01438397 -0.006932795 -0.007592499 -0.0140143 0.007059872 -0.00671792 -0.01378666 0.007057726 -0.006493628 -0.01748364 0.007066369 -0.007468283 -0.0140143 0.007059991 -0.00673753 -0.01745962 0.007055819 -0.006259143 -0.0175548 -0.002939522 -0.006826341 -0.01745962 -0.002943575 -0.006347954 -0.0175548 -0.002941608 -0.006582379 -0.01748364 0.007053852 -0.006043136 -0.01767044 -0.002945542 -0.006131887 -0.01767044 -0.00294739 -0.005942404 -0.01782583 0.007052183 -0.005853593 -0.01782583 -0.002948701 -0.005786955 -0.01801531 -0.003690481 -0.006832957 -0.01870964 -0.002939522 -0.006826341 -0.0199598 -0.002941608 -0.006582379 -0.01993578 -0.002937257 -0.007070124 -0.01993578 -0.002943575 -0.006347954 -0.01986448 -0.00293529 -0.007304668 -0.01986448 -0.002933204 -0.007520735 -0.01974915 -0.002931654 -0.007710099 -0.0195937 -0.002930164 -0.007865607 -0.01940429 -0.002937257 -0.007070124 -0.01748364 -0.002945542 -0.006131887 -0.01974915 -0.00294739 -0.005942404 -0.0195937 -0.002948701 -0.005786955 -0.01940429 -0.002949655 -0.005671501 -0.01918815 -0.00295037 -0.005600333 -0.01895355 -0.002950549 -0.005576372 -0.01870964 -0.00295037 -0.005600333 -0.01846593 -0.002949655 -0.005671501 -0.01823138 0.007049739 -0.00558269 -0.01823138 0.007049143 -0.005511641 -0.01846593 0.007050812 -0.005698204 -0.01801531 0.006949484 0.005707025 -0.01823138 0.007048845 -0.005487561 -0.01870964 0.006950259 0.005635738 -0.01846593 0.006950438 0.005611896 -0.01870964 0.007049143 -0.005511641 -0.01895355 0.006950259 0.005635738 -0.01895355 0.007049739 -0.00558269 -0.01918815 0.006949484 0.005707025 -0.01918815 -0.003049314 0.005547106 -0.01895355 0.007052958 -0.005937576 -0.02370983 0.006946325 0.006061792 -0.02370983 0.006948471 0.005822539 -0.01940429 -0.003050923 0.005733788 -0.01940429 -0.00304991 0.005618274 -0.01918815 -0.00381124 0.006766319 -0.01870964 -0.003049135 0.005522966 -0.01870964 -0.00304991 0.005618274 -0.01823138 -0.003049314 0.005547106 -0.01846593 -0.003060162 0.006772935 -0.01745962 -0.003054082 0.006078541 -0.01974915 -0.00305593 0.006294727 -0.01986448 -0.003058016 0.006529152 -0.01993578 -0.003060162 0.006772935 -0.0199598 -0.003052294 0.005889177 -0.0195937 -0.003062367 0.007016897 -0.01748364 -0.003064513 0.007251322 -0.01986448 -0.00306797 0.007656872 -0.0195937 -0.003069341 0.007812321 -0.01940429 -0.003070414 0.007927834 -0.01918815 -0.003071129 0.007999002 -0.01895355 -0.003071308 0.008023023 -0.01870964 -0.003071129 0.007999002 -0.01846593 -0.003070414 0.007927834 -0.01823138 -0.00306797 0.007656872 -0.01782583 -0.00306642 0.007467508 -0.01767044 -0.003064513 0.007251322 -0.0175548 -0.00306642 0.007467508 -0.01974915 -0.003069341 0.007812321 -0.01801531 0.006937146 0.007105529 -0.01748364 0.006935 0.007340133 -0.0175548 0.006921291 0.008890151 -0.01488137 0.006926596 0.008284033 -0.01438397 0.006939232 0.006861746 -0.01745962 0.006932795 0.007592499 -0.0140143 0.006939411 0.006842136 -0.01378666 -0.003058016 0.006529152 -0.01748364 0.006946325 0.006061792 -0.01370984 0.006948471 0.005822539 -0.01801531 -4.44081e-05 0.004999697 -0.01370984 0.004999697 4.43801e-05 -0.01370984 -4.44081e-05 0.004999697 -0.02370983 0.004999697 4.43801e-05 -0.02370983 4.43486e-05 -0.004999697 -0.02370983 -0.007059872 0.00671792 -0.01378666 -0.007066488 0.007468283 -0.0140143 -0.007072508 0.008159817 -0.01438397 -0.007077932 0.008765877 -0.01488137 -0.007082462 0.009263336 -0.01548755 0.00691694 0.009387612 -0.01548755 0.006913602 0.00975722 -0.01617907 -0.00708574 0.009632945 -0.01617907 0.006933093 0.0075562 -0.01767044 0.006911516 0.009984791 -0.01692944 0.006931424 0.007745504 -0.01782583 0.006930053 0.007901132 -0.01801531 -0.007087588 0.009860575 -0.01692944 0.00691092 0.01006168 -0.01770978 -0.007088363 0.009937405 -0.01770978 -0.007088363 0.009937405 -0.01970981 0.00691092 0.01006168 -0.01970981 0.006928265 0.008111774 -0.01870964 0.006928384 0.008087754 -0.01846593 0.00692898 0.008016586 -0.01823138 0.006928384 0.008087754 -0.01895355 0.00692898 0.008016586 -0.01918815 0.006930053 0.007901132 -0.01940429 0.006931424 0.007745504 -0.0195937 0.006911516 0.009984791 -0.02048997 0.006913602 0.00975722 -0.02124052 -0.007087588 0.009860575 -0.02048997 -0.00708574 0.009632945 -0.02124052 -0.007082462 0.009263336 -0.02193205 0.00691694 0.009387612 -0.02193205 0.006921291 0.008890151 -0.02253823 0.006933093 0.0075562 -0.01974915 0.006935 0.007340133 -0.01986448 -0.003062367 0.007016897 -0.01993578 0.006937146 0.007105529 -0.01993578 0.006939232 0.006861746 -0.0199598 0.006926596 0.008284033 -0.02303569 0.006932795 0.007592499 -0.02340531 0.006939411 0.006842136 -0.02363294 0.006941497 0.006617963 -0.01993578 0.006943583 0.006383419 -0.01986448 0.006945431 0.006167352 -0.01974915 0.006947219 0.005977988 -0.0195937 -0.007066488 0.007468283 -0.02340531 -0.007059872 0.00671792 -0.02363294 -0.007072508 0.008159817 -0.02303569 -0.007077932 0.008765877 -0.02253823 0.007059872 -0.00671792 -0.02363294 0.007057726 -0.006493628 -0.01993578 0.007055819 -0.006259143 -0.01986448 0.007053852 -0.006043136 -0.01974915 0.007052183 -0.005853593 -0.0195937 0.007050812 -0.005698204 -0.01940429 -0.001086652 -0.00680989 -0.0199598 0.007059991 -0.00673753 -0.0199598 0.007062137 -0.006981432 -0.01993578 0.007072508 -0.008159817 -0.02303569 0.007066369 -0.007468283 -0.02340531 -0.006926715 -0.008284033 -0.02303569 -0.00693953 -0.006842136 -0.02363294 -0.006932795 -0.007592499 -0.02340531 0.007077932 -0.008765935 -0.02253823 -0.006921291 -0.008890151 -0.02253823 0.007082462 -0.009263336 -0.02193205 -0.00691688 -0.009387552 -0.02193205 0.00706613 -0.007431924 -0.01974915 0.0070858 -0.009632945 -0.02124052 0.007064223 -0.007215917 -0.01986448 0.007067859 -0.007621288 -0.0195937 0.007087767 -0.009860575 -0.02048997 -0.006913602 -0.00975722 -0.02124052 -0.006911635 -0.00998485 -0.02048997 0.00706923 -0.007776856 -0.01940429 0.007088482 -0.009937405 -0.01970981 0.007070243 -0.00789237 -0.01918815 0.007088482 -0.009937405 -0.01770978 0.007087767 -0.009860575 -0.01692944 0.0070858 -0.009632945 -0.01617907 0.007082462 -0.009263336 -0.01548755 0.007077932 -0.008765935 -0.01488137 0.007072508 -0.008159817 -0.01438397 -0.000271272 0.004992604 -0.008709655 0.000707995 0.00494951 -0.008709655 -0.001239955 0.004843771 -0.008709655 -0.000135606 0.002496302 -0.008709655 -0.000620064 0.002421796 -0.008709655 0.000354028 0.002474725 -0.008709655 -0.002161026 0.004508793 -0.008709655 -0.001080513 0.002254307 -0.008709655 -0.002999246 0.004000425 -0.008709655 -0.001499593 0.002000153 -0.008709655 -0.001860976 0.001669228 -0.008709655 -0.003722012 0.003338456 -0.008709655 -0.004301846 0.002548158 -0.008709655 -0.002150893 0.001274049 -0.008709655 -0.004716277 0.001659989 -0.008709655 -0.002358019 0.000830022 -0.008709655 -0.004949629 0.000708005 -0.008709655 -0.004992604 -0.000271212 -0.008709655 -0.004843771 -0.001240015 -0.008709655 -0.002421796 -0.000620001 -0.008709655 -0.002254307 -0.001080513 -0.008709655 -0.004508674 -0.002161145 -0.008709655 -0.002000272 -0.001499593 -0.008709655 -0.004000544 -0.002999246 -0.008709655 -0.001669228 -0.001860976 -0.008709655 -0.003338456 -0.003722012 -0.008709655 -0.001274049 -0.002150893 -0.008709655 -0.002548158 -0.004301846 -0.008709655 -0.000830047 -0.002358198 -0.008709655 -0.001659989 -0.004716277 -0.008709655 -0.000353967 -0.002474725 -0.008709655 -0.000708055 -0.00494951 -0.008709655 0.000135666 -0.002496123 -0.008709655 0.000620004 -0.002421796 -0.008709655 0.000271212 -0.004992604 -0.008709655 0.001240015 -0.004843771 -0.008709655 0.002161026 -0.004508793 -0.008709655 0.001080513 -0.002254307 -0.008709655 0.002999246 -0.004000425 -0.008709655 0.001499593 -0.002000272 -0.008709655 0.003722012 -0.003338456 -0.008709655 0.001860976 -0.001669228 -0.008709655 0.004301846 -0.002548158 -0.008709655 0.002150893 -0.001274049 -0.008709655 0.002358198 -0.000830016 -0.008709655 0.004716277 -0.001659989 -0.008709655 0.00494951 -0.000708019 -0.008709655 0.004992485 0.000271191 -0.008709655 0.002421796 0.000620001 -0.008709655 0.002474844 -0.000353989 -0.008709655 0.004843652 0.001239955 -0.008709655 0.002000272 0.001499593 -0.008709655 0.002254307 0.001080513 -0.008709655 0.004508674 0.002161145 -0.008709655 0.004000425 0.002999246 -0.008709655 0.001274049 0.002150893 -0.008709655 0.001669228 0.001860976 -0.008709655 0.003338575 0.003722012 -0.008709655 0.002548158 0.004301846 -0.008709655 0.00165987 0.004716277 -0.008709655 0.000830051 0.002358019 -0.008709655 -0.002496302 -0.000135606 -0.008709655 0.005035281 -0.003955364 -0.02899991 0.003514528 -0.001635551 -0.03800541 0.004999816 4.43869e-05 -0.03749989 0.004964292 0.004044175 -0.02899991 0.0009645211 0.00400871 -0.03832816 0.0009645211 0.00400871 -0.04549979 0.000986925 0.001479983 -0.04079251 0.0009999831 8.87852e-06 -0.0389999 0.001441836 0.004012942 -0.0381109 0.001035392 -0.003990948 -0.03832816 0.001512885 -0.003986716 -0.0381109 0.004964292 0.004044175 -0.04549979 0.00497359 0.00298655 -0.03991465 0.004999816 4.43869e-05 -0.04349969 0.005035281 -0.003955364 -0.04549979 0.001035392 -0.003990948 -0.04549979 0.002964258 0.004026353 -0.03551529 0.00224781 0.004020035 -0.03744547 0.001874089 0.004016757 -0.03781353 0.003499746 3.10611e-05 -0.04349969 0.00349462 0.000616328 -0.04344205 0.003497183 0.000323684 -0.04197089 0.0009999831 8.87852e-06 -0.04199992 0.003511965 -0.001354694 -0.04107372 0.001012921 -0.001462221 -0.04079251 0.003512859 -0.001439929 -0.04079251 0.003513157 -0.001468837 -0.04049992 0.003511965 -0.001354694 -0.03992587 0.003510892 -0.001215994 -0.03966652 0.003518581 -0.002090156 -0.03837859 0.003521919 -0.002463102 -0.03883307 0.003509283 -0.001029491 -0.03943913 0.003507137 -0.00080227 -0.03925251 0.003524363 -0.002740383 -0.0393517 0.005025923 -0.002897799 -0.03991465 0.003525972 -0.00291115 -0.04108517 0.003524363 -0.002740383 -0.04164779 0.003521919 -0.002463102 -0.04216645 0.003035247 -0.003973186 -0.03551529 0.002986729 -0.003973603 -0.03603791 0.00284785 -0.003974795 -0.03654383 0.002622902 -0.003976762 -0.03701788 0.002318978 -0.003979504 -0.03744547 0.001945078 -0.003982782 -0.03781353 0.002921164 0.004026055 -0.03499262 0.00278759 0.004024863 -0.0344851 0.002567589 0.004022896 -0.03400872 0.002268016 0.004020214 -0.03357802 0.002339065 -0.003979325 -0.03357802 0.001969039 -0.003982663 -0.03320621 0.00189805 0.004016995 -0.03320621 0.001539826 -0.003986418 -0.03290443 0.001064658 -0.00399065 -0.032682 0.000558137 -0.00399518 -0.0325458 0.000487153 0.004004478 -0.0325458 3.55233e-05 -0.003999829 -0.03249971 -0.004964232 -0.004044175 -0.02899991 -3.54604e-05 0.003999829 -0.03249971 -0.00137037 -0.002090871 -0.02899991 -0.001751959 -0.001783311 -0.02899991 -0.002066195 -0.001407206 -0.02899991 2.22049e-05 -0.002499878 -0.02899991 -0.000465949 -0.002456188 -0.02899991 -0.000936163 -0.002318084 -0.02899991 -0.004964232 -0.004044175 -0.04549979 -0.002964258 -0.004026353 -0.03551529 -0.002921104 -0.004026055 -0.03499262 -0.002268016 -0.004020214 -0.03357802 -0.001897931 -0.004016876 -0.03320621 -0.002447426 -0.000509474 -0.02899991 -0.002499759 -2.21907e-05 -0.02899991 -0.005035102 0.003955364 -0.02899991 -0.004999697 -4.43732e-05 -0.0392497 -0.004988849 -0.001270294 -0.04025608 -0.004990518 -0.001083612 -0.03980547 -0.004989445 -0.001199126 -0.04002134 -0.004991829 -0.000928217 -0.03961586 -0.004993617 -0.000738816 -0.03946041 -0.004995465 -0.000522709 -0.03934507 -0.004997611 -0.000288239 -0.03927372 -0.002301037 -0.000977154 -0.02899991 -0.002301037 -0.000977154 1.259614e-07 -0.002066195 -0.001407206 1.259614e-07 -0.002447426 -0.000509474 1.259614e-07 -0.002317965 0.000936176 1.259614e-07 -0.002090752 0.00137037 1.259614e-07 -0.002317965 0.000936176 -0.02899991 -0.002456009 0.000465938 -0.02899991 -0.002456009 0.000465938 1.259614e-07 -0.002499759 -2.21907e-05 1.259614e-07 -0.002090752 0.00137037 -0.02899991 -0.001783311 0.001751959 1.259614e-07 -0.001783311 0.001751959 -0.02899991 -0.001407206 0.002066195 1.259614e-07 -0.001407206 0.002066195 -0.02899991 -0.0009771571 0.002301037 -0.02899991 -0.000509474 0.002447426 -0.02899991 -0.0009771571 0.002301037 1.259614e-07 -0.000509474 0.002447426 1.259614e-07 -2.21438e-05 0.002499878 -0.02899991 -2.21438e-05 0.002499878 1.259614e-07 0.000465919 0.002456009 1.259614e-07 0.000465919 0.002456009 -0.02899991 0.000936223 0.002318084 -0.02899991 0.000936223 0.002318084 1.259614e-07 0.00137037 0.002090871 -0.02899991 0.001751959 0.001783311 -0.02899991 0.00137037 0.002090871 1.259614e-07 0.001751959 0.001783311 1.259614e-07 0.002066195 0.001407206 1.259614e-07 0.002066195 0.001407206 -0.02899991 0.001783311 -0.001751959 1.259614e-07 0.002090871 -0.00137037 1.259614e-07 0.002301037 0.000977168 1.259614e-07 0.002318084 -0.000936162 1.259614e-07 0.002301037 0.000977168 -0.02899991 0.002447426 0.00050948 1.259614e-07 0.002318084 -0.000936162 -0.02899991 0.002456188 -0.000465939 -0.02899991 0.002456188 -0.000465939 1.259614e-07 0.002499878 2.21895e-05 1.259614e-07 0.002499878 2.21895e-05 -0.0281413 0.002499878 2.21895e-05 -0.02899991 0.002447426 0.00050948 -0.02899991 0.002090871 -0.00137037 -0.02899991 0.001783311 -0.001751959 -0.02899991 0.001407206 -0.002066195 1.259614e-07 0.001407206 -0.002066195 -0.02899991 0.000977217 -0.002301037 1.259614e-07 0.000977217 -0.002301037 -0.02899991 0.000509534 -0.002447426 1.259614e-07 0.000509534 -0.002447426 -0.02899991 2.22049e-05 -0.002499878 1.259614e-07 -0.000465949 -0.002456188 1.259614e-07 -0.000936163 -0.002318084 1.259614e-07 -0.00137037 -0.002090871 1.259614e-07 -0.001751959 -0.001783311 1.259614e-07 -0.004988551 -0.001294255 -0.04049992 -0.004988849 -0.001270294 -0.04074358 -0.004989445 -0.001199126 -0.04097824 -0.004990518 -0.001083612 -0.04119419 -0.004991829 -0.000928217 -0.0413838 -0.00096443 -0.004008591 -0.04549979 -0.004995465 -0.000522709 -0.04165475 -0.004993617 -0.000738816 -0.04153925 -0.004997611 -0.000288239 -0.04172586 -0.004999697 -4.43732e-05 -0.04174988 -0.001035392 0.003990948 -0.04549979 -0.005001962 0.000199471 -0.04172586 -0.005035102 0.003955364 -0.04549979 -0.005003929 0.00043397 -0.04165475 -0.005005896 0.0006500421 -0.04153925 -0.005010545 0.001181483 -0.04025608 -0.003035247 0.003973186 -0.03551529 -0.002318978 0.003979504 -0.03744547 -0.001945078 0.003982782 -0.03781353 -0.00298655 0.003973603 -0.03603791 -0.001512706 0.003986716 -0.0381109 -0.005010545 0.001181483 -0.04074358 -0.005010843 0.001205444 -0.04049992 -0.005009949 0.001110315 -0.04097824 -0.005008995 0.0009949229 -0.04119419 -0.005007565 0.000839478 -0.0413838 -0.005009949 0.001110315 -0.04002134 -0.005008995 0.0009949229 -0.03980547 -0.005007565 0.000839478 -0.03961586 -0.005005896 0.0006500421 -0.03946041 -0.005003929 0.00043397 -0.03934507 -0.005001962 0.000199471 -0.03927372 -0.002551913 -0.004022777 -0.03701788 -0.002247989 -0.004020035 -0.03744547 -0.002776861 -0.004024744 -0.03654383 -0.00291568 -0.004025936 -0.03603791 -0.001874089 -0.004016757 -0.03781353 -0.001441836 -0.004012942 -0.0381109 -0.002991974 0.003973603 -0.03499262 -0.002858579 0.003974676 -0.0344851 -0.002638638 0.003976643 -0.03400872 -0.002339005 0.003979325 -0.03357802 -0.00196892 0.003982663 -0.03320621 -0.001539826 0.003986418 -0.03290443 -0.000558167 0.00399518 -0.0325458</float_array>
          <technique_common>
            <accessor count="2219" source="#cubeverts-array0-array" stride="3">
              <param type="float" name="X" />
              <param type="float" name="Y" />
              <param type="float" name="Z" />
            </accessor>
          </technique_common>
        </source>
        <source id="cubenormals-array0">
          <float_array count="10884" id="cubenormals-array0-array">0.9999588 0.009063741 0.0004220116 0.9993806 -0.0305215 0.01751596 0.9999646 0.008411471 -2.950095e-05 0.999001 -0.03387836 0.02914209 0.9916927 -0.1064516 0.07220509 0.9979501 -0.03975072 0.05015307 0.9717144 -0.197577 0.1293619 0.9958913 -0.05743663 0.0700105 0.972187 -0.1564671 0.1742713 0.9713959 -0.1589268 0.1764434 0.9723938 -0.1950577 0.1280739 0.8863806 -0.314452 0.3397784 0.8874429 -0.3880211 0.2487667 0.886749 -0.3139159 0.3393126 0.8883149 -0.3865082 0.2480082 0.9729486 -0.2123041 0.09109297 0.9594806 -0.2619443 0.1038371 0.8898438 -0.423084 0.1708156 0.885739 -0.4309521 0.1724726 0.8895191 -0.4431088 0.1114022 0.9595667 -0.2719687 0.07256 0.8859432 -0.4495193 0.1141794 0.7765829 -0.5863032 0.2305807 0.7766066 -0.6102325 0.1565203 0.7529395 -0.6107996 0.2449611 0.639526 -0.7443647 0.1921659 0.6390728 -0.7167712 0.2789712 0.7537849 -0.6376372 0.1588304 0.750586 -0.5575566 0.3546141 0.5701237 -0.6942994 0.4392122 0.5734819 -0.760725 0.304 0.5731149 -0.692369 0.4383657 0.7509738 -0.5571564 0.354422 0.7500652 -0.451436 0.4833298 0.5721769 -0.5614915 0.5977799 0.5723601 -0.5613895 0.5977003 0.7492764 -0.452126 0.4839081 0.5709149 -0.3949347 0.7197797 0.7481895 -0.3171728 0.5827641 0.5713547 -0.3947449 0.7195348 0.7464456 -0.3183271 0.5843686 0.5699298 -0.2031444 0.7961862 0.5682578 -0.2036117 0.7972612 0.7449117 -0.1627232 0.6470146 0.8854464 -0.2198413 0.4094563 0.7474082 -0.1616952 0.6443878 0.8861472 -0.2190755 0.4083491 0.8852441 -0.1101405 0.4518982 0.8841242 0.005583839 0.4672185 0.7435649 0.003358347 0.6686553 0.8851512 -0.1102021 0.452065 0.7459081 0.003680172 0.6660388 0.5682766 0.001372095 0.8228365 0.742134 0.1697685 0.6483947 0.5664223 0.2062937 0.7978777 0.5625102 0.2065421 0.8005765 0.5605516 0.3994105 0.7254331 0.744457 0.1694328 0.6458145 0.5604276 0.3994391 0.7255132 0.7431329 0.3247007 0.5850837 0.3494535 0.4499846 0.8218248 0.3463476 0.6406328 0.6852977 0.5593042 0.5673263 0.6044168 0.3470158 0.6405098 0.6850746 0.3483138 0.4500936 0.8222489 -0.116784 0.563605 0.8177474 0.4528813 0.4289291 0.7816126 0.4105556 0.6230851 0.6657395 0.3502677 0.2319835 0.9074669 0.349073 0.2319829 0.9079273 -0.08938687 0.3945772 0.9145046 0.3845218 0.2288634 0.8942956 0.08246487 0.2097964 0.9742612 0.3511413 -0.001214701 0.9363217 0.3529388 -0.001041145 0.9356459 0.3373337 -0.001204244 0.9413844 0.15943 0.01603898 0.987079 -0.3565623 0.4438946 0.8220834 -0.5724592 0.7781389 0.2584384 -0.5725565 0.7780712 0.2584266 -0.571856 0.6892208 0.4449219 -0.7512285 0.6261445 0.2088032 -0.7515806 0.6257496 0.2087201 -0.7507256 0.5542402 0.359484 -0.5726536 0.6887073 0.444691 -0.7490939 0.4476893 0.4882958 -0.7503119 0.5546649 0.3596927 -0.570337 0.5568348 0.6038632 -0.5718824 0.5559828 0.6031864 -0.5684519 0.3891168 0.7248796 -0.5682294 0.3892111 0.7250034 -0.7501595 0.4467645 0.4875061 -0.7493862 0.3111808 0.5844544 -0.7475101 0.156142 0.6456379 -0.7490489 0.3114023 0.5847685 -0.567643 0.1964585 0.7994907 -0.5667531 0.1967012 0.8000623 -0.7466672 0.1564817 0.6465303 -0.5657832 -0.008792588 0.8245071 -0.5661337 -0.008829288 0.8242661 -0.7451881 -0.009723566 0.6667835 -0.746232 -0.009856025 0.6656129 -0.8844719 0.1067608 0.4542153 -0.8837284 -0.01011765 0.4678906 -0.8847463 0.1065833 0.4537222 -0.9707372 0.05066592 0.2347389 -0.9715719 0.04953575 0.2315044 -0.9710323 -0.009947138 0.2387413 -0.8841162 -0.01018708 0.467156 -0.9698521 -0.009541787 0.2435074 -0.9977778 -0.00796532 0.06615271 -0.9949023 -0.00912594 0.1004301 -0.9693269 -0.07005698 0.235579 -0.9699702 -0.06963124 0.2330436 -0.7033643 -0.267517 0.6585691 -0.7021205 -0.3910871 0.5950443 -0.7110444 0.6525419 0.2619256 -0.7106277 0.5892835 0.3843866 -0.9999607 -0.008863554 0.0001342372 -0.9726574 0.2284455 -0.04183744 -0.9726529 0.2316913 0.01629295 -0.9727215 0.2314029 0.01629867 -0.9726521 0.2197116 0.07533139 -0.9720857 0.2220195 0.07587387 -0.9869304 0.1522217 0.05288671 -0.9718999 0.195569 0.1310087 -0.9720615 0.1949736 0.1306975 -0.9717225 0.1563043 0.1769868 -0.9722311 0.1547305 0.1755711 -0.9787198 0.09143081 0.1837061 -0.9712214 0.1072465 0.2126668 -0.9718293 0.1058554 0.2105765 -0.9999579 -0.009173201 0.0002304766 -0.706876 0.1426514 0.6928036 -0.7077928 0.2744425 0.6509306 -0.7089614 0.3964405 0.5832742 -0.7098885 0.5025087 0.4935011 -0.7041815 -0.1339705 0.6972663 -0.7054044 0.004491385 0.7087909 -0.8856953 0.3121837 0.3436352 -0.8847317 0.2166374 0.4126963 -0.885386 0.2159345 0.4116599 -0.8876113 0.3094153 0.3411868 -0.8881828 0.3844584 0.2516405 -0.8878209 0.4362363 0.1465331 -0.8872353 0.3860932 0.2524789 -0.8877258 0.436416 0.146574 -0.8880778 0.458609 0.03155323 -0.9586275 0.279395 -0.05451293 -0.8888371 0.4571329 0.03159243 -0.8888359 0.4504229 -0.08420199 -0.9585136 0.25737 -0.1225257 -0.883741 0.4598629 -0.08676401 -0.8832262 0.4235975 -0.2011881 -0.8865777 0.4175926 -0.1989886 -0.7781407 0.5685024 -0.2670245 -0.7785684 0.6166052 -0.1167453 -0.7532348 0.5944217 -0.2816028 -0.7505786 0.6497678 -0.1201398 -0.6363081 0.6991202 -0.3261028 -0.6367962 0.7575932 -0.1433291 -0.5729598 0.8176997 0.05553742 -0.5718797 0.8184592 0.05548085 -0.5716562 0.8069265 -0.1485893 -0.7504268 0.6594232 0.04495116 -0.3587718 0.9312991 0.06296607 -0.476402 0.8639711 -0.1630802 -0.4762402 0.7972606 -0.3709054 -0.3599907 0.8444406 -0.3966444 -0.5704551 0.7428601 -0.3503425 -0.5691036 0.6338649 -0.5237713 -0.359124 0.7204986 -0.5932215 -0.569872 0.6334988 -0.5233787 -0.750308 0.3866656 -0.5362161 -0.7480013 0.3879897 -0.5384774 -0.7490944 0.5096114 -0.4232658 -0.5682417 0.4834204 -0.6658875 -0.7491747 0.2411406 -0.6169184 -0.5677795 0.483575 -0.6661695 -0.565956 0.3025035 -0.7669325 -0.7461867 0.242072 -0.6201665 -0.886757 0.1655169 -0.4315856 -0.7446417 0.08010543 -0.6626401 -0.884979 0.05265878 -0.4626439 -0.8858193 0.05259348 -0.4610402 -0.970791 0.02274885 -0.2388455 -0.8858227 0.1660332 -0.4333028 -0.9710467 0.08151455 -0.2245518 -0.9705158 0.02279926 -0.2399568 -0.9702618 -0.03762029 -0.2391168 -0.9874429 0.01185536 -0.1575314 -0.9987926 0.0002325525 -0.04912487 -0.9999615 -0.008773836 3.529069e-05 -0.999962 -0.008715943 4.011226e-05 -0.7050409 -0.01695463 -0.708964 -0.7062874 0.1212354 -0.697467 -0.7040366 -0.154981 -0.6930465 -0.7031271 -0.2869249 -0.6506046 -0.7018216 -0.4090602 -0.5831949 -0.7006623 -0.5151832 -0.4936178 -0.6999192 -0.6016786 -0.3848326 -0.9999606 -0.008876043 4.889855e-05 -0.6995392 -0.6650395 -0.2614715 -0.6992841 -0.7033061 -0.1279149 -0.7075844 0.2550753 -0.6589847 -0.7087837 0.3788399 -0.595068 -0.7096157 0.4877039 -0.508518 -0.6993881 -0.7146573 0.01101279 -0.6991225 -0.6993291 0.1488843 -0.6993256 -0.65712 0.2813128 -0.699986 -0.589767 0.4027335 -0.9999607 -0.00886646 0.0002987834 -0.9999604 -0.008902831 -0.0001307913 -0.9986269 -0.04942298 0.01736992 -0.9984401 -0.04859312 0.02749983 -0.9880714 -0.1329738 0.07767165 -0.9687555 -0.2304422 0.0917009 -0.9685097 -0.2133678 0.1283084 -0.9945204 -0.09950077 0.03207271 -0.9945058 -0.1012046 0.02675829 -0.9545581 -0.27919 0.1042683 -0.9544743 -0.2893141 0.07263799 -0.968957 -0.241244 0.05407059 -0.8824461 -0.4382667 0.170913 -0.8765097 -0.4491377 0.1732227 -0.8805928 -0.4605 0.1117859 -0.8763587 -0.4677398 0.1149553 -0.7689137 -0.5968736 0.2291582 -0.7685364 -0.6205653 0.1557259 -0.6263954 -0.7278153 0.2791303 -0.6263822 -0.7556031 0.191597 -0.7427083 -0.6232345 0.2448739 -0.7420077 -0.6514128 0.1583853 -0.5588974 -0.8278515 0.0479132 -0.5614789 -0.8038768 0.1962744 -0.5563114 -0.8295708 0.04826805 -0.7395474 -0.6719747 0.0389813 -0.5558239 -0.8160288 -0.1586086 0.2086512 -0.9618947 -0.1767012 0.058499 -0.9981719 0.01518975 0.31954 -0.9298804 -0.1822544 -0.02695581 -0.9292948 -0.3683536 -0.1122711 -0.8347812 -0.5390136 0.4468941 -0.8069955 -0.3860622 0.1604629 -0.559388 -0.8132262 -0.04838691 -0.717145 -0.6952421 0.3446498 -0.5462542 -0.7634284 0.355154 -0.3374761 -0.8717657 0.3879008 -0.3324537 -0.8596554 0.3548113 -0.3374986 -0.8718965 0.08396088 -0.3949365 -0.9148638 0.3567122 -0.543545 -0.7598127 0.5666882 -0.2954167 -0.769151 0.569128 -0.2950095 -0.7675042 0.5704865 -0.4765848 -0.6688889 0.3597488 -0.5430597 -0.7587271 0.5678334 -0.4774596 -0.6705204 0.3609392 -0.714555 -0.599278 0.5695212 -0.6288477 -0.5293356 0.3607264 -0.7146071 -0.5993439 0.5691808 -0.6290082 -0.5295109 0.7490921 -0.3826043 -0.5408096 0.7501487 -0.5047997 -0.4271467 0.748677 -0.3828388 -0.5412184 0.5705296 -0.7406162 -0.3549416 0.7504483 -0.5045616 -0.4269016 0.7511834 -0.5948148 -0.2862146 0.5712122 -0.7402158 -0.3546792 0.3616139 -0.841215 -0.4019861 0.5721411 -0.8047186 -0.1583747 0.359905 -0.9155273 -0.1796609 0.3614868 -0.9149528 -0.1794124 0.5720663 -0.8047684 -0.1583919 0.3584446 -0.9319568 0.05453431 0.3598373 -0.9314147 0.05462366 0.5728301 -0.8182683 0.04798517 0.7510927 -0.65906 0.0387242 0.7509788 -0.6477994 -0.1280109 0.7508689 -0.6479194 -0.1280481 0.5723033 -0.8186387 0.04795431 0.8874442 -0.4146665 -0.2012327 0.8878174 -0.4513316 -0.08988968 0.7503136 -0.595662 -0.2867339 0.8879173 -0.4138795 -0.2007651 0.9716284 -0.1779583 -0.1557853 0.9720483 -0.1767264 -0.1545631 0.887319 -0.350738 -0.2994126 0.9723341 -0.2092683 -0.1037942 0.9817793 -0.1423209 -0.1259133 0.9993829 -0.02664908 -0.02288655 0.9844911 -0.1567019 -0.07887822 0.9722047 -0.2097334 -0.1040672 0.9723318 -0.2289499 -0.0463983 0.9992998 -0.03341975 -0.01682232 0.9726236 -0.2277754 -0.0460608 0.9961941 -0.08523567 -0.01822838 0.9999605 0.008899935 -5.436761e-05 0.9977975 -0.06492815 -0.01358649 0.9999605 0.00889166 -4.990156e-05 0.9999604 0.008897168 -3.897951e-05 0.9999605 0.008880465 7.881091e-05 0.9999612 0.008812878 4.474119e-05 -0.008678491 0.977159 0.2123325 -0.00270426 0.3046925 0.9524469 0.99996 0.008938671 4.465168e-05 0.9999604 0.008905608 5.763864e-05 -0.002706066 0.3046908 0.9524475 0.9999603 0.008909343 9.830543e-05 -0.008620223 0.9771719 0.2122754 0.9999605 0.008880815 -2.279254e-05 0.9999605 0.00887978 -2.246192e-05 0.9999608 0.008856284 3.393273e-06 0.002705852 -0.3046668 -0.9524552 0.002704131 -0.3046684 -0.9524546 0.008678811 -0.9771591 -0.212332 0.008678491 -0.977159 -0.2123323 0.9999608 0.008856727 3.251835e-06 0.005973081 -0.6725142 0.7400602 0.9999609 0.008844927 -3.264863e-05 0.9999602 0.008917632 3.997349e-06 0.9999607 0.008863406 -3.544093e-06 0.9999616 0.008766804 3.440402e-05 0.9999602 0.008919119 0.0002087932 0.9999606 0.008884584 -0.0001810969 0.9999614 0.008793002 -4.133296e-05 0.9986659 0.05106305 0.007677134 0.9817867 0.1812113 0.05707476 0.9999609 0.008838126 -6.569213e-05 0.9982697 0.05572058 0.01878615 0.9692407 0.2097693 0.1287216 0.9951962 0.0849856 0.04860025 0.9689711 0.2355505 0.07490622 0.9685799 0.2369612 0.07551432 0.9684402 0.2487204 0.01617864 0.8793111 0.4530172 0.1469266 0.879254 0.4753026 0.03161913 0.8800021 0.4739312 0.03139471 0.7388194 0.6723979 0.04502181 0.8800974 0.4672149 -0.084491 0.73915 0.6627326 -0.1201782 0.7645443 0.6338297 -0.1171833 0.8771147 0.4725281 -0.08594719 0.7400326 0.6710783 0.04478365 0.5585382 0.8276246 0.05543153 0.5585091 0.8161274 -0.148337 0.6257412 0.7668212 -0.1429448 0.740255 0.6390781 0.2088104 0.7418712 0.6374469 0.2080589 0.5582076 0.8278444 0.05547897 0.5585257 0.7882304 0.2583443 0.3424182 0.9374292 0.06305637 0.3432433 0.9371336 0.06296504 0.342925 0.8923712 0.293387 0.5580372 0.7885274 0.258494 0.3441903 0.7913364 0.5052916 0.3431984 0.892284 0.2933327 0.5603412 0.6987386 0.4447269 0.5590195 0.6994171 0.4453235 0.7408496 0.4610844 0.4884087 0.7401015 0.5680047 0.3600284 0.7420796 0.4602738 0.4873047 0.561749 0.5663857 0.60303 0.7435647 0.3245208 0.5846347 0.8818766 0.2312351 0.410882 0.8812941 0.3261455 0.3419792 0.8820422 0.2311137 0.4105948 0.8828247 0.1221168 0.4535507 0.9700174 0.06734779 0.2335181 0.9695286 0.1236555 0.21148 0.9703287 0.06715081 0.2322777 0.8830924 0.122042 0.4530491 0.8841496 0.005588837 0.4671704 0.9708536 0.007574171 0.2395539 0.9702872 0.007358846 0.2418441 0.9989288 0.0002963949 0.0462724 0.9819599 -0.0394388 0.1849307 0.9708256 -0.05237643 0.2339964 0.9937096 0.008344519 0.1116764 0.9999615 0.008780382 -7.11772e-05 0.9976946 0.009923011 0.06713427 0.9999599 0.008955237 -0.0001148961 0.9999611 0.008821815 1.124259e-05 0.9981545 0.02103069 0.05696586 0.9992999 -0.005638858 0.03698513 0.9711962 -0.1092805 0.2117448 0.9833763 -0.08162471 0.1621991 0.9706923 -0.05256021 0.2345076 0.9999593 0.009022897 4.631662e-05 0.9999608 0.008849463 -0.0002490565 0.9990941 -0.01664107 0.039166 0.9906129 0.04149079 0.1302478 0.998876 0.02602956 0.03961138 0.9698479 0.1231482 0.2103079 0.9749245 0.1130614 0.1916751 0.9987639 0.0339247 0.03632875 0.9854982 0.1200789 0.1198935 0.9693785 0.1719023 0.1753711 0.9686513 0.1736638 0.177639 0.8815601 0.3258426 0.3415821 0.8807488 0.4010281 0.2519088 0.9683131 0.2126521 0.1309536 0.8792176 0.4032694 0.2536733 0.742565 0.5658813 0.3582954 0.2754508 0.8100637 0.5176136 -0.0153751 0.9294857 0.3685375 0.3448735 0.7911586 0.5051042 0.4239695 0.8604605 0.2825908 -0.1239078 0.9760002 0.1790821 0.09053358 0.9737848 -0.2086786 0.3622054 0.9160519 -0.1722101 -0.08172919 0.9965408 -0.01506187 -0.01510586 0.542644 -0.8398269 0.4270389 0.5374069 -0.7272081 -0.1197972 0.6908189 -0.7130342 0.4484105 0.6928173 -0.5647409 0.3475795 0.7263469 -0.5929661 0.3453009 0.7271129 -0.5933582 0.3468233 0.556887 -0.7547121 0.3464552 0.8501579 -0.3964852 0.4613265 0.8058373 -0.3712199 0.5574318 0.6441592 -0.5237639 0.556742 0.7530537 -0.3506401 0.6262735 0.7084986 -0.3252862 0.7416967 0.6086026 -0.2819377 0.7425802 0.5206763 -0.4212728 0.557941 0.6438652 -0.5235834 0.5589148 0.493702 -0.6662377 0.742139 0.4007286 -0.537258 0.7411897 0.5219684 -0.4221218 0.55901 0.4936571 -0.6661911 0.8809973 0.3691081 -0.2959781 0.8819388 0.2837238 -0.3764104 0.7440767 0.3992764 -0.5356569 0.8802543 0.3702553 -0.2967547 0.9685682 0.1958501 -0.1533569 0.9537232 0.2745365 -0.1226445 0.8797121 0.4321134 -0.1984555 0.9683985 0.2267819 -0.1037996 0.9687619 0.1952257 -0.1529292 0.9758237 0.172479 -0.1342351 0.9904172 0.1271113 -0.05400615 0.9986193 0.04591588 -0.02551726 0.999961 0.008823865 9.109851e-05 0.9999605 0.008888114 0.0001355575 0.994251 0.09968498 -0.03908683 0.9999608 0.008851682 2.158063e-05 0.9941994 0.1055326 -0.02074769 0.9999603 0.008908498 -0.0001358938 0.9909139 0.1323362 -0.02401906 0.9986205 0.05250222 -0.0008008922 0.9757271 0.2185319 0.01415802 0.968438 0.2456969 -0.04196274 0.9683802 0.2489515 0.01621472 0.998889 0.03690302 -0.02930729 0.9999643 0.008444623 2.793206e-05 0.985717 0.1051771 -0.1315286 0.9985561 0.03526461 -0.04052281 0.9999602 0.008929857 -3.263538e-05 0.9999598 0.008963771 0.0001885181 0.9957541 0.04173368 -0.08205007 0.9999605 0.008893475 6.875912e-05 0.9963833 0.03887454 -0.0755586 0.9999607 0.00887056 5.765659e-05 0.9985241 0.01823054 -0.05116053 0.9990326 0.007975483 -0.04324762 0.9862832 0.0299351 -0.1623252 0.9999628 0.008625544 0.0001189095 0.9999586 0.009091149 -0.0003213194 0.9787974 -0.01607312 -0.2041988 0.9990864 -2.117563e-05 -0.04273653 0.9910927 -0.04079852 -0.1267699 0.9712026 -0.079238 -0.224693 0.971211 -0.07922822 -0.2246599 0.9706764 -0.0204432 -0.2395191 0.8853636 -0.1622706 -0.4356598 0.8857639 -0.1620572 -0.4349249 0.8843957 -0.04869027 -0.4641914 0.9710243 -0.02039193 -0.238109 0.8835038 0.06867075 -0.4633631 0.8845558 -0.04868072 -0.463887 0.9698203 0.04026097 -0.2404735 0.9704958 0.03968348 -0.2378303 0.9693329 0.09884553 -0.2249965 0.9693029 0.09889875 -0.2251021 0.8837379 0.1809706 -0.4315749 0.8847639 0.0681494 -0.4610299 0.745399 0.0929931 -0.6601005 0.7433125 0.09353091 -0.6623734 0.8824896 0.1820408 -0.433674 0.7419427 0.2555441 -0.6198534 0.5616553 0.3121714 -0.7662195 0.745496 0.2536955 -0.6163394 0.5634726 0.1122467 -0.8184737 0.561784 0.1125453 -0.8195928 0.3530801 -0.1097299 -0.929136 0.3559467 -0.109819 -0.9280311 0.3538812 0.1245546 -0.9269598 0.5636438 -0.09471592 -0.8205697 0.4177637 0.1216115 -0.90038 0.3540978 0.1245274 -0.9268806 -0.1095419 -0.01596464 -0.993854 0.4585191 -0.1033829 -0.8826507 0.01557747 0.180721 -0.983411 -0.5682677 0.3021049 -0.7653787 -0.5665251 0.1022546 -0.8176756 -0.563678 0.1022556 -0.8196406 -0.7464105 0.08004877 -0.6606538 -0.5618591 -0.1047956 -0.8205682 -0.7462631 -0.08687663 -0.6599576 -0.7448913 -0.08721735 -0.6614606 -0.7448703 -0.2484484 -0.6192266 -0.8826022 -0.1777581 -0.4352188 -0.882661 -0.1777087 -0.4351196 -0.8837407 -0.06438493 -0.4635266 -0.7432007 -0.2493025 -0.6208873 -0.8817263 -0.2807014 -0.3791643 -0.7419227 -0.3960232 -0.5410327 -0.881434 -0.28106 -0.3795779 -0.8806509 -0.3669109 -0.2997171 -0.9685499 -0.1945108 -0.1551666 -0.9680968 -0.1959543 -0.1561747 -0.9685003 -0.1510621 -0.1979582 -0.9812366 -0.1516436 -0.119075 -0.9693171 -0.1489747 -0.1955274 -0.9692438 -0.09709758 -0.2261382 -0.9697655 -0.09618451 -0.2242839 -0.9815794 -0.1740297 -0.07883917 -0.9682398 -0.2272611 -0.1042311 -0.9987939 -0.04361381 -0.02255241 -0.9948646 -0.09967917 -0.01756477 -0.9676571 -0.2479319 -0.04657756 -0.9678891 -0.2285329 -0.1047067 -0.9986227 -0.04989608 -0.01622223 -0.8810403 -0.4644921 -0.08952741 -0.8813018 -0.4280579 -0.2001839 -0.88087 -0.4288157 -0.2004621 -0.9690646 -0.2424831 -0.04599844 -0.7415339 -0.6069403 -0.2859211 -0.7423279 -0.5169524 -0.4262742 -0.7418019 -0.5174384 -0.4265999 -0.8813466 -0.3658413 -0.2989787 -0.5596107 -0.4872949 -0.6703578 -0.5595526 -0.4873221 -0.6703865 -0.558589 -0.6386573 -0.5292401 -0.7427561 -0.3954063 -0.5403398 -0.5571419 -0.6394889 -0.5297611 -0.3467274 -0.8475081 -0.4018831 -0.5555435 -0.7517065 -0.3553995 -0.5564834 -0.7511011 -0.355209 -0.7408538 -0.6076527 -0.2861709 -0.7405149 -0.6597812 -0.1277747 -0.555205 -0.8164459 -0.1586297 -0.739603 -0.6607868 -0.1278595 -0.8800627 -0.4663068 -0.08970848 -0.739485 -0.6720427 0.03899295 -0.8793722 -0.4753439 0.02743357 -0.8798442 -0.4744774 0.0272999 -0.5614968 -0.3055848 -0.7689858 -0.5633218 -0.104546 -0.8195967 -0.3549623 -0.1158036 -0.9276806 -0.5615806 -0.3055571 -0.7689357 -0.9685156 -0.248554 0.01408804 -0.9690734 -0.2463886 0.0137699 -0.8839369 -0.06430721 -0.4631633 -0.9697574 -0.03803251 -0.2410895 0.2373369 0.360071 -0.9022306 -0.08627146 -0.2098317 -0.9739239 0.2760391 0.3600706 -0.8911518 0.3506208 0.3514816 -0.8680586 0.352066 0.3511755 -0.8675974 0.5602017 0.3126591 -0.7670844 0.5648976 -0.09472401 -0.8197061 0.746882 -0.0737759 -0.6608513 0.9689037 0.1518591 -0.1953574 0.9691436 0.1512384 -0.1946475 0.8815603 0.2841934 -0.3769422 0.7475325 -0.07376163 -0.6601169 0.7471318 -0.2360744 -0.6213396 0.7489329 -0.2355295 -0.619375 0.8866903 -0.2649318 -0.3789348 0.9716535 -0.1323428 -0.1958953 0.8861507 -0.2654589 -0.3798269 0.998486 -0.01419679 -0.0531431 0.998069 -0.02902941 -0.05491253 0.9948897 -0.05287904 -0.08601306 0.97124 -0.1332121 -0.1973511 0.9534371 0.2965946 -0.05467556 0.3483725 0.5564491 -0.7543216 0.8772104 0.4364392 -0.2000567 0.7650092 0.5853311 -0.2686047 0.3510519 0.8485097 -0.395972 0.2796809 0.9437898 -0.1761795 0.2809458 0.8749455 -0.3943854 0.3434844 0.9238415 -0.1689237 0.4602312 0.8726802 -0.1631455 -0.07972039 0.8201002 -0.5666395 -0.3566271 0.550515 -0.7548181 -0.3581736 0.7207322 -0.5935122 0.09082962 0.9143366 -0.3946375 0.4465399 0.8927509 0.05998399 0.2347357 0.8168446 0.5269382 0.01127217 0.7175712 0.6963939 0.8788881 0.4537349 0.1472425 0.9961526 0.07616167 0.04335185 0.9983381 0.04536505 0.03554101 0.005968788 -0.6725111 0.740063 -0.005932417 0.6724874 -0.7400849 -0.005968981 0.6725139 -0.7400604 0.9999604 0.00889517 4.897651e-05 0.9992666 -0.02281939 -0.03074853 0.9999617 0.008756636 8.855241e-05 0.9988903 -0.04708884 0.000927874 0.9999607 0.008862997 -0.0002061827 0.9993998 -0.033482 0.008884756 0.9906802 -0.1359535 0.008342667 0.9726126 -0.2320146 0.01392986 0.9729335 -0.224598 0.0543706 0.9957229 -0.08810287 0.02781776 0.9726881 -0.2316971 0.01393903 0.8887922 -0.4495151 -0.08935621 0.8887131 -0.4576607 0.0271259 0.8885705 -0.4579381 0.02711605 0.886968 -0.3512159 -0.2998916 0.7517108 -0.6583528 0.03876044 0.3597915 -0.9057165 0.2241152 0.481281 -0.8489129 0.2184386 0.5744851 -0.7944784 0.1969038 0.295329 -0.8903009 0.3466197 0.2955188 -0.9257125 0.2360616 0.3600302 -0.8667752 0.3450781 0.4812765 -0.8170815 0.3174127 0.3575011 -0.7900124 0.4980697 0.1077954 -0.924564 0.3654608 -0.09103103 -0.9143125 0.3946467 0.4117163 -0.7707449 0.486253 0.05745826 -0.8214531 0.5673741 0.3581573 -0.7897676 0.4979864 0.205981 -0.6803795 0.7033177 0.3176804 -0.6506579 0.6897272 0.3573188 -0.6406901 0.6795877 -0.02889798 -0.5428845 0.83931 -0.1184518 -0.3670694 0.9226209 0.4428662 -0.4327107 0.7852587 -0.5621849 -0.4055396 0.7207536 -0.5641866 -0.4050625 0.7194566 -0.5603762 -0.5722992 0.5987086 -0.5610127 -0.7023478 0.4381464 -0.5624388 -0.5714929 0.5975437 -0.5583571 -0.7037222 0.4393318 -0.4626661 -0.827529 0.3180184 -0.5606564 -0.770235 0.3039779 -0.3452376 -0.911303 0.2243605 -0.461993 -0.8594224 0.2189876 -0.7388824 -0.5722751 0.3557443 -0.7399801 -0.4659885 0.4850611 -0.7428645 -0.4640642 0.4824902 -0.8801797 -0.3304345 0.3407297 -0.8809742 -0.2358998 0.4101657 -0.7441104 -0.3298161 0.5809656 -0.8817873 -0.2352925 0.4087647 -0.7416698 -0.3308553 0.5834903 -0.742878 -0.1754092 0.6460369 -0.8827705 -0.1260251 0.4525858 -0.8831079 -0.1259252 0.451955 -0.8811972 -0.3292663 0.3392276 -0.9694762 -0.1257249 0.2104974 -0.9693556 -0.1259195 0.2109357 -0.9689076 -0.1746332 0.1752751 -0.9685425 -0.1755231 0.1763999 -0.880592 -0.403472 0.2485319 -0.9681882 -0.214367 0.1290674 -0.8815746 -0.4020152 0.2474065 -0.9947283 -0.07492017 0.07001825 -0.997477 -0.05382767 0.04628334 -0.741374 -0.5701201 0.3540166 -0.744722 -0.1751239 0.6439882 -0.5663845 -0.2133335 0.7960512 -0.5642837 -0.2134805 0.7975024 -0.3488277 -0.2399931 0.9059374 0.3533907 -0.4522045 0.8189176 0.3561431 -0.4514711 0.8181295 0.4482062 -0.2225462 0.8657854 0.3539298 -0.2338029 0.9055771 -0.05659698 -0.1805154 0.9819425 0.355394 -0.6413248 0.6799982 0.1083331 -0.9648129 0.2395829 -0.09155678 -0.9737073 0.2085937 0.4100055 -0.9105168 0.05343051 0.3614528 -0.8412656 -0.4020249 0.45441 -0.6821269 -0.5729001 -0.7010874 -0.4999678 0.5084375 -0.7117511 0.7023483 -0.01082613 -0.7115433 0.6867641 -0.1485302 -0.7111446 0.644398 -0.2811131 -0.7105654 0.5767593 -0.4030451 -0.9810714 0.146348 -0.126812 -0.9712402 0.1350454 -0.1961002 -0.9710075 0.08156136 -0.2247049 -0.9714883 0.1345163 -0.1952327 -0.9716544 0.179233 -0.1541535 -0.8860109 0.3553462 -0.2978484 -0.8885199 0.3518954 -0.2944521 -0.8878992 0.2668961 -0.374702 -0.9726148 0.1763746 -0.1513687 -0.972986 0.2067773 -0.1026713 -0.9999607 -0.008859112 -1.177884e-05 -0.8868003 0.2679913 -0.3765179 -0.752564 0.5068237 -0.4204488 -0.7518976 0.6577408 0.04502205 -0.7115775 0.6909031 0.1277121 0.354982 -0.2336053 0.9052162 0.5665143 0.001176951 0.8240511 0.9717842 -0.1079169 0.2097367 0.9957055 -0.08617224 0.03383651 0.9999604 0.00888809 4.986016e-05 -0.1361098 -0.7066512 0.6943474 -0.2686791 -0.7078229 0.6532981 -0.2689136 -0.7079641 0.6530486 0.008841719 -0.9999609 4.138925e-05 0.008323658 -0.9999649 0.0009969135 -0.3914017 -0.7090122 0.5866058 -0.3910225 -0.7087176 0.5872145 -0.5607635 -0.004977692 0.827961 -0.7112491 -0.006314899 0.7029117 -0.4980302 -0.7096617 0.4983435 -0.7111878 -0.006312954 0.7029737 -0.8346189 -0.00741025 0.550778 0.008866273 -0.9999607 -4.259433e-05 0.008878426 -0.9999606 -2.829445e-05 -0.8346772 -0.007409065 0.5506895 0.008878295 -0.9999606 -2.776717e-05 0.008854134 -0.9999607 0.0002220247 0.008888052 -0.9999605 -1.001675e-05 0.008925731 -0.9999601 -9.034165e-05 -0.9260759 -0.008220371 0.3772477 -0.9260758 -0.008220364 0.3772479 -0.9818458 -0.00871541 0.1894805 -0.6897432 -0.7115356 0.1340576 -0.9818465 -0.008715469 0.1894772 -0.6501502 -0.7112196 0.2673412 -0.6501507 -0.711214 0.2673551 -0.5851352 -0.7106276 0.3906729 -0.5855684 -0.7104234 0.390395 0.008904767 -0.9999604 -2.324738e-05 0.008625175 -0.9999626 0.0006405286 0.009049289 -0.9999591 -0.0001416545 0.008858618 -0.9999608 1.272619e-06 -0.4980214 -0.7096515 0.4983666 0.009443699 -0.9999549 -0.001077986 0.1401907 -0.7040766 0.6961486 0.002110628 -0.7052803 0.7089255 0.1401947 -0.7040749 0.6961495 0.1893735 0.00168089 0.9819037 0.002041742 -0.7052506 0.7089552 -0.00595327 -5.284158e-05 0.9999822 -0.1357881 -0.7064877 0.6945766 -0.200415 -0.001778505 0.9797095 -0.2004389 -0.00177911 0.9797046 -0.005953991 -5.28364e-05 0.9999822 0.008823417 -0.9999611 -3.834188e-05 0.008918637 -0.9999602 -0.0001068026 -0.008834305 0.999961 -0.0001768984 -0.008915845 0.9999602 -0.0001398203 -0.200415 -0.001778813 0.9797095 -0.3882536 -0.003446002 0.9215461 -0.3882304 -0.003445393 0.9215559 -0.4036726 0.701902 0.5868409 -0.2812441 0.7030081 0.6532086 -0.4039755 0.7017738 0.5867856 -0.5606861 -0.00497587 0.8280135 -0.5104617 0.7007854 0.4983258 -0.7112492 -0.006310723 0.7029116 -0.5103841 0.70082 0.4983565 -0.5606318 -0.004974335 0.8280503 -0.7112491 -0.006310719 0.7029117 -0.008866962 0.9999607 4.174795e-05 -0.5977294 0.7000255 0.3907478 -0.5977733 0.7001293 0.3904946 -0.009266391 0.9999568 0.000669487 -0.008288567 0.999965 -0.001134443 -0.008517672 0.9999635 -0.0007958729 -0.008779774 0.9999614 -0.0003125243 -0.2814018 0.7029425 0.6532113 -0.148189 0.70411 0.694456 -0.1483715 0.7040323 0.6944957 -0.01065273 0.7052446 0.7088841 -0.005954701 -5.285252e-05 0.9999822 -0.01058455 0.705215 0.7089145 -0.2004164 -0.001778848 0.9797091 -0.009209582 0.9999574 0.0004982486 -0.008420424 0.9999643 -0.0006677764 -0.008657991 0.9999624 -0.0002296008 0.1276617 0.7064014 0.6962038 0.1277579 0.70645 0.6961367 0.2610595 0.7076188 0.6566001 0.1893199 0.001679979 0.981914 0.3770009 0.003346262 0.9262068 0.3769521 0.003344983 0.9262267 0.2611481 0.7076716 0.6565079 0.3840777 0.7087671 0.5917208 0.5506566 0.004887937 0.8347176 0.5506408 0.004887491 0.8347281 0.7031586 0.00624304 0.7110056 0.4922245 0.7097607 0.5039393 0.384192 0.7088542 0.5915422 0.7030963 0.006241078 0.7110672 0.8281184 0.007349245 0.5605051 0.8280047 0.007351494 0.5606729 0.008833987 -0.999961 9.191395e-05 0.0087478 -0.9999617 0.0001230565 0.008837188 -0.999961 -4.180122e-05 0.008810299 -0.9999612 -0.000156377 0.008756771 -0.9999617 -6.837794e-05 0.008912829 -0.9999603 -0.0001625814 0.9796569 0.008694123 0.2004912 0.9999421 0.008874146 0.006080443 0.9999436 0.00887806 0.0058377 0.008744256 -0.9999618 5.104929e-05 0.008755015 -0.9999617 0.0001716562 0.008743886 -0.9999618 5.138709e-05 0.9819005 0.008712064 -0.1891972 0.9818321 0.008717257 -0.1895516 0.9261114 0.008217068 -0.3771606 0.7022012 -0.6992389 -0.1340839 0.6627645 -0.6995922 -0.2670463 0.6627739 -0.6994429 -0.2674144 0.008651263 -0.9999624 0.000573752 0.5976304 -0.7001292 -0.3907136 0.5979019 -0.6999953 -0.390538 0.009237385 -0.999957 -0.0008386839 0.009276124 -0.9999565 -0.0009101562 -0.1273794 -0.7065182 -0.696137 -0.1274276 -0.7064986 -0.696148 -0.2610998 -0.7077006 -0.6564959 0.008913727 -0.9999603 8.957002e-05 -0.3842178 -0.7086709 -0.5917453 -0.2613806 -0.7075894 -0.6565039 0.009169288 -0.9999578 -0.0005173099 0.008817743 -0.9999611 0.0001311128 -0.3842118 -0.7086732 -0.5917463 0.008674626 -0.9999623 0.0003453378 0.008911608 -0.9999602 -9.175048e-05 -0.4923663 -0.7096241 -0.5039932 -0.5506666 -0.004884588 -0.8347109 -0.5505996 -0.004885284 -0.8347551 -0.7026762 -0.006234607 -0.7114825 -0.4918104 -0.7098594 -0.5042043 -0.5808092 -0.7106485 -0.3970381 -0.8283998 -0.007353359 -0.5600891 -0.8282877 -0.007349147 -0.5602549 -0.702675 -0.006234623 -0.7114837 0.008857763 -0.9999608 -1.742639e-05 0.008764951 -0.9999616 0.0002302441 0.009027502 -0.9999592 -6.782646e-05 0.008902362 -0.9999603 0.0001339732 -0.1893154 -0.001678448 -0.9819149 -0.1892961 -0.001679721 -0.9819186 0.00618836 5.486524e-05 -0.9999809 -0.009059102 0.999959 0.0001187864 -0.008819492 0.9999611 3.8756e-05 -0.008878678 0.9999606 0.0001021007 -0.1888704 -0.001676357 -0.9820006 0.005837954 5.181592e-05 -0.999983 -0.0088393 0.9999609 -0.0002356674 -0.1889197 -0.001675988 -0.9819912 -0.008889792 0.9999605 9.895476e-05 -0.3775827 -0.003349699 -0.9259698 -0.2738825 0.7029757 -0.6563639 -0.1400321 0.7041751 -0.6960807 -0.1399494 0.7041352 -0.6961378 -0.3775128 -0.003350292 -0.9259983 -0.550655 -0.004886867 -0.8347186 -0.5507116 -0.00488628 -0.8346813 -0.3966249 0.7017643 -0.5917901 -0.2736309 0.7028318 -0.6566229 -0.008865691 0.9999607 7.636317e-05 -0.3966217 0.701762 -0.591795 -0.008864941 0.9999607 7.525764e-05 -0.008753998 0.9999617 -0.0001293646 0.7025034 0.7116681 0.004148481 -0.009095942 0.9999586 0.0003758717 0.6897109 0.7116039 -0.1338614 0.6897237 0.7115949 -0.133843 0.9818787 0.008711872 -0.1893101 0.98181 0.00871708 -0.1896657 0.9999436 0.00887808 0.005838737 0.7025192 0.7116525 0.004184421 0.9795864 0.008695424 0.2008354 0.9999428 0.00887612 0.005960287 0.6881042 0.711593 0.141944 0.6881506 0.7115058 0.1421552 -0.008624787 0.9999627 -0.0003679674 -0.009102926 0.9999585 0.0003385808 0.6468211 0.7112725 0.2751618 0.6469357 0.7112098 0.2750541 -0.008939539 0.9999601 3.718099e-05 -0.5046898 0.7009089 -0.5039988 -0.008743051 0.9999617 -0.00025318 -0.5933393 0.7000991 -0.3972529 -0.5931436 0.7001948 -0.3973762 -0.8282897 -0.007349166 -0.5602519 -0.7026739 -0.006234614 -0.7114848 -0.5046051 0.7008169 -0.5042116 -0.8284013 -0.007353357 -0.5600868 -0.008810294 0.9999612 0.0001563996 -0.008918353 0.9999602 -0.0003040461 -0.008854967 0.9999608 0.0002101876 -0.702675 -0.006234599 -0.7114837 -0.9214821 -0.008179597 -0.3883346 -0.009083113 0.9999588 -3.290442e-07 -0.9214818 -0.008179577 -0.3883355 -0.7004962 0.699375 -0.1420554 -0.9795794 -0.008697276 -0.2008695 -0.9796043 -0.008695505 -0.200748 -0.6592559 0.6997417 -0.275215 -0.008837806 0.999961 -7.244891e-05 -0.9999436 -0.00887808 -0.005839814 0.008744992 -0.9999617 5.317597e-05 -0.9796516 -0.008692164 -0.2005172 -0.9795806 -0.008697216 -0.2008635 -0.9214818 -0.008181385 -0.3883355 -0.9214389 -0.008179228 -0.3884374 -0.6881529 -0.7115211 -0.1420681 -0.6881029 -0.7115555 -0.1421381 -0.6468604 -0.7111821 -0.2753031 -0.6468617 -0.7111539 -0.2753726 0.008906662 -0.9999604 -4.811141e-05 0.008710505 -0.999962 0.0003853156 0.008771593 -0.9999616 0.0002726312 0.008991811 -0.9999596 -0.0002052011 0.5931958 -0.7001514 0.3973749 0.6593831 -0.6997853 0.2747987 0.6593899 -0.6995773 0.2753116 0.9214622 0.008175826 0.388382 0.5931787 -0.7001136 0.3974669 0.9214626 0.008175813 0.388381 0.8281767 0.007348121 0.5604187 0.8281753 0.007348151 0.560421 0.7030963 0.006238363 0.7110673 0.5048324 -0.700918 0.5038435 0.7030953 0.006238328 0.7110684 0.5504729 0.004884162 0.8348387 0.008854872 -0.9999608 -0.0002100352 0.3770744 0.003347865 0.926177 0.5506406 0.004888877 0.8347281 0.1893652 0.001681123 0.9819053 -0.009029582 0.9999592 6.843619e-05 -0.005953991 -5.285762e-05 0.9999822 -0.008857749 0.9999608 1.741992e-05 -0.008763189 0.9999616 -0.0002349083 0.3769635 0.003344958 0.9262221 0.3965174 -0.7020072 0.591574 0.2734906 -0.7029901 0.6565119 0.3967726 -0.7018996 0.5915306 0.008856279 -0.9999608 -9.055853e-05 0.008796731 -0.9999614 5.083117e-05 0.5046183 -0.7010133 0.5039254 0.00904152 -0.9999591 -0.0004007219 0.009079142 -0.9999586 -0.000501605 -0.7024659 -0.7117057 -0.004100984 -0.6896899 -0.7116305 0.1338281 -0.7024848 -0.7116871 -0.004058952 0.2736883 -0.7029078 0.6565176 0.008783256 -0.9999615 0.0002008714 0.189343 0.001680121 0.9819096 0.7008213 -0.6990713 0.1419466 0.7003682 -0.6993946 0.1425886 0.9796326 0.008691952 0.2006103 0.009037104 -0.9999591 -0.0003127612 0.008654707 -0.9999624 0.0003926303 -0.5807838 -0.7105893 -0.3971812 -0.9999436 -0.00887221 -0.005837655 -0.9999421 -0.008876097 -0.006080372 -0.9999436 -0.00887806 -0.005838556 -0.9819135 -0.008717979 0.1891292 -0.7151266 0.6989828 -0.004104167 -0.7151386 0.6989706 -0.004131825 -0.9818906 -0.008715826 0.1892484 -0.7023422 0.6991179 0.1339764 -0.702024 0.6993487 0.1344383 -0.6625121 0.6997077 0.2673701 -0.9259903 -0.008215963 0.3774577 -0.9260763 -0.008220386 0.3772467 -0.008965096 0.9999598 0.0001760403 -0.008841953 0.9999609 -5.108606e-05 -0.009315943 0.9999563 0.0006944197 -0.008902424 0.9999604 3.826117e-05 -0.7006496 0.6990745 -0.1427759 -0.008666233 0.9999623 -0.0003974337 -0.008832037 0.999961 -9.10626e-05 -0.6594987 0.6996034 -0.2749845 -0.00898126 0.9999596 0.0002097479 -0.00859521 0.999963 -0.0005023809 0.4922624 0.7098033 0.5038422 0.5806008 0.7105665 0.3974895 -0.009045152 0.9999591 0.0003041758 0.5805197 0.7106044 0.3975402 0.9795852 0.008695317 0.2008412 0.9215065 0.00817978 0.3882769 0.9215488 0.008178405 0.3881764 -0.00884099 0.9999609 -5.007466e-05 -0.00896732 0.9999598 0.0001215054 -0.008887623 0.9999605 1.081906e-05 -0.008878421 0.9999606 2.82748e-05 -0.00887862 0.9999605 2.908292e-05 0.8348236 0.007408781 -0.5504677 -0.009098476 0.9999586 -0.0002422242 0.7111862 0.00631154 -0.7029753 0.5604384 0.00497259 -0.8281812 0.711248 0.006310676 -0.7029128 0.3881473 0.003447093 -0.9215909 0.009008749 -0.9999594 -8.097016e-05 0.008919066 -0.9999602 -0.0001087425 0.2005502 0.001781064 -0.9796818 0.3879168 0.003440787 -0.921688 0.008821433 -0.9999611 -3.855317e-05 0.2008416 0.001781446 -0.9796221 0.2007432 0.001782186 -0.9796423 0.005837953 5.182901e-05 -0.999983 0.008877286 -0.9999606 0.0001362952 0.009021148 -0.9999593 -1.769486e-05 0.1486072 -0.7039853 -0.6944931 0.387856 0.003441308 -0.9217135 0.1485848 -0.7039743 -0.6945089 0.2810394 -0.7028016 -0.6535187 0.5604377 0.004972564 -0.8281817 0.5604357 0.004972585 -0.828183 0.4036688 -0.701888 -0.58686 0.2814167 -0.7030198 -0.6531215 0.4034335 -0.7017121 -0.5872321 0.008777687 -0.9999614 0.0003135589 0.007988626 -0.9999666 0.001769614 0.008150933 -0.9999658 0.001384226 0.5105368 -0.7007594 -0.4982854 0.5106685 -0.7009066 -0.4979436 0.00877162 -0.9999615 -0.0001562975 0.711248 0.006310701 -0.7029128 0.7112488 0.006310691 -0.7029121 0.01040715 -0.7051963 -0.7089357 0.01021824 -0.7052819 -0.7088534 0.008824491 -0.999961 0.0001418452 0.00583725 5.181147e-05 -0.999983 0.2005699 0.00177976 -0.9796778 0.006187716 5.490678e-05 -0.9999809 -0.00891952 0.9999602 0.0001065018 -0.009006094 0.9999594 7.968174e-05 -0.00882453 0.9999611 3.823009e-05 0.3878781 0.003441913 -0.9217042 0.2007905 0.00178185 -0.9796326 0.3878676 0.003442003 -0.9217087 0.2684877 0.7079216 -0.6532697 0.3905114 0.7090321 -0.587175 0.560409 0.004972899 -0.8282011 0.3912362 0.7087409 -0.5870439 -0.00800167 0.9999665 -0.001754746 -0.009075681 0.9999588 0.0002272821 0.4980451 0.7096818 -0.4982999 -0.00908626 0.9999587 0.0003409381 -0.008818866 0.9999611 -0.0001522943 0.4978222 0.7097766 -0.4983876 0.5854166 0.7106312 -0.3902446 0.5853903 0.7105656 -0.3904032 0.8347661 0.007406594 -0.5505548 0.926111 0.008217066 -0.3771616 0.6501155 0.7112426 -0.2673645 0.6501449 0.7112265 -0.2673362 -0.009444705 0.999955 0.0008706031 -0.009008219 0.9999595 6.537479e-05 0.1364938 0.7063335 -0.6945952 -0.002660308 0.7050838 -0.709119 -0.002126151 0.7053271 -0.7088789 0.005837969 5.181633e-05 -0.999983 0.2007713 0.001781995 -0.9796365 0.1360167 0.7065265 -0.6944924 0.2690328 0.7077063 -0.6532789 0.926111 0.008217064 -0.3771615 -0.008848011 0.9999608 -7.369839e-05 0.8348235 0.007408732 -0.5504679 0.8347687 0.007406645 -0.5505509 0.926069 0.0082185 -0.3772649 -0.008603054 0.9999628 -0.0005333403 -0.1888473 -0.001676572 -0.9820051 -0.1888694 -0.001676406 -0.9820008 -0.3777147 -0.003350449 -0.925916 -0.3775492 -0.003351853 -0.9259835 0.7151535 -0.6989545 0.004246329 0.7022535 -0.6991417 -0.1343163 0.7151083 -0.6990002 0.004348421 -0.6628193 0.6995307 0.2670717 -0.8346228 -0.007405293 0.5507721 -0.8346198 -0.007405354 0.5507765 0.008798825 -0.9999613 2.309973e-05 0.008791103 -0.9999614 1.891324e-05 -0.5606877 -0.004975547 0.8280124 -0.3881889 -0.003444792 0.9215734 0.009007241 -0.9999594 -7.934668e-05 0.008825369 -0.999961 0.0001981547 -0.3882348 -0.003446 0.921554 -0.9999352 -0.01136396 0.000673621 -0.7308267 -0.4023036 -0.551402 -0.999828 -0.01800709 -0.004433577 -0.7310959 -0.5022914 -0.4617383 -0.7306381 -0.5020633 -0.4627098 -0.7301167 -0.6401172 -0.2391222 -0.7304231 -0.6400125 -0.2384664 -0.9999354 -0.01134605 0.0006904386 -0.7303091 -0.5818064 -0.3579804 -0.730829 -0.5818473 -0.356851 -0.999923 -0.01240301 0.0004418081 -0.9999247 -0.0122711 -3.970638e-05 -0.9999238 -0.0123366 -0.0004550348 -0.9999235 -0.01236694 -2.344949e-05 -0.9999251 -0.01222919 0.0003494642 -0.9999246 -0.01227668 -2.074284e-05 -0.9999247 -0.01227753 -2.211845e-05 -0.7304508 -0.6664101 0.1494627 -0.7303411 -0.6828086 0.01934257 -0.7303205 -0.6828319 0.01930444 -0.9999297 -0.01185959 0.0003995274 -0.9999287 -0.01194018 0.0003375623 -0.9999213 -0.01254005 -0.0002389813 -0.7305105 -0.6663237 0.149557 -0.7306495 -0.6251329 0.2745183 -0.9999211 -0.01256178 -0.0002556911 -0.9999223 -0.01246363 -0.0001636202 -0.7303584 -0.6256348 0.2741487 -0.7306076 -0.5608123 0.3894896 -0.9999259 -0.01218289 0.0001747192 -0.999924 -0.01232924 7.583e-06 -0.9896109 -0.1180942 0.08200035 -0.9982886 -0.05146847 0.02776192 -0.9999251 -0.01223796 7.369092e-05 -0.998816 -0.03930338 0.02866784 -0.9999255 -0.0122054 0.0001328779 -0.9952847 -0.0687228 0.06845098 -0.995334 -0.06490785 0.07139516 -0.998966 -0.03250863 0.03178106 -0.9999231 -0.01239886 -7.250591e-05 -0.9999247 -0.01227076 8.261127e-05 -0.9999269 -0.01209913 7.592031e-05 -0.9999254 -0.01221122 -1.547186e-05 -0.9999181 -0.0127987 -0.0001743775 -0.9974666 -0.02398461 0.06697045 -0.9983763 -0.03062284 0.0480317 -0.9999207 -0.01259 -6.355596e-05 -0.9948084 -0.0278353 0.09788396 -0.9999273 -0.01205011 7.534995e-06 -0.9999257 -0.01219524 -3.621533e-05 -0.9988419 -0.01069467 0.04690795 -0.9737451 -0.04706578 0.2227225 -0.9745235 -0.04683794 0.2193399 -0.9743515 0.009686771 0.2248231 -0.9845778 0.004749846 0.1748827 -0.9992951 -0.003468832 0.03737774 -0.9849798 0.04824977 0.1657914 -0.9750047 0.06532409 0.2123639 -0.9744208 0.009630745 0.2245248 -0.898741 0.1400378 0.4155166 -0.8982232 0.03122617 0.438429 -0.8984592 0.03113255 0.4379518 -0.9752799 0.06480543 0.2112569 -0.8985386 0.1402176 0.4158932 -0.8988901 0.2403602 0.3663653 -0.9755152 0.1161976 0.1867305 -0.9757573 0.1155066 0.1858924 -0.9759235 0.1589224 0.149389 -0.8990929 0.2400911 0.3660437 -0.8993712 0.3243192 0.2931697 -0.9760389 0.1585016 0.1490818 -0.9763477 0.1905053 0.1022402 -0.9761849 0.1911908 0.1025145 -0.8987474 0.3891729 0.201984 -0.8987696 0.3253279 0.2938962 -0.8991361 0.3884269 0.2016904 -0.7678058 0.5700231 0.2924859 -0.768614 0.4775945 0.4256009 -0.7683498 0.4778563 0.4257838 -0.766962 0.5709739 0.2928448 -0.5851088 0.7225573 0.3681828 -0.5863345 0.606843 0.5366129 -0.5858253 0.6071549 0.5368161 -0.367393 0.5231519 0.7689828 -0.3644082 0.6992642 0.615009 -0.3668882 0.5233026 0.7691212 -0.5874119 0.453016 0.6706145 -0.3703764 0.313483 0.8743854 -0.3734582 0.312791 0.8733217 -0.5891351 0.4521568 0.669682 -0.590771 0.2691226 0.7606331 -0.3772789 0.08416252 0.9222674 -0.3772536 0.08416589 0.9222775 -0.5917189 0.07007112 0.8030933 -0.5900924 0.2693609 0.7610753 -0.593208 0.06980514 0.8020172 -0.7690932 0.2100918 0.6036201 -0.769381 0.05172404 0.6366927 -0.7705501 0.2093032 0.6020337 -0.5947179 -0.1326651 0.7929128 -0.5941871 -0.1326694 0.7933099 -0.7674276 0.05221647 0.6390058 -0.7675518 -0.1092157 0.6316139 -0.7694191 -0.1091181 0.6293549 -0.7690699 -0.262666 0.5826989 -0.5955358 -0.3260337 0.7341928 -0.5982396 -0.3255013 0.7322283 -0.7696656 -0.3630817 0.5251538 -0.7679964 -0.2630453 0.5839423 -0.660942 -0.4304022 0.6147435 -0.6009641 -0.4518066 0.6593276 -0.6611955 -0.5000247 0.5592815 -0.599376 -0.5381747 0.5925508 -0.5021175 -0.4945892 0.7094079 -0.5026717 -0.5740767 0.6463414 -0.5973642 -0.6372884 0.4868465 -0.3811184 -0.7333078 0.563035 -0.3837719 -0.7325842 0.5621738 -0.3845748 -0.6178148 0.6858622 -0.3849053 -0.8483187 0.3635979 -0.5983549 -0.7369815 0.3143718 -0.5986646 -0.6366034 0.4861446 -0.3829924 -0.8489829 0.3640671 -0.7691032 -0.5092595 0.3861802 -0.7693923 -0.5881009 0.2493448 -0.7694119 -0.5089902 0.3859201 -0.5974401 -0.7375712 0.3147286 -0.8947755 -0.3033846 0.3276196 -0.8931102 -0.305178 0.3304855 -0.7945011 -0.4074658 0.4502661 -0.893136 -0.3600048 0.2696381 -0.7713814 -0.4299527 0.4691603 -0.9599638 -0.1907159 0.2051757 -0.9732893 -0.1617196 0.1629561 -0.9726314 -0.1883335 0.136083 -0.8937646 -0.3590876 0.2687767 -0.9719622 -0.1903916 0.1379875 -0.9715505 -0.2192906 0.08944986 -0.8931504 -0.414661 0.1741795 -0.8935477 -0.4139649 0.1737976 -0.7672315 -0.6336869 0.09897906 -0.8934033 -0.4439748 0.06867898 -0.7673025 -0.6336043 0.09895682 -0.7675591 -0.5900292 0.2504369 -0.7671863 -0.6387654 -0.05834136 -0.5983375 -0.7978747 -0.07340328 -0.598393 -0.7914995 0.1243163 -0.5973116 -0.7986457 -0.07337549 -0.7675891 -0.638281 -0.05834677 -0.7681849 -0.6041273 -0.2119486 -0.5965708 -0.7568074 -0.2671064 -0.5966049 -0.7567824 -0.2671008 -0.7675464 -0.604874 -0.2121323 -0.596475 -0.6680855 -0.4448363 -0.5997182 -0.6659147 -0.4437292 -0.7679598 -0.5340843 -0.3535418 -0.8943014 -0.4227327 -0.1467038 -0.8934529 -0.4243764 -0.1471272 -0.7673373 -0.5347435 -0.3538967 -0.8939955 -0.3749914 -0.245262 -0.9725725 -0.1964611 -0.1245222 -0.8944553 -0.3741846 -0.2448175 -0.9717674 -0.2236304 -0.07521787 -0.9722498 -0.2216952 -0.07471057 -0.9937199 -0.1067171 -0.0336474 -0.9984982 -0.05432076 -0.007115594 -0.9797459 -0.19949 -0.01737155 -0.9716016 -0.235712 -0.02074184 -0.972164 -0.233383 -0.02072829 -0.9824874 -0.1843468 0.02710551 -0.9722084 -0.2315455 0.03460766 -0.9986317 -0.05228315 0.001111521 -0.8942246 -0.4457821 -0.04050523 -0.9715508 -0.2341902 0.03526784 -0.8933863 -0.4474597 -0.04050658 -0.8934341 -0.4439154 0.06866379 -0.9718085 -0.2183516 0.0889424 -0.99516 -0.09206498 0.03436242 -0.9985493 -0.0530439 0.009252277 -0.9974045 -0.06875839 -0.02136663 -0.9720338 -0.1984231 -0.1256125 -0.9906712 -0.1166818 -0.07039798 -0.9980054 -0.05676715 -0.02761625 -0.9999233 -0.01238405 -1.981832e-05 -0.9999253 -0.01222488 -0.0003372351 -0.9999239 -0.01233386 0.0001103849 -0.9999259 -0.01216973 -0.0001003616 -0.9999207 -0.01259539 0.000125691 -0.9999223 -0.01246126 9.774824e-06 -0.9999258 -0.01218486 -7.356721e-05 -0.9999222 -0.0124709 8.902267e-05 -0.9987873 -0.03625847 -0.033305 -0.9878268 -0.08082385 -0.132913 -0.9985891 -0.03171466 -0.04259071 -0.999924 -0.01232676 0.0001330649 -0.999927 -0.01207913 5.065903e-05 -0.9970239 -0.02881701 -0.07150462 -0.9999191 -0.01272409 9.419987e-05 -0.9999275 -0.01204859 8.647859e-06 -0.9986395 -0.01348119 -0.05037362 -0.9954584 -0.03224858 -0.08956801 -0.9860505 -0.007138674 -0.1662939 -0.9744467 -0.005186648 -0.2245594 -0.9738346 -0.06123948 -0.2188509 -0.9743177 -0.005216901 -0.2251174 -0.8974945 0.1129946 -0.4263048 -0.8968375 0.002332017 -0.4423541 -0.8981056 0.1127492 -0.4250813 -0.9748911 0.05114104 -0.2167297 -0.7699565 0.1696258 -0.6151373 -0.8986984 0.2147179 -0.38241 -0.8948133 0.2193204 -0.3888544 -0.7697533 0.3173502 -0.5538671 -0.7930338 0.3041892 -0.5277938 -0.8951187 0.3108674 -0.3195686 -0.7926052 0.4269667 -0.435289 -0.7695546 0.4491192 -0.4539579 -0.7686038 0.5486755 -0.328943 -0.8985009 0.3752997 -0.2276976 -0.8983595 0.3065651 -0.3145916 -0.7689691 0.5483188 -0.3286836 -0.5859631 0.7777994 -0.2273225 -0.7687093 0.6136407 -0.1803642 -0.5839411 0.7791485 -0.2279046 -0.5851319 0.696816 -0.414811 -0.5867028 0.6959078 -0.4141161 -0.358584 0.8962405 -0.2610948 -0.3614389 0.8022733 -0.4750995 -0.3598075 0.8958145 -0.2608736 -0.3617887 0.8021696 -0.4750083 -0.4441543 0.860123 -0.2508296 0.1393794 0.9049166 -0.4021183 -0.4702396 0.7589716 -0.4503742 -0.364407 0.6593009 -0.6576701 0.09618979 0.8135676 -0.5734591 -0.3681077 0.6583783 -0.6565325 -0.4902392 0.6134697 -0.6191288 -0.2964366 0.6679375 -0.6826308 -0.2992435 0.4854283 -0.8214698 -0.3703209 0.4688077 -0.8019238 -0.4934899 0.4408344 -0.7497551 -0.5884817 0.5709407 -0.5724647 -0.587612 0.4057804 -0.7000389 -0.6540228 0.5310929 -0.5386971 -0.6551563 0.3810054 -0.6523842 -0.373776 0.2552918 -0.8916937 -0.3869319 0.4693788 -0.7937047 0.08505476 0.3577288 -0.929944 -0.4800755 0.2396003 -0.8438715 -0.3682297 0.2555384 -0.8939278 -0.5911324 0.2190055 -0.7762726 -0.5928643 0.01712254 -0.8051203 -0.5906487 0.01698522 -0.8067501 -0.3714584 0.02337646 -0.9281554 -0.5897654 0.2191743 -0.7772641 -0.7698404 0.009877231 -0.6381601 -0.7711015 0.1693639 -0.6137739 -0.7713675 0.009994008 -0.6363113 -0.7699342 -0.1498335 -0.6202832 -0.897098 -0.107808 -0.4284773 -0.8964174 -0.108228 -0.4297937 -0.8979295 0.002456138 -0.4401325 -0.769703 -0.1499207 -0.620549 -0.8959068 -0.2119586 -0.3904159 -0.769496 -0.2996501 -0.563991 -0.8956689 -0.2122146 -0.3908224 -0.5959144 -0.3729939 -0.7111692 -0.595041 -0.184085 -0.7823292 -0.592117 -0.1848029 -0.7843758 -0.7709189 -0.2987192 -0.5625397 -0.5971363 -0.5374051 -0.5955032 -0.5964146 -0.3727856 -0.7108589 -0.7675161 -0.4314571 -0.4740925 -0.7703671 -0.4289316 -0.4717543 -0.3824646 -0.4262083 -0.8197971 -0.3798254 -0.4268739 -0.8206774 -0.59981 -0.5359017 -0.5941693 -0.3820584 -0.6168357 -0.6881461 0.1073701 -0.5773031 -0.8094398 -0.4897673 -0.5827997 -0.6484385 -0.3825494 -0.6166738 -0.6880185 -0.4479097 -0.4133656 -0.7927836 -0.3856705 -0.7667313 -0.5132068 -0.3841977 -0.767303 -0.5134571 -0.4170609 -0.755439 -0.5053435 0.08242478 -0.7264754 -0.6822314 -0.01361271 -0.7294396 -0.6839098 -0.01583474 -0.8485073 -0.5289466 -0.0158595 -0.8485571 -0.5288662 -0.1038503 -0.8443736 -0.5255933 -0.0174769 -0.9350954 -0.353965 -0.0174769 -0.9350954 -0.353965 -0.1849049 -0.9193692 -0.3472326 0.03987766 -0.9853569 -0.1657758 -0.01842819 -0.9859937 -0.1657613 -0.3738391 -0.8742176 -0.3098195 -0.3857216 -0.9187085 -0.08481515 -0.3861332 -0.9185339 -0.08483275 -0.4828601 -0.8720009 -0.08037713 -0.386171 -0.8694619 -0.3080712 0.10887 -0.9936523 0.02832463 -0.474975 -0.8692861 0.1368963 -0.386298 -0.9111138 0.1436858 -0.385329 -0.9115013 0.1438299 -0.0186796 -0.9994208 0.0284451 -0.01822231 -0.9749544 0.2216572 -0.01819487 -0.9749793 0.2215499 0.01759324 -0.9749689 0.2216441 -0.017047 -0.9134704 0.406548 -0.01707154 -0.9134294 0.406639 -0.2282902 -0.8898807 0.3949632 -0.3450085 -0.8625434 0.3701191 -0.01526963 -0.8170166 0.5764119 -0.06825881 -0.8154729 0.5747561 -0.01524719 -0.8170702 0.5763364 0.03768425 -0.8163182 0.5763718 -0.01286 -0.689145 0.7245092 0.417438 -0.7172374 0.5579569 -0.01288123 -0.6892029 0.724454 -0.1195387 -0.6850179 0.7186522 0.09222724 -0.6625434 0.7433239 0.3674659 -0.6173659 0.6955777 0.3031424 -0.6281827 0.7165831 0.3633995 -0.7355564 0.5717496 0.3618409 -0.7361206 0.5720119 0.3604784 -0.8558037 0.3710193 0.5867524 -0.7424194 0.3233189 0.588702 -0.6369584 0.497709 0.5867119 -0.7424478 0.3233268 0.7680548 -0.586525 0.2570613 0.7677678 -0.6325847 0.1018289 0.7667532 -0.6338037 0.1018949 0.5852851 -0.8006586 0.1280116 0.7666965 -0.6391865 -0.06014366 0.7668421 -0.6390148 -0.06011008 0.5846285 -0.8077714 -0.07559682 0.5847978 -0.8010132 0.1280207 0.3597946 -0.9290025 -0.08661541 0.3596013 -0.9214811 0.1468314 0.584509 -0.8078561 -0.07561579 0.358009 -0.9221062 0.1467984 0.3187478 -0.8697858 0.3766595 0.3585083 -0.8565673 0.3711661 -0.05384805 -0.9737232 0.221277 0.4547826 -0.8794724 0.1403603 0.5848894 -0.7632536 -0.2744966 0.3613954 -0.877832 -0.3143314 0.5843958 -0.7635737 -0.2746576 0.3598925 -0.9289656 -0.08660423 0.360896 -0.8780014 -0.3144323 0.462264 -0.8829008 -0.08245049 -0.07662095 -0.9832808 -0.1651909 0.348404 -0.8824818 -0.3159754 0.3628676 -0.7715229 -0.5225702 0.07353342 -0.8460023 -0.5280841 0.3956269 -0.760267 -0.515241 0.1530376 -0.9239591 -0.350541 0.3631022 -0.7714567 -0.5225048 0.5894699 -0.5329613 -0.6070235 0.5880116 -0.5335732 -0.6078997 0.3658428 -0.61607 -0.6975793 0.5871885 -0.6691391 -0.4554806 0.767737 -0.4204991 -0.4834878 0.7675251 -0.5287092 -0.3624527 0.5862474 -0.6696581 -0.4559297 0.7695785 -0.4191869 -0.4816964 0.8992617 -0.2844317 -0.332306 0.8989763 -0.1917371 -0.3938 0.7701905 -0.2841885 -0.5710021 0.897777 -0.1926702 -0.396074 0.9749461 -0.03757763 -0.2192442 0.9748793 -0.03761792 -0.2195344 0.9754354 -0.09130575 -0.2004716 0.8972877 -0.08675104 -0.4328382 0.8982833 0.02424874 -0.4387471 0.8988964 -0.08630276 -0.4295778 0.9743004 0.01870196 -0.2244748 0.9742476 0.01872812 -0.2247022 0.973637 0.07476354 -0.2155026 0.9790522 0.06796569 -0.1919307 0.9873941 0.01683533 -0.1573832 0.999095 0.01859638 -0.03825534 0.9989187 0.01099038 -0.04517454 0.9999273 0.01205972 0.0001642123 0.9999239 0.01233217 -7.647943e-05 0.9999244 0.01229811 -0.0001124591 0.9999238 0.01233731 -9.425449e-05 0.9967482 -0.005885989 -0.08036403 0.9974034 -0.004258681 -0.07189056 0.9999255 0.01220178 -7.370346e-05 0.9990546 -0.00712797 -0.0428834 0.9999251 0.0122339 -0.0001098633 0.9994155 -0.01085774 -0.03241396 0.9899147 -0.05502611 -0.1305414 0.98046 -0.1238949 -0.1528011 0.9759964 -0.1379446 -0.1685295 0.975534 -0.1391819 -0.1701818 0.9750834 -0.09189808 -0.2019091 0.8986414 -0.2851942 -0.3333287 0.8992522 -0.3593626 -0.2494071 0.898845 -0.360015 -0.249934 0.976279 -0.1757859 -0.1264062 0.8993139 -0.4106751 -0.1502679 0.9761062 -0.1763931 -0.1268944 0.8991596 -0.4109644 -0.1504005 0.9763289 -0.2023455 -0.07640823 0.9762999 -0.2024646 -0.0764624 0.9960178 -0.08250239 -0.03379239 0.9986285 -0.04730941 -0.02242802 0.9935333 -0.09019034 -0.06897313 0.9989865 -0.03427856 -0.02917254 0.9999253 0.0122275 9.015461e-05 0.9999223 0.01246445 -2.777932e-05 0.9999253 0.01222046 5.323658e-06 0.01479511 0.792829 0.6092646 0.9999248 0.01225997 4.238287e-05 0.9999249 0.01225814 2.454654e-05 0.999926 0.01216896 -8.260405e-05 0.9999245 0.01228182 -2.117331e-05 0.0172845 0.9261953 -0.3766478 0.01479565 0.7928293 0.6092641 0.9999245 0.01228563 1.328302e-05 0.01728452 0.9261953 -0.3766478 0.999924 0.01232812 -4.08784e-05 0.9999245 0.01228556 1.376358e-05 -0.01479428 -0.7927855 -0.6093211 -0.0147943 -0.7927855 -0.6093211 0.9999245 0.01228547 1.34839e-05 -0.01728448 -0.9261933 0.3766528 -0.01728384 -0.9261931 0.3766533 0.9999234 0.0123805 1.574801e-05 0.9999247 0.01227661 0.0001685721 0.9999251 0.01223607 -0.0002242047 0.9999218 0.01250491 9.877985e-05 0.9999245 0.01228286 -2.205199e-05 0.9999239 0.01233527 3.825421e-05 0.9999241 0.01232009 4.031245e-05 0.9999244 0.01230106 -0.0001192127 0.9980147 0.05133162 0.03649171 0.9918791 0.1008247 0.07752571 0.9987629 0.04527087 0.02057453 0.9714788 0.2140521 0.102032 0.9798798 0.1805493 0.08507322 0.9720792 0.1817384 0.1484361 0.9717095 0.2132423 0.1015292 0.8941498 0.4377352 0.09425525 0.8945085 0.4370493 0.09403468 0.8948433 0.4007424 0.1966238 0.9712062 0.2331744 0.04886768 0.8931934 0.4494527 -0.01406292 0.8940408 0.4477616 -0.01416446 0.9714027 0.2324055 0.04862563 0.9713312 0.2376213 -0.007199456 0.9884119 0.148778 0.03011517 0.9718309 0.2355657 -0.007311848 0.998194 0.05952153 0.008121793 0.9961057 0.0881354 -0.00238268 0.9956445 0.09319106 -0.002717122 0.9983578 0.05642392 -0.009891417 0.9719154 0.2269243 -0.06233503 0.9842557 0.1706727 -0.0459506 0.971858 0.2271577 -0.0623814 0.9721928 0.2047361 -0.1136858 0.8944688 0.3880025 -0.2222157 0.894281 0.3883425 -0.2223771 0.8938287 0.4315169 -0.1219149 0.8934364 0.4322866 -0.1220642 0.7668018 0.6172391 -0.176156 0.7691182 0.5530342 -0.3203286 0.767074 0.5552694 -0.3213617 0.7699329 0.4581399 -0.4441972 0.5970885 0.6931365 -0.4037912 0.6591973 0.5359299 -0.5274827 0.5969917 0.5736582 -0.5608184 0.3859611 0.796068 -0.4661651 0.3843915 0.6580874 -0.6474289 0.5037656 0.6140647 -0.6075728 0.5989372 0.6918628 -0.4032371 0.5992059 0.7694913 -0.2209879 0.5965264 0.7714804 -0.2213012 0.3839473 0.7968696 -0.4664584 0.3849455 0.8868681 -0.2555034 0.3877097 0.9213034 -0.02968371 0.3865376 0.8861937 -0.2554395 0.5960281 0.8025547 -0.02561992 0.5972683 0.8016294 -0.02571039 0.386559 0.9217895 -0.02960459 0.3872304 0.9005147 0.1978025 0.5971799 0.7835863 0.1713728 0.5966104 0.7839879 0.17152 0.5970817 0.7176619 0.3584061 0.7678879 0.5738147 0.2847542 0.7674217 0.574286 0.2850605 0.7670421 0.6269415 0.136348 0.8944096 0.4014813 0.1970894 0.8951705 0.3403128 0.2878487 0.7684439 0.4858836 0.4164266 0.8952457 0.3402084 0.2877381 0.9731793 0.1382238 0.1838919 0.9725611 0.1395075 0.1861787 0.9720726 0.1817574 0.148456 0.8959782 0.2587153 0.3609563 0.9737939 0.08834317 0.2095736 0.9730397 0.08917213 0.2127015 0.8956296 0.1615998 0.4144069 0.8947415 0.2599241 0.3631489 0.896546 0.1611369 0.4126018 0.7706087 0.3668716 0.5211213 0.7711454 0.2260192 0.5951892 0.7697047 0.367388 0.5220927 0.5947707 0.459652 0.659521 0.7688512 0.4855506 0.416063 0.5962928 0.6076443 0.5245981 0.5957933 0.6078892 0.5248821 0.3820345 0.6978807 0.6058152 0.3835254 0.8253761 0.4143218 0.597004 0.7177098 0.3584392 0.3861259 0.824511 0.4136283 0.3870457 0.900587 0.1978347 -0.09935696 0.9303997 0.3528239 0.491226 0.7787752 0.3901363 0.4530005 0.8707938 0.1910729 0.03875089 0.9854429 0.1655312 0.01845677 0.9860088 0.1656686 0.01839981 0.9859729 0.1658882 0.01744977 0.9350638 0.3540494 0.01744928 0.9350646 0.3540476 -0.4728509 0.785507 0.3992379 0.1111559 0.8437525 0.5250961 0.1335486 0.9270031 0.3504711 0.01583521 0.8485705 0.5288453 -0.3976004 0.6887707 0.6062251 -0.07858573 0.7267895 0.6823499 0.01361333 0.7295056 0.6838393 0.0158352 0.8485705 0.5288453 -0.1632786 0.5723298 0.8036036 0.01085167 0.581498 0.8134755 0.01361371 0.7295046 0.6838404 0.01085137 0.581499 0.8134748 0.184394 0.5729724 0.7985621 0.1063177 0.7259603 0.6794691 0.3805308 0.5263581 0.7603574 0.3814343 0.5262163 0.7600029 0.3832339 0.697578 0.6054063 0.4185984 0.6861084 0.5950049 0.3682619 0.5290582 0.7645134 0.3785096 0.320273 0.8684214 -0.05249451 0.4104294 0.9103802 0.4791857 0.3052394 0.8229276 0.3818331 0.3200991 0.8670294 0.5936584 0.08430171 0.8002893 0.5932782 0.08428738 0.8005726 0.5946365 0.2810691 0.7532647 0.3789421 0.09326888 0.9207084 0.3797688 0.09331418 0.9203631 0.5919454 -0.1187207 0.7971864 0.5912604 -0.1188726 0.7976718 0.3763854 -0.1402292 0.9157891 0.3701792 -0.3659264 0.8538532 0.3737944 -0.1406342 0.9167878 0.5927309 -0.3144422 0.7414826 0.589282 -0.3157882 0.7436562 0.5936261 -0.4449657 0.6705322 0.6563444 -0.4219344 0.6254464 0.7714521 -0.3490262 0.5320174 0.769844 -0.2462943 0.5887948 0.7704592 -0.4202114 0.4793903 0.7956193 -0.3953807 0.4589815 0.7958787 -0.3353747 0.5040843 0.6558067 -0.4940432 0.5708231 0.5872133 -0.637908 0.4982509 0.5910797 -0.5341608 0.6043981 0.7667052 -0.5045624 0.3969635 0.768059 -0.5031713 0.3961113 0.7665254 -0.5882832 0.2576081 0.8986655 -0.4010698 0.1776038 0.8988883 -0.4006334 0.1774616 0.8987952 -0.3426993 0.2733573 0.8986211 -0.3430028 0.2735494 0.9761806 -0.1973193 0.09020369 0.9762069 -0.197206 0.09016608 0.9759974 -0.1677652 0.1388666 0.9761722 -0.1670994 0.1384396 0.9762635 -0.1399876 0.165267 0.9637174 -0.1688464 0.206736 0.8995709 -0.2848288 0.3311266 0.8964005 -0.2883592 0.336623 0.9635302 -0.1441989 0.2254244 0.8993533 -0.2372139 0.367278 0.8962758 -0.2416202 0.3718997 0.8980144 -0.1659846 0.4074547 0.898645 -0.165355 0.4063187 0.9750793 -0.07814525 0.2076381 0.9757532 -0.1116018 0.1882842 0.9994097 -0.008706858 0.0332335 0.9964001 -0.04188693 0.07370476 0.9917989 -0.04044268 0.1212407 0.9751083 -0.0780839 0.2075255 0.9745463 -0.02338766 0.2229633 0.9961776 -0.001607796 0.08733676 0.9745823 -0.02334886 0.2228092 0.9980353 0.001519629 0.06263604 0.9989917 -0.004783955 0.04463904 0.9999256 0.012199 9.947039e-05 0.9999238 0.01233999 3.393746e-05 0.8976317 0.05334644 0.437506 0.8973657 0.05334547 0.4380516 0.9739655 0.03368934 0.2241791 0.8983343 -0.05796459 0.4354716 0.8981341 -0.05806847 0.4358709 0.7703087 0.07071789 0.6337377 0.767562 -0.09115456 0.6344599 0.7678902 0.07066603 0.6366718 0.9999245 0.01228459 2.385478e-05 0.9990028 0.01350978 0.04255776 0.9999243 0.01230417 4.453648e-05 0.9990951 0.02077865 0.03711076 0.9999252 0.01223005 1.010982e-05 0.9855015 0.02822617 0.1673027 0.9987283 0.03037188 0.04024027 0.999925 0.01224055 8.517842e-06 0.9822467 0.07478676 0.1720418 0.9999246 0.01228409 -4.04808e-05 0.9975804 0.04812994 0.05016773 0.9937511 0.07111587 0.08603146 0.9736333 0.03369827 0.2256161 0.9999247 0.01227469 3.375797e-05 0.999925 0.0122445 1.054366e-05 0.9994281 -0.01603911 0.02977278 0.9964485 -0.04617627 0.07041403 0.9999253 0.0122243 -6.596664e-05 0.9992766 -0.02651519 0.02726239 0.9917217 -0.09683063 0.08433259 0.9999258 0.01217826 0.0001798467 0.9986398 -0.04532215 0.02578022 0.7702088 -0.09029772 0.6313673 0.7698452 -0.2462936 0.5887935 0.9967197 -0.07228062 0.03640612 0.999488 -0.03051351 0.009620751 0.987969 -0.1524196 0.02618222 0.9762676 -0.2135795 0.03585086 0.999709 -0.02409764 0.001057759 0.9860625 -0.1655466 -0.0165862 0.9761313 -0.2141944 0.03589479 0.9761348 -0.2161219 -0.02126134 0.8992488 -0.4354721 -0.04141984 0.9763983 -0.2149497 -0.02105102 0.8992487 -0.4317559 0.07027535 0.8988873 -0.4324996 0.07032502 0.4920169 -0.4896816 0.7198133 0.4908088 -0.5717217 0.6574504 0.3663581 -0.517944 0.7729914 0.3665639 -0.3668041 0.8550354 0.3051353 -0.5358284 0.7872613 -0.1147358 -0.5315544 0.8392172 0.4257182 -0.3560256 0.8318712 0.09417375 -0.5569515 0.8251887 -0.009983061 -0.53414 0.845337 0.04824286 -0.3569621 0.9328723 -0.006690386 -0.3579664 0.9337106 -0.003140654 -0.1682903 0.9857325 -0.006681101 -0.3580033 0.9336964 0.211702 -0.1619687 0.9638197 0.0005389955 0.02888264 0.9995826 -0.003140568 -0.1682906 0.9857324 -0.03485196 0.02842557 0.9989882 0.3329902 -0.1435419 0.9319406 0.4685198 0.09040642 0.878815 -0.1240266 0.2212697 0.9672937 0.0005405222 0.02887611 0.9995829 0.00420225 0.2244952 0.9744661 0.1317163 0.2240624 0.9656328 0.004190359 0.2245447 0.9744548 -0.4666044 0.07908088 0.8809236 0.03577713 0.02929918 0.9989302 0.06878863 0.4112736 0.9089127 0.007681161 0.411603 0.9113309 -0.4711967 0.2963628 0.8307483 -0.3362395 -0.1514061 0.9295263 -0.2175788 -0.1667882 0.9616866 -0.3775715 -0.1491693 0.9138864 -0.3807398 -0.1492613 0.9125559 -0.4354806 -0.3631603 0.8236936 -0.06116895 -0.3579199 0.9317465 -0.3803459 -0.3724011 0.8465546 0.09537712 -0.5308011 0.8421125 -0.1142979 -0.5574522 0.8223035 -0.3771296 -0.3726489 0.8478833 -0.3811739 -0.520851 0.7638198 -0.3227192 -0.5376645 0.7789539 -0.1161805 -0.6623451 0.7401358 -0.3235714 -0.6281069 0.7076604 -0.0099831 -0.5341401 0.845337 0.5955584 0.2809297 0.752588 0.7700366 0.2263343 0.5965035 0.007680919 0.4116022 0.9113313 0.596791 0.4589821 0.6581609 -0.3519745 0.5266433 0.7737964 -0.07820898 0.8457471 0.5278212 -0.3598165 0.9108799 0.2020645 -0.3624614 0.9098322 0.2020575 -0.3613056 0.8315823 0.4218163 -0.4306434 0.8810085 0.195883 -0.3586437 0.9329783 -0.03043207 -0.2847922 0.958081 -0.03121346 -0.3611592 0.932015 -0.0302009 -0.002757074 0.9861285 0.1659609 -0.2429627 0.9696382 -0.02776472 0.02673137 0.974791 -0.2215126 0.01819345 0.9749716 -0.221584 0.01864964 0.9994182 -0.02855617 0.01819453 0.9749725 -0.2215799 -0.1084463 0.9078608 -0.405004 0.4648557 0.850838 -0.2449161 0.01704497 0.9133726 -0.4067676 0.008657509 0.9750906 -0.2216378 0.01709868 0.9134558 -0.4065786 0.01529372 0.8170303 -0.5763919 -0.06642113 0.8149869 -0.5756601 0.4858257 0.7547169 -0.4408806 0.0152451 0.8169243 -0.5765435 0.01286492 0.6893803 -0.7242853 0.01292168 0.689208 -0.7244483 0.1176392 0.6851583 -0.7188319 0.3984916 0.6506762 -0.6463938 0.3153447 0.4961016 -0.8089752 0.1150742 0.5315828 -0.8391529 0.317518 0.6730667 -0.6679547 0.009968471 0.5341865 -0.8453079 0.3875854 0.4719895 -0.7918355 -0.07170042 0.3564398 -0.9315631 0.006684121 0.3581861 -0.9336263 0.006684126 0.3581861 -0.9336264 0.003135887 0.1680445 -0.9857744 0.4847694 0.2497961 -0.8382128 -0.117293 0.1654381 -0.9792204 -0.009866492 -0.02899593 -0.9995309 0.4591941 0.03294968 -0.8877247 -0.0005406437 -0.0288826 -0.9995826 0.003146282 0.1680826 -0.9857678 -0.4591212 0.02165407 -0.8881097 0.008731373 -0.02875983 -0.9995483 0.1236174 0.1682423 -0.9779639 -0.000538872 -0.02887602 -0.9995829 -0.2633847 -0.2196404 -0.9393544 -0.3046713 -0.2136624 -0.9281831 -0.004203366 -0.2245455 -0.9744545 -0.004189431 -0.224495 -0.9744661 -0.02802045 -0.4115003 -0.9109789 -0.007702025 -0.4114453 -0.9114019 0.2568791 -0.2139219 -0.9424704 0.01310412 -0.4112527 -0.9114271 -0.007690689 -0.4114893 -0.9113821 0.3755196 -0.2001222 -0.9049509 0.2975134 -0.2071925 -0.931964 0.4376018 -0.4070775 -0.8017435 0.3696741 -0.4214576 -0.8280789 0.3732297 -0.2001696 -0.9058871 0.3791742 0.03254915 -0.9247527 0.5925992 0.03166119 -0.804875 0.5937421 0.03153937 -0.804037 0.5908492 -0.1709536 -0.7884619 0.5941921 0.2317124 -0.770224 0.3757382 0.2634829 -0.8884804 0.3723808 0.03310804 -0.9274893 0.5950424 0.2314671 -0.7696413 0.5956937 0.4136053 -0.6885344 0.7704318 0.1869653 -0.6094906 0.7699339 0.3312282 -0.545426 0.6586713 0.3913043 -0.6426764 0.8953767 0.2345677 -0.3785216 0.8960236 0.1342926 -0.4232104 0.7698667 0.1872181 -0.6101269 0.8914238 0.2390868 -0.3849691 0.7939078 0.3180809 -0.5182036 0.7699772 0.02875016 -0.6374233 0.7683876 0.02898821 -0.639328 0.8963165 0.1340785 -0.4226578 0.897129 0.02452249 -0.4410875 0.9610181 0.1505389 -0.2319101 0.895134 0.3221408 -0.3081567 0.9603333 0.2028885 -0.1913016 0.8907155 0.3278346 -0.3148817 0.9732444 0.1244052 -0.1931807 0.9721376 0.1732767 -0.1578726 0.9915322 0.09730656 -0.08599646 0.9916809 0.07516505 -0.1044952 0.9947255 0.07682463 -0.0679649 0.9949116 0.06225593 -0.07921614 0.9999247 0.01227341 3.376153e-05 0.9988277 0.0275965 -0.03976882 0.9999238 0.01233999 3.394511e-05 0.999925 0.0122448 1.175998e-05 0.998619 0.04657388 -0.02430999 0.9999253 0.01222431 -6.594334e-05 0.9770716 0.1865053 -0.1026972 0.9986491 0.04931693 -0.01636252 0.9999259 0.01217788 0.0001816791 0.9716693 0.20669 -0.1146214 0.7932025 0.4360285 -0.4250988 0.9737899 0.07452835 -0.2148926 0.3804472 0.2626264 -0.8867284 0.3828147 0.4731743 -0.7934476 0.503091 0.4471635 -0.7395568 0.7683381 -0.1322457 -0.626233 0.5928421 -0.1707947 -0.786999 0.7699167 -0.1320006 -0.6243429 0.7696822 -0.2844172 -0.5715736 0.5899711 -0.3634486 -0.7209988 0.5908365 -0.3632246 -0.7204027 0.3679681 -0.42166 -0.8287354 -0.1288941 -0.5778072 -0.8059312 0.3647012 -0.6163062 -0.6979682 0.4765455 -0.5809951 -0.6598099 -0.01087128 -0.5816663 -0.8133549 -0.01085396 -0.5816135 -0.8133928 -0.01361266 -0.7294394 -0.6839099 -0.110075 -0.7256188 -0.6792356 -0.3797486 -0.2084875 -0.9012902 -0.381394 -0.2082249 -0.9006559 -0.3786768 0.02379061 -0.9252232 0.01001231 0.5340298 -0.8454064 -0.09715661 0.5306044 -0.8420331 -0.09456435 0.6856521 -0.721761 0.3139521 0.9489486 -0.03050708 0.01870788 0.9994236 -0.0283266 0.2737497 0.9614173 -0.02716191 -0.5836823 0.7925471 0.1765898 -0.585059 0.7915502 0.1765058 -0.3627035 0.8310437 0.4216783 -0.5859268 0.7219929 0.3679892 -0.5840768 0.8112659 -0.02649397 -0.7668881 0.6414343 -0.02108699 -0.7670716 0.6260005 0.1404441 -0.7666158 0.6417581 -0.0211304 -0.8994932 0.4366929 -0.01454008 -0.8994856 0.4261463 0.09656483 -0.8994195 0.4368439 -0.01455855 -0.7665385 0.6266369 0.1405168 -0.9765831 0.2057187 -0.06297114 -0.8994497 0.4189201 -0.124483 -0.9762837 0.2069863 -0.06345825 -0.9763849 0.2159105 -0.007440167 -0.9764149 0.2157749 -0.007424162 -0.997255 0.07398763 -0.002865253 -0.9877356 0.1489942 -0.04668117 -0.9993626 0.03410103 -0.0105638 -0.9979724 0.06361195 -0.002182992 -0.9999246 -0.0122767 -2.076377e-05 -0.9999251 -0.01222953 0.000346698 -0.9999235 -0.01236629 -2.347655e-05 -0.9993265 0.03582994 0.007928663 -0.9999238 -0.01234565 -0.0001827382 -0.9999236 -0.01235221 -0.0002243588 -0.989307 0.1418372 0.0339671 -0.9999233 -0.01238369 -4.389819e-05 -0.9995571 0.02592399 0.01460933 -0.9999232 -0.01239027 0.0001155864 -0.9808858 0.1711818 0.09251931 -0.9995155 0.02230352 0.02170356 -0.9999233 -0.01238701 0.0001090866 -0.9999233 -0.01237988 7.980673e-05 -0.9935841 0.07963708 0.08030295 -0.9988663 0.02856842 0.03807713 -0.9999254 -0.01221009 -0.0001381613 -0.998297 0.025169 0.05262491 -0.9999223 -0.01246284 1.026703e-05 -0.9999229 -0.01242009 -2.667076e-05 -0.9999313 -0.01172246 -0.0002129618 -0.9955755 0.04454876 0.08273245 -0.9992639 0.004800718 0.03806069 -0.9999241 -0.01231768 0.0001253022 -0.9999183 -0.01278112 0.0001707048 -0.9999303 -0.01180626 -2.332507e-05 0.004181928 0.2238976 0.9746037 -0.9999267 -0.01210914 -5.296717e-05 -0.730682 0.1442121 0.6673131 -0.7307997 0.1443973 0.6671441 -0.7298968 0.2741222 0.626185 -0.7301557 0.2735721 0.6261238 -0.9999287 -0.01194162 0.0003259221 -0.9999126 -0.01320437 -0.0007309157 -0.9999225 -0.01244921 -0.0001502928 -0.9999241 -0.01232418 3.186608e-05 -0.7275692 0.6404682 0.2458529 -0.7272103 0.6766639 0.1152873 0.01747192 0.9352057 0.3536737 -0.7275811 0.6404641 0.2458281 -0.7273318 0.6765001 0.1154819 -0.7272369 0.686097 -0.01993963 -0.7271912 0.6689119 -0.1541096 -0.7270352 0.6863208 -0.01958233 -0.9999283 -0.01197153 0.0003221784 -0.9999236 -0.01236032 -9.706708e-05 -0.9999231 -0.012405 -0.0002295488 -0.9999262 -0.01214942 1.310773e-05 -0.9999201 -0.01263261 -0.0003368125 -0.7275792 0.6252863 -0.2822156 -0.7276386 0.6251846 -0.2822877 -0.7281265 0.5571728 -0.3992371 -0.7288637 0.4669472 -0.5007174 -0.7288342 0.4669292 -0.5007774 -0.7282149 0.5570027 -0.3993132 -0.9999206 -0.01260266 -0.000193337 -0.9999232 -0.01239017 -0.0001444282 -0.9999313 -0.01171382 0.0004900918 -0.7308482 -0.3700392 0.5735258 -0.7307096 -0.4751996 0.4901518 -0.9999232 -0.01239294 -0.0001465604 -0.7306754 -0.4751785 0.4902233 -0.7304563 -0.5611048 0.389352 -0.9999244 -0.01229923 -6.382829e-05 -0.999924 -0.01232987 -8.738509e-05 -0.9999263 -0.01214227 8.345103e-05 -0.7301065 0.2375391 -0.640718 -0.730541 0.2366211 -0.6405625 -0.7295322 0.3583659 -0.5825434 -0.7298639 0.3586982 -0.5819229 -0.9999264 -0.01213451 0.0001196812 -0.9999252 -0.0122397 3.880631e-05 -0.9999244 -0.01229916 4.395202e-05 -0.9965544 0.05041509 -0.06586049 -0.99639 0.03623082 -0.07677437 -0.9999246 -0.0122841 -1.495655e-05 -0.9999244 -0.01229962 -2.26386e-05 -0.9999252 -0.01223141 3.297932e-05 -0.9992344 0.002761648 -0.03902578 -0.9935597 0.04922251 -0.1020601 -0.9755561 0.1012986 -0.1950098 -0.9750316 0.05101927 -0.2161261 -0.9812411 0.04274816 -0.1879853 -0.9999254 -0.01221167 -3.734587e-05 -0.9992235 -0.0055616 -0.03900316 -0.9999289 -0.01192096 0.0001169905 -0.9999256 -0.01219809 -3.640587e-05 -0.7306136 0.1056932 -0.6745611 -0.7306073 0.105706 -0.674566 -0.7309852 -0.02853618 -0.6817964 -0.7310487 -0.1614062 -0.6629599 -0.7308335 -0.02825808 -0.6819705 -0.7314511 -0.2878611 -0.6181546 -0.731519 -0.1621518 -0.662259 -0.7313835 -0.2880048 -0.6181678 -0.999922 -0.01248764 -0.0001873522 -0.9999263 -0.01214284 0.0001474341 -0.999927 -0.01207645 0.0001984869 -0.9636204 0.1828533 -0.1949373 -0.9632591 0.1289572 -0.2355886 -0.9936617 0.072885 -0.08558103 -0.976168 0.1493162 -0.1574823 -0.9994562 0.02230131 -0.0242871 -0.9833547 0.1533415 -0.09746783 -0.9764171 0.18284 -0.114801 -0.9764428 0.1827452 -0.1147338 -0.7315049 -0.3707042 0.5722579 -0.7316394 -0.2517174 0.6335157 -0.7312512 -0.2525369 0.6336378 -0.9999203 -0.01262395 -0.0002133117 -0.7312526 -0.1233204 0.6708665 -0.7310229 -0.1237815 0.6710319 -0.9999272 -0.01206576 0.0001668635 -0.9999306 -0.01177658 0.0004381867 -0.9999296 -0.01185615 0.0004996225 -0.7312426 0.01166703 0.6820177 -0.7308115 0.01087964 0.6824926 -0.9999171 -0.01287017 -0.0004515474 -0.7273183 0.6687291 -0.1543033 -0.9995894 0.02366871 -0.01614779 -0.9999272 -0.01205851 0.0003440571 0.01585765 0.8483785 0.5291526 -0.7281109 0.5790813 0.3667688 -0.728058 0.5790773 0.36688 -0.9999464 -0.01021574 0.001727121 -0.7287589 0.4955406 0.4725991 -0.7295322 0.3917718 0.5606226 -0.7288293 0.495575 0.4724545 -0.9999292 -0.01188183 0.0004467776 0.01362841 0.7296594 0.6836749 -0.7292216 0.391495 0.5612198 -0.9763764 0.2104246 0.04909939 -0.9763333 0.2106182 0.04912497 -0.8988257 0.3747564 -0.2273102 -0.8988733 0.4200282 -0.124913 -0.8992184 0.4266942 0.0966346 -0.7668603 0.6157069 -0.1811914 -0.5849724 0.8106237 -0.02638961 -0.3646508 0.6991786 0.6149626 0.766522 0.6418961 -0.02033285 0.76694 0.627058 0.1363872 0.7677817 0.61608 -0.1759444 0.7678254 0.6403329 -0.02044498 0.9988034 0.04710035 0.0131612 -0.002529029 -0.1355187 0.9907716 0.00252895 0.1355144 -0.9907722 0.002528858 0.1355145 -0.9907722 -0.002528938 -0.1355188 0.9907715 0.9995411 -0.02947738 -0.00698246 0.9999254 0.01221641 -2.864738e-05 0.9994563 -0.01753521 -0.02791929 0.8993775 -0.4352107 -0.04137189 0.7674272 -0.5288 -0.3625275 0.7669585 -0.6033872 -0.2183998 0.7675235 -0.6027732 -0.2181103 -0.1451685 -0.9890073 0.02811851 -0.01842827 -0.9859936 -0.1657616 -0.01867922 -0.9994209 0.02844362 0.0936904 -0.6854802 0.7220381 0.1971681 -0.8952307 0.3996082 -0.436298 -0.7141275 0.5474176 -0.386819 -0.8691891 -0.3080282 -0.8950361 -0.3024458 -0.3277757 -0.9725454 -0.1611987 -0.1678401 -0.9725791 -0.1610968 -0.1677435 -0.9731286 -0.1147765 -0.1996176 -0.8951684 -0.3022521 -0.327593 -0.9734271 -0.06176557 -0.2205102 -0.9727545 -0.1156134 -0.2009531 -0.9780697 -0.1449703 -0.1495442 -0.7312313 -0.4026685 -0.5505987 -0.9987093 -0.04219839 -0.02826999 -0.5969363 -0.7925494 0.1246294 -0.8935502 -0.2597996 0.3661588 -0.7948648 -0.3494961 0.4960267 -0.9602501 -0.1667667 0.2238495 -0.8966888 -0.2554397 0.3615243 -0.9739287 -0.1003493 0.2034522 -0.8962369 -0.1859278 0.4027285 -0.9730895 -0.1014834 0.2068768 -0.9730479 -0.1347646 0.1871265 -0.8962119 -0.1859434 0.402777 -0.897678 -0.07962441 0.4333982 -0.897 -0.07970666 0.4347849 -0.7694526 0.3548834 0.5310372 -0.7697776 0.3546255 0.5307384 -0.9904933 -0.06462302 0.1214368 -0.9971132 -0.07128103 0.02615725 -0.9999242 -0.01231081 -0.0001207839 -0.9999229 -0.01241392 -0.000231978 -0.730188 -0.6740609 -0.1116572 -0.7303548 -0.6738341 -0.1119347 -0.9998297 -0.01792697 -0.004371979 -0.7309494 -0.5022178 -0.46205 -0.7306381 -0.5020627 -0.4627105 -0.7308426 -0.4025634 -0.5511914 -0.9999349 -0.01138966 0.0006538673 -0.731277 -0.2882312 -0.6181883 -0.7314511 -0.2878611 -0.6181546 -0.7310694 -0.4027681 -0.5507408 -0.9999353 -0.01135382 0.0006874998 -0.999922 -0.01248534 -0.0001822453 -0.731519 -0.1621518 -0.662259 -0.9999263 -0.01214221 0.0001501523 -0.999927 -0.01208015 0.0001978679 -0.730188 -0.6740609 -0.1116572 -0.7302731 -0.6739454 -0.1117987 -0.7302583 -0.6829016 0.01919158 -0.7304206 -0.6827193 0.01949016 -0.9999287 -0.01193892 0.0003408286 -0.9999297 -0.01185952 0.0004018684 -0.9999213 -0.01255122 -0.0002470551 -0.7303063 -0.6666567 0.1490695 -0.7305397 -0.666318 0.1494389 -0.7304834 -0.6252944 0.2745923 -0.9999242 -0.0123113 -0.0001222604 -0.9999247 -0.01227752 -2.209805e-05 -0.9999229 -0.0124133 -0.0002322566 -0.9999246 -0.0122767 -2.076419e-05 -0.9999251 -0.01222884 0.0003522724 -0.9999238 -0.01233728 -0.0004551712 -0.9999235 -0.01236763 -2.342947e-05 -0.998502 -0.05425017 -0.007110519 -0.9999247 -0.01227202 -4.140161e-05 -0.9986359 -0.0522013 0.001109193 -0.9799221 -0.198628 -0.01731061 -0.9716655 -0.2354487 -0.02074013 -0.9721028 -0.2336373 -0.02072959 -0.9826371 -0.1835632 0.02699908 -0.9721466 -0.2317954 0.03467021 -0.8942225 -0.4457902 -0.04046336 -0.9716141 -0.2339375 0.03520494 -0.8936135 -0.4470095 -0.04046423 -0.8936615 -0.4434748 0.06855043 -0.8931777 -0.4444115 0.06879 -0.9718677 -0.2181275 0.08884525 -0.8933334 -0.4143405 0.1740044 -0.9715508 -0.2192815 0.08946907 -0.9719626 -0.1904121 0.1379567 -0.9982831 -0.05154304 0.02782264 -0.9970974 -0.07147527 0.026234 -0.9897423 -0.1173882 0.0814252 -0.9951594 -0.09206956 0.03436432 -0.995294 -0.06863633 0.06840105 -0.9731644 -0.1620458 0.1633772 -0.998823 -0.0391984 0.02856426 -0.9724839 -0.188811 0.1364755 -0.9601094 -0.1904565 0.2047348 -0.8950813 -0.3030951 0.3270518 -0.8939481 -0.3587791 0.2685784 -0.8934998 -0.3594341 0.2691938 -0.8933625 -0.4142894 0.1739764 -0.7689544 -0.5885841 0.2495555 -0.7690323 -0.5093501 0.3862018 -0.7675554 -0.5900546 0.2503883 -0.5988233 -0.7366259 0.3143134 -0.5983988 -0.7914951 0.1243162 -0.7672949 -0.633613 0.09895869 -0.5984142 -0.7914839 0.1243129 -0.386326 -0.9111153 0.1436 -0.5983477 -0.7978737 -0.07333145 -0.3867149 -0.9182868 -0.08485825 -0.385132 -0.9189581 -0.08479058 -0.5972759 -0.7563143 -0.2669277 -0.5980541 -0.7980946 -0.07332349 -0.3852266 -0.8698323 -0.308208 -0.3858658 -0.8695639 -0.3081658 -0.3850338 -0.7669792 -0.5133148 -0.5970981 -0.6676704 -0.4446237 -0.5973141 -0.7562862 -0.2669215 -0.3848318 -0.7670575 -0.5133491 -0.383218 -0.6164523 -0.6878449 -0.4895177 -0.5828515 -0.6485804 0.08331408 -0.7264173 -0.6821852 -0.416482 -0.7556953 -0.5054377 -0.0136129 -0.7294405 -0.6839089 -0.01583493 -0.8485069 -0.5289472 -0.01583398 -0.8485051 -0.5289503 -0.1048244 -0.8442383 -0.5256173 -0.01744985 -0.9350958 -0.3539652 -0.01744985 -0.9350958 -0.3539653 -0.1859851 -0.9191802 -0.3471561 0.03897297 -0.985411 -0.1656689 -0.01840002 -0.9860129 -0.1656503 -0.3747453 -0.8738739 -0.3096938 -0.482379 -0.8722576 -0.08048059 0.1094448 -0.9935925 0.02820863 -0.01865029 -0.9994246 0.02833005 -0.0187083 -0.999417 0.02855959 -0.01845666 -0.9859744 -0.1658735 0.4626096 -0.8827139 -0.08251361 -0.07633407 -0.9832837 -0.1653068 -0.145786 -0.9889133 0.02823056 0.3588538 -0.9293562 -0.08672354 0.3618858 -0.9282121 -0.08637674 0.3616654 -0.9206794 0.1467913 0.4542347 -0.8797365 0.1404803 0.3187271 -0.8697918 0.3766634 0.3594683 -0.8562258 0.3710253 0.359043 -0.9217137 0.1467374 -0.05387625 -0.9737217 0.2212766 -0.01704761 -0.9135139 0.4064502 0.1983096 -0.8950607 0.399424 -0.01819418 -0.9749544 0.2216595 -0.01819366 -0.9749549 0.2216574 -0.01709838 -0.9134291 0.4066388 0.01735554 -0.9749482 0.2217539 -0.2282902 -0.8898807 0.3949632 -0.3450085 -0.8625434 0.3701191 -0.3829924 -0.8489829 0.3640671 -0.3845705 -0.7323252 0.5619655 -0.4362938 -0.7141293 0.5474184 -0.381115 -0.7332689 0.563088 -0.06825881 -0.8154729 0.5747561 -0.3830317 -0.8489693 0.3640575 -0.5986729 -0.6366346 0.4860938 -0.5961784 -0.6379463 0.4874381 -0.5983686 -0.7369195 0.3144911 -0.6612022 -0.4999518 0.5593388 -0.5983748 -0.538673 0.5931095 -0.7691001 -0.509291 0.3861447 -0.7713794 -0.4298952 0.4692162 -0.6609458 -0.4304013 0.6147402 -0.7696677 -0.3630811 0.5251512 -0.7948577 -0.3495006 0.496035 -0.7944955 -0.407415 0.4503222 -0.8927324 -0.3056245 0.3310928 -0.8932274 -0.2601641 0.3666872 -0.767998 -0.2630445 0.5839406 -0.8961425 -0.1859867 0.4029112 -0.8962119 -0.1859434 0.402777 -0.8965629 -0.2555377 0.3617672 -0.8969999 -0.07970671 0.4347849 -0.7694216 -0.1091479 0.6293467 -0.8977963 -0.07961012 0.4331561 -0.7690715 -0.2626652 0.5826972 -0.9737451 -0.04706575 0.2227221 -0.9743515 0.009686778 0.2248232 -0.8984123 0.03114822 0.438047 -0.974416 0.009634639 0.2245456 -0.9845778 0.004749846 0.1748827 -0.9992949 -0.003468368 0.03738556 -0.9851124 0.0479974 0.1650753 -0.9749717 0.06538638 0.2124968 -0.9752799 0.06480543 0.2112569 -0.9956017 0.04437913 0.08250817 -0.975758 0.1154765 0.1859077 -0.9992642 0.004797349 0.03805322 -0.898881 0.1399381 0.4152474 -0.8985401 0.1402413 0.4158822 -0.8988934 0.2402994 0.3663973 -0.9755142 0.1161719 0.1867513 -0.9759235 0.1589328 0.1493779 -0.8989708 0.2401967 0.3662746 -0.8992059 0.3246171 0.293347 -0.9760008 0.1586507 0.1491719 -0.976301 0.1906934 0.1023353 -0.9761364 0.1913853 0.1026122 -0.8989362 0.3250693 0.2936726 -0.8989475 0.3888063 0.2017999 -0.97628 0.2108529 0.04917666 -0.8993329 0.3880655 0.2015084 -0.899437 0.4262464 0.09657758 -0.9763745 0.210428 0.04912051 -0.9972575 0.07395525 -0.002871517 -0.9979846 0.06341916 -0.002177515 -0.9993284 0.03577822 0.007910946 -0.989187 0.1426304 0.03414199 -0.976413 0.2157826 -0.007445726 -0.9763854 0.2159074 -0.007460472 -0.9993626 0.03410103 -0.0105638 -0.9762837 0.2069863 -0.06345825 -0.9877356 0.1489942 -0.04668117 -0.9999236 -0.01236082 -9.854817e-05 -0.999589 0.02368493 -0.01615175 -0.9999231 -0.012405 -0.0002295488 -0.9999246 -0.0122767 -2.076377e-05 -0.9999251 -0.01222917 0.0003495282 0.01821496 0.9749757 -0.221564 -0.7271844 0.668884 -0.1542627 -0.727036 0.68632 -0.01958231 -0.7272362 0.6860977 -0.01993714 -0.9999273 -0.01205706 0.0003440156 -0.9999127 -0.01319529 -0.0007239291 -0.9999225 -0.01244921 -0.0001502928 -0.7273312 0.6765012 0.1154795 -0.7272111 0.6766631 0.1152872 -0.7308033 0.1443317 0.6671543 -0.7312429 0.01167346 0.6820172 -0.7306784 0.1441352 0.6673337 -0.9999295 -0.01186289 0.0004933018 -0.7308072 0.01087729 0.6824971 -0.7310729 -0.123773 0.6709789 -0.9999272 -0.01206584 0.0001673045 -0.9999171 -0.01286701 -0.000448586 -0.9999304 -0.01178212 0.0004334892 -0.7274729 0.6255323 -0.2819442 -0.727646 0.6252362 -0.2821542 -0.7273287 0.6686765 -0.1544825 -0.9999207 -0.01259201 -0.0001838361 -0.7284004 0.5564826 -0.3996998 -0.9999203 -0.01262382 -0.0002136746 -0.7280428 0.5571707 -0.3993925 -0.7289856 0.4669365 -0.50055 -0.7289672 0.4669253 -0.5005871 -0.9999263 -0.01213406 0.0001192124 -0.9999201 -0.01263093 -0.0003379742 -0.9999244 -0.01229575 4.483526e-05 -0.9965544 0.05040504 -0.06586822 -0.9963901 0.03623449 -0.07677155 -0.9999245 -0.01228551 -1.565398e-05 -0.999925 -0.01224382 3.481422e-05 -0.9999244 -0.0122996 -2.262838e-05 -0.7305978 0.2364453 -0.6405626 -0.7299615 0.3586417 -0.5818352 -0.9999261 -0.01214781 7.9194e-05 -0.7300025 0.237703 -0.6407759 -0.9999243 -0.01230484 -6.814163e-05 -0.999924 -0.01232987 -8.738509e-05 -0.7296298 0.3583094 -0.5824558 -0.7305163 -0.5612283 0.3890614 -0.9999232 -0.01239294 -0.0001465604 -0.7307394 -0.4751317 0.4901733 -0.7306256 -0.561017 0.3891609 -0.7305995 -0.4750454 0.4904653 -0.7316411 -0.3708417 0.5719946 -0.7307398 -0.3699289 0.5737352 -0.7317379 -0.2516265 0.6334381 -0.9999248 -0.01226992 8.65949e-05 -0.9999231 -0.01240202 -7.333852e-05 -0.9999269 -0.01209435 7.900021e-05 -0.9989676 -0.03249608 0.03174584 -0.9983799 -0.03060277 0.04796882 -0.9999254 -0.0122122 -1.709214e-05 -0.9905195 -0.06455912 0.1212574 -0.9744877 -0.04684852 0.2194968 -0.9948134 -0.02781986 0.09783807 -0.9974704 -0.02396978 0.06691881 -0.9738519 -0.1004713 0.2037593 -0.9730895 -0.1015009 0.2068676 -0.9999207 -0.01258707 -6.200209e-05 -0.9999273 -0.01205008 8.836272e-06 -0.9999256 -0.01219523 -3.490478e-05 -0.9988419 -0.01069467 0.04690795 -0.999918 -0.01280415 -0.000177274 -0.9999303 -0.01180597 -2.208171e-05 -0.9999183 -0.0127814 0.0001700697 -0.9999266 -0.01211364 -5.216088e-05 -0.9999313 -0.01171813 -0.0002161537 -0.9999241 -0.01231796 0.0001246902 -0.9999225 -0.01245925 7.17783e-06 -0.9999228 -0.01242441 -2.29198e-05 0.01086157 0.5813841 0.8135567 -0.7296343 0.3916184 0.5605969 -0.728965 0.4954681 0.4723571 0.01363513 0.7296585 0.6836758 -0.7293822 0.391394 0.5610813 -0.7281048 0.5791594 0.3666575 -0.7287479 0.4953619 0.4728033 -0.9999465 -0.01019145 0.001742242 -0.7279771 0.5791498 0.366926 -0.9999293 -0.01187939 0.0004445204 -0.9999242 -0.01231574 3.505955e-05 -0.7275698 0.6404675 0.2458526 -0.7274994 0.6404915 0.2459985 -0.9999238 -0.01234582 -0.0001796579 -0.9999237 -0.01235289 -0.0002244722 -0.9999233 -0.01238307 -4.368742e-05 -0.9999233 -0.01238503 0.0001036329 -0.9999232 -0.01238951 0.000112564 -0.9811563 0.1699584 0.09190419 -0.9995161 0.02229559 0.02169526 -0.999557 0.0259282 0.01461784 -0.9999233 -0.01237971 8.177615e-05 -0.9935944 0.07957423 0.08023801 -0.9988691 0.02852604 0.03803739 -0.9999254 -0.01220913 -0.0001372428 -0.9999285 -0.01196047 0.0003082358 -0.7301435 0.2737855 0.6260447 -0.7300088 0.2740718 0.6260765 -0.9983 0.02513183 0.05258935 -0.9953422 -0.06487245 0.0713122 -0.9730471 -0.1347878 0.187114 -0.7312871 -0.1233427 0.6708247 -0.7313189 -0.2525117 0.6335697 -0.9999257 -0.01218845 0.0001683746 -0.9999255 -0.01220602 0.000135717 -0.999924 -0.01232924 7.58626e-06 -0.9999232 -0.01239291 -0.0001465345 -0.9999313 -0.01170919 0.0004948696 -0.9999224 -0.01245746 -0.0001588744 -0.7303758 -0.6254801 0.2744558 -0.730574 0.1057731 -0.6745915 -0.7306548 0.1056101 -0.6745295 -0.9999211 -0.0125525 -0.0002480424 -0.7309741 -0.02852327 -0.6818087 -0.9999191 -0.01272407 9.419706e-05 -0.9999273 -0.0120516 9.028015e-06 -0.9999256 -0.01219805 -3.509398e-05 -0.9860352 -0.007135763 -0.166384 -0.998639 -0.01348477 -0.05038111 -0.9992232 -0.005558605 -0.03901244 -0.9999254 -0.01220883 -3.583886e-05 -0.9992344 0.002761648 -0.03902578 -0.9999252 -0.01223141 3.297398e-05 -0.999929 -0.01192098 0.0001169797 -0.9812411 0.04274816 -0.1879853 -0.9935554 0.04924544 -0.1020912 -0.975556 0.1013078 -0.1950058 -0.9750316 0.05101927 -0.2161261 -0.8981056 0.1127492 -0.4250813 -0.9748911 0.05114104 -0.2167297 -0.8986974 0.2147369 -0.3824016 -0.9632595 0.1289673 -0.2355811 -0.8953186 0.3105829 -0.3192849 -0.8949541 0.2191735 -0.3886131 -0.8983593 0.3065444 -0.3146126 -0.9636208 0.1828392 -0.1949482 -0.8985041 0.3752761 -0.2277238 -0.8992099 0.3740943 -0.2268812 -0.976372 0.1830252 -0.1148894 -0.9761307 0.1494178 -0.1576175 -0.9994566 0.02229445 -0.02427891 -0.9833263 0.1534901 -0.09752069 -0.9764434 0.1827612 -0.1147023 -0.9936492 0.07295533 -0.08566666 -0.9765826 0.2057204 -0.0629718 -0.899448 0.4189234 -0.1244843 -0.8992985 0.4192111 -0.1245959 -0.8994177 0.4368475 -0.01455899 -0.7671016 0.6411782 -0.02111233 -0.7673846 0.6408408 -0.02106709 -0.7673441 0.6151833 -0.1809215 -0.5844409 0.7919825 0.1766137 -0.5848621 0.8107006 -0.02647487 -0.5835156 0.792652 0.1766701 -0.7675478 0.6254564 0.1402662 -0.7670113 0.6260977 0.1403395 -0.5851188 0.7225206 0.3682389 -0.5845304 0.7229259 0.3683779 -0.767392 0.5704897 0.292662 -0.5863392 0.6068405 0.5366107 -0.5858347 0.6071494 0.5368121 -0.7683413 0.4778639 0.4257908 -0.7677954 0.5700349 0.2924903 -0.5874145 0.4529468 0.6706589 -0.7686083 0.4775991 0.4256059 -0.5882688 0.4525215 0.6701972 -0.7694484 0.3548867 0.531041 -0.7708569 0.2091368 0.6016989 -0.590098 0.2693128 0.7610879 -0.7703085 0.3542038 0.5302496 -0.5902579 0.2692567 0.7609838 -0.3741485 0.3126886 0.8730628 -0.3774639 0.08415304 0.9221926 -0.3774391 0.08415635 0.9222025 -0.5917194 0.07007103 0.8030929 -0.377573 -0.149196 0.9138814 -0.3804122 -0.1492785 0.9126897 -0.5947176 -0.1326889 0.792909 -0.5932075 0.06980524 0.8020176 -0.5941877 -0.1326932 0.7933054 -0.767468 0.05219677 0.6389589 -0.7674685 -0.10925 0.6317093 -0.7693049 0.05173377 0.6367837 -0.3771276 -0.372618 0.8478977 -0.595535 -0.3260067 0.7342056 -0.3803471 -0.3723699 0.8465676 -0.435578 -0.3631125 0.8236633 0.09561279 -0.5308389 0.8420619 -0.1143067 -0.5575367 0.822245 -0.381173 -0.5209295 0.7637668 -0.3227099 -0.5377473 0.7789006 -0.1161882 -0.6623423 0.7401372 -0.3235575 -0.6281083 0.7076656 -0.5021203 -0.4946623 0.7093549 -0.5026697 -0.5741544 0.6462739 -0.3852499 -0.6176836 0.6856015 -0.01286015 -0.6891446 0.7245098 0.09369936 -0.6854791 0.722038 -0.01286054 -0.6891457 0.7245087 -0.009968868 -0.5341923 0.8453042 0.09126209 -0.6625391 0.7434468 -0.1206536 -0.6848754 0.7186017 0.09336036 -0.5570662 0.8252037 -0.009968698 -0.5341918 0.8453045 -0.1155991 -0.5315601 0.8390952 0.3663504 -0.5180244 0.7729412 0.366562 -0.3668343 0.8550233 0.4252667 -0.3561438 0.8320515 0.3051353 -0.5359086 0.7872067 0.04738699 -0.3569857 0.932907 0.3329892 -0.1435421 0.9319409 0.3737931 -0.1406344 0.9167882 0.370174 -0.3659573 0.8538421 0.2113004 -0.1620246 0.9638984 -0.003141363 -0.1683283 0.9857259 -0.006680383 -0.3579648 0.9337111 -0.006680097 -0.3579659 0.9337108 -0.003150271 -0.1682907 0.9857324 -0.2175788 -0.1667882 0.9616866 -0.06120301 -0.3578811 0.9317592 0.0005405367 0.02887604 0.9995829 -0.3362395 -0.1514061 0.9295263 0.03579136 0.02930605 0.9989295 0.0005389811 0.0288827 0.9995826 0.004190249 0.2245454 0.9744546 0.1322474 0.2240529 0.9655625 0.004190363 0.2245449 0.9744548 -0.4664552 0.07909025 0.8810018 0.007679552 0.4115168 0.9113697 0.00767931 0.411516 0.9113702 -0.05323263 0.4103198 0.9103867 0.4788385 0.3052229 0.8231357 -0.1237513 0.2213302 0.9673151 0.4686905 0.09039983 0.8787247 0.3798721 0.09331137 0.9203207 0.3789416 0.09326039 0.9207093 0.381836 0.3200174 0.8670583 0.5935781 0.08429874 0.8003492 0.5932783 0.08428744 0.8005727 0.5946351 0.2810935 0.7532566 0.379922 0.320118 0.8678616 0.5955026 0.4594443 0.6590049 0.5947607 0.2810746 0.7531646 0.3820044 0.5260094 0.7598597 0.3828394 0.5258775 0.7595306 0.3839943 0.6973438 0.6051943 0.4186106 0.6861038 0.5950014 0.106325 0.7259589 0.6794695 0.1843996 0.5729718 0.7985612 0.3678111 0.5291951 0.7646356 0.01085137 0.581499 0.8134748 0.0108518 0.5814975 0.8134758 0.01361386 0.7295036 0.6838414 -0.07858573 0.7267895 0.6823499 -0.1632785 0.5723293 0.8036039 0.01361316 0.7295056 0.6838393 0.1101374 0.8438456 0.5251612 -0.3981356 0.6886346 0.6060284 0.01585977 0.8485707 0.5288444 0.01583598 0.8486227 0.5287615 -0.07852286 0.8457772 0.5277265 0.4908996 0.7789704 0.3901573 -0.0993391 0.9304013 0.3528244 0.01747633 0.9350641 0.3540474 0.01842768 0.9859906 0.1657799 0.01842868 0.9859912 0.165776 0.03859776 0.9854301 0.1656436 0.4527485 0.8709015 0.1911792 0.01747682 0.9350635 0.3540492 -0.4306461 0.881007 0.195884 -0.001690614 0.9861501 0.165847 0.1335399 0.9270042 0.3504716 -0.3608485 0.9104544 0.2021419 -0.3614561 0.9102136 0.2021402 -0.3622363 0.8312239 0.4217245 -0.473205 0.7853044 0.3992167 -0.3607549 0.9321676 -0.0303225 -0.2838463 0.9583641 -0.03113564 -0.2417056 0.9699553 -0.02766084 -0.3601201 0.9324111 -0.03038087 0.01822256 0.9749959 -0.2214743 0.01867907 0.9994209 -0.02844017 0.0277356 0.9747891 -0.2213976 0.01822272 0.9749961 -0.2214736 -0.4441362 0.8601311 -0.2508332 0.1403333 0.9047117 -0.4022477 0.01707176 0.9134144 -0.4066726 0.01704426 0.9133718 -0.4067694 0.01524592 0.8169786 -0.5764664 0.09645791 0.8136016 -0.5733657 -0.4691116 0.7594573 -0.4507316 0.01524546 0.8169776 -0.5764678 0.01286262 0.6892654 -0.7243948 0.01288134 0.6892085 -0.7244484 0.1176552 0.6851575 -0.7188299 0.3990389 0.6505466 -0.6461866 -0.06515536 0.8150073 -0.5757759 0.3850848 0.7964173 -0.466293 0.383669 0.6583118 -0.6476294 0.3839473 0.7968696 -0.4664584 0.4872099 0.7540572 -0.4404819 0.3175163 0.67311 -0.6679118 0.3873989 0.4719632 -0.7919424 0.3153395 0.496006 -0.8090359 0.5037656 0.6140647 -0.6075728 0.5030864 0.4470957 -0.7396009 0.3828176 0.4731005 -0.7934901 0.3804498 0.2626714 -0.886714 -0.07145964 0.3565247 -0.931549 0.4849704 0.2498102 -0.8380922 0.006706201 0.3582628 -0.9335967 0.006684126 0.3581861 -0.9336264 0.003135887 0.1680445 -0.9857744 -0.117293 0.1654381 -0.9792204 -0.009807802 -0.02898856 -0.9995316 0.4591942 0.03294966 -0.8877246 -0.0005388548 -0.02887593 -0.9995829 0.003135885 0.1680446 -0.9857744 -0.4591014 0.02164876 -0.8881201 0.008824796 -0.02876524 -0.9995472 -0.0005406672 -0.02888266 -0.9995826 0.1238402 0.1682024 -0.9779425 -0.3785984 0.02378612 -0.9252554 -0.3714584 0.02337646 -0.9281554 -0.3682297 0.2555384 -0.8939278 -0.4800755 0.2396003 -0.8438715 -0.373776 0.2552918 -0.8916937 -0.3703209 0.4688077 -0.8019238 -0.3869319 0.4693788 -0.7937047 -0.2992435 0.4854283 -0.8214698 0.08505476 0.3577288 -0.929944 -0.4902329 0.6134724 -0.6191311 -0.3644012 0.6593027 -0.6576716 -0.3681114 0.6583776 -0.6565309 -0.2964366 0.6679375 -0.6826308 -0.4934853 0.4408357 -0.7497574 -0.5887846 0.4052919 -0.6993363 -0.5884774 0.5709432 -0.5724668 -0.6555766 0.3807455 -0.6521136 -0.6546201 0.5306987 -0.5383601 -0.7710984 0.1694101 -0.6137649 -0.7695798 0.1697574 -0.6155725 -0.769047 0.3177592 -0.5546133 -0.5903969 0.2190964 -0.7768064 -0.7698549 0.009876519 -0.6381426 -0.5928643 0.01712254 -0.8051203 -0.5911324 0.2190055 -0.7762726 -0.7713675 0.009992156 -0.6363115 -0.7697144 -0.1498895 -0.6205425 -0.8972059 -0.1077509 -0.4282656 -0.8964716 -0.1082043 -0.4296866 -0.897927 0.002455862 -0.4401375 -0.9744467 -0.005186648 -0.2245594 -0.9738346 -0.06123948 -0.2188509 -0.8968375 0.002332017 -0.4423541 -0.9734429 -0.06174515 -0.2204458 -0.9985895 -0.03171565 -0.0425833 -0.9879482 -0.08046381 -0.1322268 -0.9727853 -0.115545 -0.2008438 -0.9970239 -0.02881716 -0.07150537 -0.9954584 -0.03224858 -0.08956801 -0.999924 -0.01232675 0.000133061 -0.999927 -0.01207385 4.890467e-05 -0.9999222 -0.01247308 8.795733e-05 -0.9999258 -0.01218602 -7.515764e-05 -0.9999207 -0.01259582 0.0001251892 -0.9999223 -0.01245927 7.190221e-06 -0.9999259 -0.01217022 -0.0001008072 -0.9987907 -0.03621197 -0.03325549 -0.9987023 -0.04229817 -0.02836357 -0.9778389 -0.1457077 -0.1503339 -0.9979906 -0.05696333 -0.02774711 -0.9905344 -0.1174985 -0.07096279 -0.9999239 -0.01233348 0.0001088054 -0.9973785 -0.06910326 -0.02146955 -0.9999232 -0.01238551 -1.540467e-05 -0.9999253 -0.01222558 -0.0003343509 -0.9999229 -0.01240428 0.0004413291 -0.7301167 -0.6401172 -0.2391222 -0.7303241 -0.5819603 -0.3576995 -0.7306743 -0.5819879 -0.3569386 -0.9720868 -0.1982311 -0.1255056 -0.9725724 -0.1964612 -0.1245221 -0.9937676 -0.1063173 -0.03350476 -0.9722498 -0.2216952 -0.07471057 -0.8946446 -0.3738711 -0.2446046 -0.8939956 -0.3750107 -0.2452324 -0.9718266 -0.2233936 -0.07515579 -0.8934535 -0.4243623 -0.1471651 -0.7675499 -0.6048509 -0.2121846 -0.8942995 -0.4227232 -0.1467428 -0.7673373 -0.5347714 -0.3538546 -0.7679627 -0.534109 -0.353498 -0.5993123 -0.5362183 -0.5943859 -0.5976422 -0.5371575 -0.5952191 -0.5990895 -0.6663374 -0.4439438 -0.7675186 -0.4314547 -0.4740907 -0.5967624 -0.3726106 -0.7106588 -0.5959163 -0.3729629 -0.7111838 -0.7706876 -0.4286461 -0.4714903 -0.7711389 -0.2985753 -0.5623144 -0.595041 -0.184085 -0.7823292 -0.592117 -0.1848029 -0.7843758 -0.7694827 -0.1499767 -0.6208086 -0.7690529 -0.2999395 -0.5644413 -0.8957982 -0.2120927 -0.3905921 -0.8948767 -0.3026785 -0.3279961 -0.8953197 -0.3020299 -0.3273844 -0.8957753 -0.2121174 -0.3906313 -0.9725878 -0.1610924 -0.1676968 -0.9725785 -0.1611206 -0.1677235 -0.973129 -0.1147755 -0.1996159 -0.3820804 -0.2081704 -0.9003775 -0.3797518 -0.2085423 -0.9012761 -0.3824672 -0.426139 -0.819832 -0.3788825 -0.4270418 -0.8210258 -0.3040546 -0.2137552 -0.9283638 -0.2639351 -0.2195639 -0.9392177 -0.02889542 -0.4115846 -0.9109133 -0.4479151 -0.4133647 -0.792781 -0.01085384 -0.581614 -0.8133925 0.1073612 -0.5773041 -0.8094403 -0.01087115 -0.5816668 -0.8133546 -0.007690593 -0.4114893 -0.9113822 -0.007679816 -0.411531 -0.9113635 0.4374769 -0.40714 -0.8017799 0.01259892 -0.4112605 -0.9114307 -0.1288909 -0.5778078 -0.8059312 0.370151 -0.4214008 -0.8278947 0.3684307 -0.4216053 -0.8285577 0.3653783 -0.6161242 -0.6977748 0.4765393 -0.5809964 -0.6598131 0.3956113 -0.7602733 -0.5152438 0.3631229 -0.7714506 -0.5224996 -0.1100958 -0.7256172 -0.6792338 0.3658575 -0.6160249 -0.6976115 0.5894658 -0.5329633 -0.6070257 0.5875064 -0.5337847 -0.6082022 0.5871877 -0.6691049 -0.4555317 0.3619936 -0.7717683 -0.5228137 0.3599019 -0.8783645 -0.3145574 0.3604116 -0.8781922 -0.3144548 0.5848953 -0.7632498 -0.2744947 0.5862494 -0.6696225 -0.4559796 0.7682205 -0.5280357 -0.3619606 0.7675282 -0.5286787 -0.3624905 0.5851325 -0.7630958 -0.2744173 0.7678597 -0.6023883 -0.21799 0.8992558 -0.3593957 -0.249347 0.8986579 -0.3603528 -0.25012 0.8993158 -0.4106584 -0.1503021 0.7675239 -0.6027539 -0.2181623 0.899376 -0.4352101 -0.04141268 0.7657291 -0.6403295 -0.06030871 0.766842 -0.6390203 -0.06005247 0.8991541 -0.4109614 -0.150441 0.9763518 -0.2022514 -0.07636577 0.9762798 -0.2025476 -0.07650052 0.899473 -0.435013 -0.04137652 0.9764525 -0.2147054 -0.02102793 0.9959637 -0.08307344 -0.03398711 0.9760796 -0.2163652 -0.0213259 0.9995381 -0.02957691 -0.006999238 0.9858912 -0.1665509 -0.01671147 0.999709 -0.02409794 0.001057767 0.9762678 -0.2135755 0.03587125 0.9760777 -0.2144324 0.03593254 0.9879043 -0.1528251 0.02626139 0.9999248 0.01225814 2.4548e-05 0.9994863 -0.03056671 0.009632843 0.999926 0.01216897 -8.260569e-05 0.9966978 -0.07252807 0.03651264 0.9999246 0.01228135 -2.143741e-05 0.9999259 0.01217859 0.0001780367 0.9986401 -0.04531122 0.02578154 0.9992766 -0.02651554 0.02726264 0.9762065 -0.1972076 0.09016664 0.9760889 -0.167417 0.138643 0.9759971 -0.1677667 0.1388672 0.9918174 -0.09625489 0.08386537 0.9994295 -0.01601172 0.02974109 0.9761947 -0.1401856 0.1655046 0.9964485 -0.04616852 0.07041871 0.99941 -0.008701149 0.03322652 0.9964001 -0.0418864 0.073704 0.9999247 0.01227287 3.376037e-05 0.999925 0.01224494 1.228331e-05 0.9999238 0.01233999 3.3945e-05 0.9918421 -0.04031551 0.1209292 0.9989929 -0.004773747 0.04461247 0.9750491 -0.07820225 0.2077584 0.9745286 -0.02339994 0.2230396 0.9961768 -0.001608714 0.08734552 0.9745826 -0.02334199 0.2228094 0.9980345 0.001517853 0.06264867 0.8973388 0.05336039 0.4381046 0.9739653 0.03369576 0.2241792 0.8976306 0.05336146 0.4375063 0.8983346 -0.05796447 0.4354711 0.8981338 -0.05806859 0.4358713 0.7703623 0.070732 0.6336709 0.7676966 -0.09112778 0.6343009 0.7677863 0.07067674 0.6367959 0.7698467 -0.2462927 0.588792 0.7702104 -0.09031372 0.6313632 0.8979299 -0.166054 0.4076123 0.898645 -0.1653403 0.4063245 0.771452 -0.3489722 0.5320528 0.7698426 -0.2462952 0.5887964 0.7961674 -0.3351542 0.5037749 0.8962758 -0.2416202 0.3718997 0.8992329 -0.2373878 0.3674605 0.8995697 -0.2848301 0.3311286 0.8964005 -0.2883592 0.336623 0.9634766 -0.1443279 0.2255712 0.963654 -0.1690021 0.206904 0.8989695 -0.3423958 0.2731647 0.8986196 -0.3430056 0.2735505 0.7704611 -0.4202678 0.4793377 0.7959604 -0.3950853 0.4586442 0.768062 -0.5031395 0.3961459 0.5872133 -0.637908 0.4982509 0.5910814 -0.5342327 0.6043329 0.6558034 -0.4941134 0.570766 0.7663243 -0.5049239 0.3972391 0.76608 -0.5887719 0.2578159 0.7680515 -0.5865071 0.2571115 0.5866995 -0.7424293 0.3233921 0.5886871 -0.6369677 0.4977143 0.3642277 -0.7352976 0.5715554 0.3618566 -0.7361569 0.5719553 0.3604901 -0.8558293 0.3709489 0.5853311 -0.7433919 0.32366 0.7677678 -0.6325846 0.1018294 0.5837337 -0.8017859 0.1280404 0.7658052 -0.6349389 0.1019567 0.8988725 -0.4006801 0.1774366 0.8991104 -0.4320474 0.07025416 0.8994709 -0.4313044 0.07020459 0.4913886 -0.4899274 0.7200752 0.490071 -0.5720378 0.6577259 0.5940562 -0.4447539 0.6702918 0.6563426 -0.4218708 0.6254914 0.3681579 -0.6171474 0.6954055 0.8990945 -0.4002445 0.1772947 0.5930352 -0.3143756 0.7412672 0.5898826 -0.3156076 0.7432568 0.9750792 -0.07813845 0.2076412 0.9757534 -0.1116011 0.1882834 0.5914859 -0.1188548 0.7975073 0.5920582 -0.1187277 0.7971015 0.8964662 0.1611491 0.4127702 0.7711417 0.2259614 0.5952159 0.7702065 0.2262272 0.5963249 0.8957926 0.1614895 0.4140976 0.7706109 0.3668431 0.5211382 0.7702432 0.3670533 0.5215335 0.8950027 0.2596499 0.3627011 0.9737942 0.08836633 0.2095618 0.9729701 0.08927194 0.2129781 0.9731803 0.1382004 0.1839041 0.8958437 0.2588276 0.3612093 0.9725243 0.1395619 0.1863302 0.9720246 0.181918 0.1485737 0.8951719 0.3403317 0.2878221 0.8950713 0.3404711 0.2879699 0.7683117 0.5733615 0.2845238 0.7688028 0.4855606 0.4161409 0.8944096 0.4014813 0.1970894 0.7678524 0.5738264 0.284826 0.7678655 0.6259891 0.1360889 0.8942816 0.4375008 0.09409357 0.7675123 0.6263927 0.1362246 0.8946357 0.4010965 0.1968469 0.7674672 0.6407669 -0.02029489 0.5960221 0.8025593 -0.0256189 0.5972683 0.8016293 -0.02570981 0.5966104 0.783988 0.1715189 0.3866932 0.92173 -0.02969734 0.3855586 0.8865863 -0.2555568 0.3849487 0.8868443 -0.2555811 0.5965167 0.7714679 -0.2213713 0.008848628 0.975114 -0.2215274 0.3138227 0.9489885 -0.03059484 0.4656632 0.8504311 -0.2447953 0.3865631 0.9217851 -0.02968839 0.3872382 0.9005113 0.197803 0.5971566 0.783603 0.1713777 0.5970603 0.7176756 0.3584143 0.5963336 0.7181246 0.3587247 0.3860706 0.9009678 0.1980061 0.3852255 0.8248118 0.4138684 0.3828017 0.6976457 0.6056017 0.5946603 0.6085151 0.5254413 0.3844281 0.8250769 0.414081 0.5957242 0.607995 0.5248379 0.5984964 0.7699995 -0.22114 0.7686991 0.6150231 -0.1756368 0.7687782 0.6391899 -0.0204081 0.8935866 0.4486663 -0.01419425 0.8929669 0.4499007 -0.01412032 0.8932205 0.4327205 -0.1221065 0.7667874 0.6172873 -0.1760499 0.7691116 0.5530413 -0.3203319 0.8942794 0.3883454 -0.2223782 0.8938248 0.4315359 -0.121877 0.7670676 0.5552765 -0.321365 0.7699276 0.4581446 -0.4442017 0.5970884 0.693137 -0.4037904 0.6591927 0.5359329 -0.5274854 0.5969917 0.5736582 -0.5608184 0.7932055 0.4360252 -0.4250965 0.7939067 0.3180313 -0.5182357 0.658668 0.3913056 -0.642679 0.7704169 0.3309218 -0.5449299 0.891423 0.2390498 -0.3849937 0.7707043 0.1868763 -0.6091733 0.8951402 0.2348037 -0.3789344 0.8958894 0.1343908 -0.4234635 0.7698646 0.187252 -0.610119 0.7699772 0.02875016 -0.6374233 0.7683876 0.02898821 -0.639328 0.8971537 0.02452126 -0.4410374 0.8964529 0.1339786 -0.4224003 0.9737896 0.07451522 -0.2148982 0.9735986 0.07480898 -0.2156603 0.974238 0.01873278 -0.2247428 0.8982831 0.02425333 -0.4387472 0.8988972 -0.08627868 -0.4295811 0.8973314 -0.08671493 -0.4327549 0.9743004 0.01870197 -0.224475 0.9748794 -0.03761072 -0.2195347 0.9749649 -0.03755927 -0.2191641 0.9754804 -0.09122173 -0.2002908 0.8988793 -0.1918452 -0.3939686 0.8978736 -0.1926279 -0.3958755 0.899116 -0.2846314 -0.3325289 0.7677369 -0.4204989 -0.483488 0.7701969 -0.2842564 -0.5709597 0.769581 -0.4191848 -0.481694 0.9967482 -0.005885989 -0.08036403 0.9974014 -0.004264003 -0.0719183 0.9990537 -0.007139232 -0.04290621 0.9898999 -0.05506844 -0.1306351 0.9750832 -0.09189022 -0.2019133 0.9994158 -0.01085494 -0.03240767 0.9804747 -0.1238647 -0.1527315 0.9760656 -0.1377586 -0.1682815 0.9755343 -0.139181 -0.1701809 0.9994555 -0.01755572 -0.02793853 0.9934958 -0.09045707 -0.06916294 0.9760624 -0.1765469 -0.127018 0.976365 -0.1754832 -0.1261629 0.9999253 0.01221772 -2.739942e-05 0.9999253 0.01222167 5.749138e-06 0.9989833 -0.0343364 -0.02921372 0.9999223 0.01246279 -2.695195e-05 0.9986224 -0.04741912 -0.0224694 0.9999253 0.01222753 9.013942e-05 0.01485252 0.7928444 0.609243 0.9999239 0.01233424 -9.379773e-05 0.9999244 0.01229816 -0.0001105571 0.9999255 0.01220333 -7.394807e-05 0.9999252 0.01223555 -0.0001102195 -0.002538534 -0.1355098 0.9907728 0.9999239 0.01233122 -7.563698e-05 0.9999238 0.01233873 3.299085e-05 0.9999272 0.01206332 0.0001610318 0.9999259 0.012179 0.0001795162 0.9999245 0.01228257 -2.148099e-05 -0.01728406 -0.926205 0.376624 0.9999253 0.01222472 -6.43399e-05 0.999925 0.01224387 8.258423e-06 0.9999247 0.01227583 3.282286e-05 -0.0172847 -0.9262052 0.3766235 -0.002529029 -0.1355187 0.9907716 0.9999245 0.0122854 1.396406e-05 -0.01479459 -0.792802 -0.6092995 -0.01479461 -0.792802 -0.6092995 0.9999245 0.01228556 1.376242e-05 0.9999245 0.01228562 1.328344e-05 0.002528859 0.1355145 -0.9907722 0.999924 0.01232819 -4.136442e-05 0.00252895 0.1355145 -0.9907721 0.01728429 0.9261832 -0.3766774 0.01479534 0.7928128 0.6092857 0.01728428 0.9261833 -0.3766774 0.9999244 0.01230173 -0.0001185745 0.9999241 0.01232067 4.022536e-05 0.9999245 0.01228515 -4.16697e-05 0.999925 0.01224055 8.517842e-06 0.9999245 0.01228438 2.547455e-05 0.9999252 0.01223005 1.010982e-05 0.9999243 0.01230104 4.3083e-05 0.9990964 0.0207714 0.03707927 0.9855222 0.02821214 0.1671833 0.9990043 0.01350534 0.04252026 0.9987233 0.03041404 0.04033386 0.9822245 0.07484643 0.1721427 0.9975967 0.04799744 0.04997159 0.9937058 0.07132787 0.08637799 0.9980281 0.05117553 0.0363453 0.9919566 0.100374 0.0771185 0.9987654 0.04522496 0.0205525 0.9999239 0.01233289 3.856825e-05 0.9988014 0.04713964 0.01318242 0.9999235 0.0123776 1.631479e-05 0.9798833 0.1805343 0.08506551 0.9712068 0.2331726 0.0488669 0.9714022 0.2324075 0.04862608 0.9882779 0.1496275 0.03030308 0.9714793 0.2140504 0.102031 0.97133 0.2376254 -0.007222225 0.9718311 0.2355644 -0.007334714 0.9961055 0.08813749 -0.00238274 0.9981931 0.05953637 0.008116826 0.9956191 0.09346154 -0.002734935 0.9983519 0.05652489 -0.009914507 0.9719155 0.2269298 -0.06231376 0.9841874 0.1710418 -0.04604089 0.9718586 0.2271607 -0.06235961 0.9716694 0.2066902 -0.1146212 0.9773749 0.1853026 -0.1019865 0.9721941 0.2047314 -0.1136832 0.9986508 0.04928406 -0.01635461 0.8944718 0.3879968 -0.2222127 0.9721376 0.1732768 -0.1578725 0.8951365 0.3221368 -0.3081532 0.960332 0.2028914 -0.1913047 0.9732444 0.1244052 -0.1931808 0.9610172 0.1505406 -0.2319128 0.991532 0.09730817 -0.08599788 0.9947478 0.07666241 -0.0678221 0.9917146 0.07503761 -0.1042662 0.9949289 0.06216996 -0.07906509 0.99862 0.04656013 -0.02429305 0.9999217 0.01250392 9.898043e-05 0.9999251 0.01223496 -0.0002241728 0.9999247 0.01227531 0.0001668143 0.9720306 0.1819004 0.1485554 0.9716525 0.2134427 0.1016536 0.9988304 0.02757254 -0.03971578 0.9990959 0.01859673 -0.03822966 0.9792623 0.06768435 -0.1909557 0.9989187 0.01099038 -0.04517454 0.9873941 0.01683533 -0.1573832 0.8984948 -0.2853944 -0.3335522 0.7690458 -0.2847739 -0.572252 0.7696208 -0.1320467 -0.6246979 0.7683381 -0.1322457 -0.626233 0.5896265 -0.363567 -0.7212209 0.5908314 -0.3632553 -0.7203915 0.5928407 -0.1707949 -0.7869999 0.5925992 0.03166119 -0.804875 0.5908492 -0.1709538 -0.7884619 0.3791739 0.03254915 -0.9247528 0.3755224 -0.2001042 -0.9049537 0.5937421 0.03153937 -0.804037 0.3734564 -0.200147 -0.9057989 0.5937601 0.2318369 -0.7705197 0.3757368 0.2635287 -0.8884674 0.3723809 0.03310802 -0.9274893 0.5950424 0.2314671 -0.7696413 0.8907171 0.3278319 -0.3148796 0.5949232 0.4138536 -0.6890512 0.8937061 0.4385991 0.09444658 0.5983022 0.6923015 -0.4034269 0.7695576 0.4849424 0.4154661 0.9736072 0.03370538 0.2257276 0.5939086 0.4599712 0.6600751 0.9999256 0.01220237 9.790953e-05 0.9999253 0.01222429 -6.595851e-05 0.9761801 -0.1973209 0.09020422 0.9999248 0.01225998 4.239695e-05 0.5846267 -0.8077796 -0.07552411 0.5847917 -0.8010178 0.1280209 0.5852754 -0.8073191 -0.07542102 0.0735331 -0.846002 -0.5280848 0.1530376 -0.9239591 -0.350541 0.348404 -0.8824818 -0.3159754 0.2979404 -0.2071398 -0.9318394 0.2565755 -0.2139916 -0.9425373 -0.004189431 -0.224495 -0.9744661 -0.004203366 -0.2245455 -0.9744545 -0.01361249 -0.7294394 -0.6839099 -0.3806955 -0.6172834 -0.6884999 -0.5906487 0.01698522 -0.8067501 -0.8974945 0.1129946 -0.4263048 -0.7695523 0.4490913 -0.4539893 -0.7686038 0.5486758 -0.3289423 -0.585132 0.6968164 -0.4148102 -0.5866973 0.6959115 -0.4141176 -0.5839365 0.7791713 -0.2278385 -0.3606188 0.8955079 -0.2608058 -0.3623441 0.8019679 -0.4749256 -0.3608202 0.8954374 -0.2607692 -0.76855 0.5487283 -0.3289805 -0.5852053 0.7783254 -0.2274736 -0.7682425 0.6141793 -0.1805197 -0.7922296 0.4273123 -0.4356333 -0.7927676 0.3043704 -0.5280891 -0.3617855 0.8021337 -0.4750714 -0.09559182 0.5308023 -0.8420873 -0.09254571 0.6856814 -0.7219946 0.009982985 0.5341338 -0.8453411 0.009997311 0.5340825 -0.8453732 0.1150837 0.5314788 -0.8392175 -0.1068753 0.9080614 -0.4049719 0.01867868 0.9994209 -0.0284417 0.2738684 0.9613804 -0.0272716 -0.5841907 0.811182 -0.02655313 -0.3638633 0.6994569 0.6151125 -0.3617588 0.831408 0.4217717 -0.3673948 0.5230733 0.7690353 -0.3644145 0.6992624 0.6150075 -0.3528848 0.526363 0.7735723 -0.3668937 0.5232229 0.7691728 0.06803574 0.4112009 0.9090021 -0.4708641 0.2964774 0.830896 -0.370378 0.313536 0.8743657 0.3762287 -0.1402537 0.9158497 -0.03483808 0.02841925 0.9989889 0.3031464 -0.6280957 0.7166576 0.4169159 -0.7174697 0.5580487 -0.01529263 -0.8169621 0.5764887 0.03860653 -0.8162314 0.5764338 -0.01524737 -0.8170702 0.5763364 -0.6013822 -0.4516715 0.659039 -0.5985436 -0.325414 0.7320185 -0.7687801 0.2102608 0.60396 -0.8992696 0.4371511 -0.01459611 -0.8992717 0.4265851 0.09662071 -0.9743177 -0.005216901 -0.2251174 -0.7310286 -0.1613744 -0.6629898 -0.7308297 -0.02825816 -0.6819747 -0.9999262 -0.0121491 1.105041e-05 0.01706427 0.9133855 -0.406738 -0.9999283 -0.011969 0.0003239986 -0.9999235 -0.01236697 -2.345652e-05 -0.8982539 0.03121105 0.4383672 -0.9603788 -0.1665001 0.2234955 -0.3843003 -0.9119242 0.1439012 -0.4752799 -0.8691113 0.1369475 -0.7677392 -0.6046299 -0.2121302 -0.7671174 -0.6388431 -0.05839895 -0.7667181 -0.6393227 -0.05839362 -0.7667633 -0.6342304 0.09912513 -0.9999251 -0.01223663 7.466337e-05 -0.9985493 -0.05304509 0.009252438 -0.7304231 -0.6400125 -0.2384664 0 0 -1 0 -0 1 -0.9999605 -0.008886216 0 -0.9999608 -0.00885107 -0 0 0 1 0.0008693368 -0.09797517 0.9951885 -0.9999609 -0.00885107 -0 -0.9999613 -0.008801728 -4.934587e-05 -0.9999603 -0.008909025 8.140309e-05 -0.9999609 -0.008847343 -1.091446e-05 -0.9999609 -0.008842196 -2.054098e-05 -0.9999617 -0.008751106 -0.0002404711 -0.9999607 -0.008866197 0.0001389545 -0.9999624 -0.008578583 -0.001307126 0.0008693284 -0.09797504 0.9951885 0.002575596 -0.2902748 0.9569398 0.9999607 0.008864232 -4.273356e-05 0.002575635 -0.2902754 0.9569397 0.9999625 0.008662246 -1.392404e-05 0.9999569 0.009284313 -1.724548e-05 0.9999668 0.008150829 6.239059e-05 0.0008707038 -0.09803539 -0.9951825 0.0008699238 -0.09801213 -0.9951848 0.9999586 0.009096653 -1.671784e-05 0.9999613 0.008797499 -8.744035e-06 0.006866046 -0.7730753 -0.6342771 0.8595972 -0.3921092 -0.3276324 0.8589312 -0.3196889 -0.4000453 0.8565271 -0.04331398 0.5142813 0.8556191 0.05862362 0.5142753 0.8573699 -0.1431557 0.4943919 0.8547286 0.1575051 0.4946019 0.8538889 0.2514713 0.4556709 0.8531479 0.3351503 0.3997662 0.8525074 0.4072748 0.3276559 0.8581789 -0.2356309 0.4560779 0.8589712 -0.3197214 0.3999332 0.8596291 -0.3920153 0.3276612 0.8600982 -0.4483669 0.2433071 0.8604318 -0.4868879 0.1503241 0.8606092 -0.5067644 0.05041423 0.8606076 -0.5067635 -0.05045359 0.8604202 -0.4868961 -0.1503644 0.860074 -0.4483738 -0.2433795 0.8581586 -0.2361578 -0.4558435 0.9999565 0.009324824 1.996269e-05 0.007826787 -0.8818402 -0.4714835 0.008826744 -0.9951624 -0.09784514 0.008826388 -0.9951224 0.09825342 -0.008480326 0.9567598 0.2907555 -0.007827385 0.8818972 0.4713768 -0.008493048 0.9568961 0.2903062 -0.007827387 0.8818972 0.4713767 0.8516305 0.5021685 0.1501744 0.8519736 0.4634197 0.2436867 0.8514752 0.5219061 0.05102826 0.8516186 0.5021765 -0.1502147 0.8538907 0.2506356 0.4561276 0.8547028 0.1579863 0.494493 0.8514735 0.5219051 -0.05106809 0.8556047 0.05821289 0.5143459 0.8531421 0.3357912 0.3992401 0.8524816 0.4071715 0.3278513 0.8535939 -0.09431158 0.5123307 0.8595829 -0.3919398 0.3278725 0.8600828 -0.4481386 0.2437813 0.860442 -0.4868715 0.150319 0.8606234 -0.5067247 -0.05057362 0.8604303 -0.4868796 -0.1503594 0.8589373 -0.3206194 -0.3992868 0.8582298 -0.2356756 0.4559591 0.8589772 -0.3206519 0.3991748 0.860625 -0.5067257 0.05053422 0.8600586 -0.4481457 -0.2438538 0.8595511 -0.3920338 -0.3278438 0.000868736 -0.09801171 -0.9951848 0.9999586 0.009102529 -0.0001498373 0.002577749 -0.2902356 -0.9569517 0.9999613 0.008799916 5.770821e-05 0.9999633 0.00856951 0.0001453159 0.0008711414 -0.0980835 -0.9951777 0.9999599 0.008947767 -2.961745e-05 0.9999612 0.008816351 -1.741329e-06 -0.0008711395 0.09808329 -0.9951778 -0 0 1 -0.0008693356 0.09797504 0.9951885 0 0 1 0 0 -1 0 0 -1 0 0 -1 -0.007826895 0.8818418 -0.4714803 -0.002575621 0.2902752 0.9569398 -0.0008693357 0.09797504 0.9951885 -0.9999605 -0.008881065 -0.0002137117 -0.00257561 0.290275 0.9569398 -0.9999602 -0.008917666 -0.0003977476 -0.004182744 0.4714015 0.8819088 -0.004182805 0.4714004 0.8819094 -0.9999621 -0.008707731 0.0002943504 -0.005631428 0.6343681 0.7730106 -0.005628524 0.6343324 0.7730399 -0.9999622 -0.00868743 0.0003433598 -0.006861906 0.7729788 0.6343946 -0.006861926 0.772979 0.6343945 -0.007828756 0.88189 0.4713902 -0.9999607 -0.008871663 -1.328789e-06 -0.007828728 0.8818898 0.4713906 0.9999604 0.00890212 -6.928191e-05 -0.008494758 0.9569167 0.2902381 0.9999602 0.008919693 -7.428852e-05 0.999961 0.008837373 2.628302e-05 0.9999607 0.008870564 4.844985e-05 -0.008490682 0.9568965 0.2903047 0.999961 0.008839932 0.0001072345 -0.008830098 0.9951485 0.0979871 -0.00883419 0.9951412 0.09806097 -0.999962 -0.008715921 0.0001354067 -0.9999589 -0.009062397 -0.0002867978 -0.008876974 0.9999606 0 -0.008876974 0.9999606 0 0.9999604 0.008894922 0 0.999962 0.008704817 0.0003707688 0.9999614 0.008797692 0.0001282946 0.9999605 0.008885812 -0.0002172299 0.007833084 -0.881942 -0.4712928 0.9999621 0.008704903 -0.0003704873 0.9999613 0.008797697 -0.0001282635 0.9999605 0.008885804 0.0002171729 0.9999607 0.008870563 -4.846289e-05 0.999961 0.008839929 -0.0001072599 -0.00849104 0.9569369 -0.290172 0.9999602 0.008919681 7.427316e-05 -0.008830013 0.9951389 -0.09808424 -0.008834234 0.9951462 -0.09801035 -0.9999743 -0.007167814 -0.0002879082 -0.008494758 0.9569167 -0.2902385 -0.9999593 -0.009019704 8.045978e-05 -0.007828734 0.8818905 -0.4713892 -0.007828759 0.8818904 -0.4713897 -0.00686192 0.7729784 -0.6343954 0.9999604 0.00890212 6.928176e-05 0.999961 0.008837377 -2.627754e-05 0.002583926 -0.2909311 0.9567405 0.002576887 -0.2907271 0.9568025 0.0008690991 -0.09805267 0.9951808 0.9999595 0.008981708 0.0005664857 0.0008702298 -0.09798087 0.9951879 -0.0008708618 0.09805202 0.9951809 -0.0008708552 0.09805244 0.9951808 -0.002583913 0.2909312 0.9567405 -0.002579263 0.2907964 0.9567814 -0.004181989 0.4708614 0.8821973 -0.004174585 0.4706594 0.8823051 -0.005634946 0.6344537 0.7729403 -0.005634908 0.6344528 0.7729411 -0.006860644 0.7729762 0.634398 -0.006866256 0.7730943 0.634254 -0.002575611 0.2902752 -0.9569398 -0.00257562 0.2902751 -0.9569398 -0.0008699985 0.09804972 -0.9951811 -0.9999613 -0.008805307 -3.603305e-05 -0.9999629 -0.00861942 -0.0001602417 -0.004182223 0.4713427 -0.8819402 -0.0041823 0.4713438 -0.8819396 -0.9999598 -0.008972795 2.864146e-05 -0.005629253 0.6344146 -0.7729725 -0.9999566 -0.009311799 0.0001690676 -0.006861904 0.7729785 -0.6343951 -0.005631525 0.6343789 -0.7730017 -0.9999608 -0.008860976 9.65494e-06 -0.0008699982 0.09804971 -0.9951811 -0.9999609 -0.008851322 -0 -0.9999608 -0.00885132 0 0.9999611 0.008823335 -3.177018e-06 0.9999614 0.008786266 3.354243e-05 -0.008849735 0.995091 -0.09856825 -0.008850856 0.995217 0.09728761 -0.008820147 0.9950988 0.09849191 -0.008821132 0.9952099 -0.09736303 -0.008481355 0.9568759 -0.2903732 -0.008491658 0.9567393 -0.2908227 0.0008699982 -0.09804971 -0.9951811 0.9999565 0.009324835 -1.996303e-05 0.004182906 -0.4709615 0.8821438 0.002581622 -0.2908648 0.9567607 0.002583954 -0.2909324 0.9567401 0.0008696709 -0.09798363 0.9951876 0.0008704895 -0.09800456 0.9951856 -0.000870495 0.09800518 0.9951856 0.00418226 -0.4713432 -0.8819399 0.002575601 -0.2902755 -0.9569397 0.00257563 -0.2902748 -0.9569399 0.004182263 -0.4713433 -0.8819399 0.005628883 -0.6343783 -0.7730023 0.005628883 -0.6343783 -0.7730023 -0.9999595 -0.008998117 -6.054689e-05 -0.9999617 -0.008754765 6.953363e-05 0.006859015 -0.7730149 -0.6343508 -0.9999605 -0.008882801 -1.277823e-05 0.006858963 -0.7730156 -0.6343499 0.007825005 -0.8818901 -0.4713901 0.008494718 -0.9569163 -0.2902398 0.007828421 -0.881859 -0.4714482 0.008494718 -0.9569163 -0.2902397 -0.9999653 -0.008322287 9.657711e-05 -0.9999603 -0.008903285 -1.899307e-05 0.008834091 -0.9951462 -0.09801088 -0.005634955 0.6344547 0.7729394 -0.006858508 0.7727355 0.6346911 -0.006864163 0.7728545 0.6345462 -0.007827379 0.8818964 0.4713783 0.008834112 -0.9951485 0.09798642 0.008494539 -0.9568962 0.2903059 0.008494539 -0.9568962 0.2903059 0.007828692 -0.8818895 0.4713912 0.006858961 -0.7730154 0.6343502 0.007824725 -0.8818585 0.4714493 0.004182775 -0.4714009 0.8819091 0.005628469 -0.6343317 0.7730405 0.9999607 0.008861576 2.835732e-05 0.004182775 -0.4714009 0.8819091 0.00562847 -0.6343318 0.7730405 0.006859025 -0.7730161 0.6343493 0.00883418 -0.9951484 0.09798762 0.008876898 -0.9999606 0 0.008876898 -0.9999606 0 0.00883416 -0.9951462 -0.09800967 -0.004179107 0.4708579 0.8821992 -0.002581559 0.290863 0.9567612 -0.004182939 0.4709625 0.8821434 -0.005635045 0.6344569 0.7729376 -0.9999595 -0.009004653 -9.744442e-05 0.0008699922 -0.09804983 -0.9951811 -0.9999622 -0.008691561 0.0001595155 -0.002579304 0.2907976 0.956781 -0.0008696379 0.09804532 0.9951815 -0.0008705895 0.09805203 0.9951809 0.0008699615 -0.0979813 0.9951879 0.005632754 -0.6342141 0.773137 0.005628006 -0.6340971 0.7732329 0.004179172 -0.4708597 0.8821982 0.9999611 0.008814925 -8.388452e-06 -0.0008711253 0.09808286 -0.9951779 -0.9999605 -0.008886216 0 0 0 1 0 0 1 0 0 1 0 0 1 0 0 1 0 0 1 0 0 1 0 0 1 0 0 1 0 0 1 0 0 1 0 0 1 0 0 1 0 0 1 0 0 1 0 0 1 0 -0 1 0 0 1 0 0 1 0 0 1 0 0 1 -0 0 1 0 0 1 -0 0 1 0 0 1 0 0 1 0 0 1 0 0 1 0 0 1 0 0 1 0 0 1 0 0 1 -0.9999608 -0.008859429 0 -0.008865767 0.9999607 0 -0.9999608 -0.008858906 -3.945194e-05 0.9999613 0.008790912 0 0.9999607 0.008873804 -1.457847e-05 0 0 -1 0 0 -1 -0.008910628 0.9999604 0 -0.008799234 0.9999614 2.935856e-05 -0.008835948 0.999961 1.459723e-05 -0.008866469 0.9999607 4.531351e-08 0.9999616 0.008758055 6.152781e-08 -0.9999608 -0.008858905 7.572226e-06 -0.9999605 -0.008885967 -0 0.9999605 0.008880207 5.749107e-05 0.9999573 0.009240492 0.0002479875 0.9999602 0.008922719 -5.816764e-05 0.9999602 0.008922725 5.816566e-05 0.9999601 0.008939259 -0.0001345104 0.9999609 0.008848664 -0 0.00891039 -0.9999604 0 0.008724215 -0.999962 -3.866464e-05 0.008790863 -0.9999613 -2.238493e-05 0.008978855 -0.9999597 3.108702e-05 0.009052043 -0.9999589 7.235206e-05 0.008895888 -0.9999604 -2.095829e-06 -0.5667988 -0.005034025 0.8238409 -0.5667464 -0.005029386 0.8238769 -0.008892806 0.9999604 8.271483e-06 -0.008908718 0.9999604 1.45863e-05 -0.008921635 0.9999602 2.076886e-05 -0.70876 -0.006294947 -0.7054215 -0.7088183 -0.006290057 -0.7053632 -0.008769806 0.9999616 -6.865868e-05 0.008971291 -0.9999598 -5.000151e-05 0.008799986 -0.9999613 7.488401e-05 0.008899975 -0.9999604 -1.463696e-05 0.008930208 -0.9999602 -4.724071e-05 0.008894524 -0.9999604 -2.185047e-06 0.008881173 -0.9999605 1.689052e-05 0 0 1 0 0 1 0 0 1 0 0 1 0 0 1 0 0 1 0.008910894 -0.9999604 0 0.008485918 -0.9999639 -0.0001304613 0.00896965 -0.9999598 4.892943e-05 0 0 1 0 -0 1 -0.9999607 -0.008858902 2.926193e-06 -0.9999606 -0.00887429 -0 -0.9999581 -0.009148969 -7.413571e-05 -0.9999635 -0.008546202 9.102645e-05 -0.999963 -0.008598806 6.788985e-05 -0.9999565 -0.00932717 -0.0001382187 -0.999963 -0.008598882 9.192781e-05 -0.9999633 -0.008565806 0.0001173151 -0.9999583 -0.009126529 -8.769641e-05 0 0 1 0 0 1 -0 0 1 -0 0 1 0 -0 1 0 -0 1 0 0 1 0 0 1 -0 0 1 0 -0 1 0 0 1 0 0 1 0 -0 1 0 -0 1 0 -0 1 -0 0 1 0 0 1 0 -0 1 -0 0 1 0 0 1 0 -0 1 0 -0 1 0 0 1 0 -0 1 0 0 1 0 -0 1 0 0 1 0 0 1 0.9960183 -0.08914867 0 0.9942567 0.1070216 -0 -0 0 1 -0 0 1 -0 0 1 0 0 1 0 0 1 0 0 1 -0 0 1 -0 0 1 0 -0 1 0 0 1 0 0 1 0 0 1 0 0 1 0 0 1 0 -0 1 -0 0 1 0 0 1 -0 0 1 0 -0 1 -0 0 1 0 -0 1 -0 0 1 0 -0 1 0 -0 1 -0 0 1 0 -0 1 0 0 1 0 -0 1 -0 0 1 0 -0 1 -0.9999558 -0.009388342 0.0002998252 -0.9999674 -0.008061473 -0.0004300046 -0.9999622 -0.008703454 -9.96427e-05 -0.999959 -0.009057413 0.0001230942 -0.9999627 -0.008637373 -0.0001657502 -0.9999574 -0.009216685 0.000272845 -0.9999625 -0.008654694 -0.0001962151 -0.9999587 -0.009091415 0.0002037866 -0.9999572 -0.009246695 -0.0004216563 -0.999964 -0.00848855 0.0003329223 -0.9999608 -0.008858902 -7.998284e-06 -0.9999593 -0.009020418 -0.0001542146 -0.9999608 -0.008852633 0 -0.008911188 0.9999604 0 -0.008796313 0.9999613 -3.067535e-05 -0.008799001 0.9999613 -2.247423e-05 -0.009049224 0.9999591 7.100665e-05 -0.008896287 0.9999604 -1.906347e-06 -0.999956 -0.009369816 -0.0003016518 -0.9999676 -0.008034865 0.0004326235 -0.9999622 -0.008686907 9.666045e-05 -0.9999632 -0.008577822 0.0001653042 -0.9999593 -0.009025441 -0.0001424913 -0.9999611 -0.008820221 1.287216e-05 0 0 -1 -0.9999632 -0.008585386 -6.586337e-05 -0.9999642 -0.008454779 -9.95803e-05 -0.9999585 -0.009103797 7.824711e-05 -0.9999611 -0.008815005 -6.522432e-06 -0.9999589 -0.009064289 7.22522e-05 -0.9999645 -0.008431189 -0.0001432656 -0.999957 -0.009272051 0.0001641603 0.008978968 -0.9999597 -3.099897e-05 0.008791028 -0.9999613 2.245811e-05 0.008726421 -0.9999619 3.823782e-05 0.008796264 -0.9999614 3.06214e-05 0.7014791 0.006225033 0.7126628 0.008835983 -0.999961 1.465174e-05 0.7014791 0.006225022 0.7126629 0.008896081 -0.9999604 -1.400037e-05 -0.009063963 0.9999589 -4.689719e-05 -0.008543253 0.9999635 0.0001306449 -0.008910262 0.9999602 -1.499522e-05 -0.008970541 0.9999598 -4.932669e-05 0.708704 0.006289126 -0.705478 -0.008801658 0.9999613 7.379033e-05 0.7087039 0.006289136 -0.7054781 -0.008893148 0.9999604 7.95755e-08 -0.9999631 -0.008583914 -0.0003013347 -0 0 -1 -0.008881281 0.9999607 1.703634e-05 -0.008892697 0.9999605 3.334369e-05 0.008863462 -0.9999607 0 0.9999606 0.008873803 3.430406e-06</float_array>
          <technique_common>
            <accessor count="3628" source="#cubenormals-array0-array" stride="3">
              <param type="float" name="X" />
              <param type="float" name="Y" />
              <param type="float" name="Z" />
            </accessor>
          </technique_common>
        </source>
        <vertices id="cubeverts-array0-vertices">
          <input semantic="POSITION" source="#cubeverts-array0" />
        </vertices>
        <triangles count="3628" material="ref_Cylinder_002">
          <input offset="0" semantic="VERTEX" source="#cubeverts-array0-vertices" />
          <input offset="1" semantic="NORMAL" source="#cubenormals-array0" />
          <p>0 0 1 0 2 0 3 1 1 1 0 1 4 2 0 2 2 2 5 3 0 3 4 3 0 4 5 4 3 4 6 5 5 5 4 5 5 6 7 6 3 6 6 7 8 7 5 7 9 8 5 8 8 8 7 9 5 9 9 9 3 10 7 10 10 10 9 11 11 11 7 11 7 12 12 12 10 12 12 13 7 13 11 13 13 14 10 14 12 14 14 15 3 15 10 15 14 16 10 16 15 16 10 17 13 17 15 17 16 18 15 18 13 18 17 19 18 19 15 19 14 20 15 20 18 20 16 21 17 21 15 21 16 22 13 22 19 22 16 23 19 23 17 23 13 24 20 24 19 24 21 25 22 25 19 25 19 26 20 26 21 26 22 27 17 27 19 27 20 28 13 28 23 28 24 29 20 29 25 29 20 30 24 30 21 30 23 31 25 31 20 31 12 32 23 32 13 32 23 33 12 33 26 33 25 34 23 34 27 34 26 35 27 35 23 35 11 36 26 36 12 36 28 37 27 37 26 37 29 38 26 38 11 38 28 39 26 39 29 39 30 40 29 40 11 40 28 41 29 41 31 41 31 42 29 42 32 42 32 43 29 43 30 43 11 44 9 44 30 44 33 45 32 45 30 45 30 46 9 46 34 46 33 47 30 47 34 47 33 48 35 48 36 48 36 49 37 49 33 49 35 50 33 50 34 50 37 51 32 51 33 51 37 52 38 52 32 52 37 53 36 53 39 53 40 54 38 54 37 54 39 55 40 55 37 55 40 56 39 56 41 56 42 57 39 57 36 57 43 58 41 58 39 58 39 59 42 59 43 59 41 60 44 60 40 60 45 61 46 61 41 61 41 62 43 62 45 62 44 63 41 63 46 63 40 64 44 64 47 64 44 65 48 65 49 65 47 66 44 66 49 66 48 67 44 67 46 67 47 68 38 68 40 68 38 69 47 69 50 69 47 70 49 70 51 70 50 71 47 71 51 71 50 72 51 72 52 72 50 73 31 73 38 73 31 74 50 74 53 74 54 75 53 75 50 75 54 76 50 76 52 76 56 77 55 77 58 77 62 78 60 78 63 78 60 79 61 79 63 79 62 80 59 80 60 80 64 81 62 81 65 81 65 82 62 82 63 82 62 83 64 83 66 83 66 84 59 84 62 84 66 85 67 85 68 85 67 86 66 86 64 86 68 87 58 87 66 87 59 88 66 88 58 88 58 89 68 89 56 89 69 90 56 90 68 90 70 91 68 91 67 91 68 92 70 92 69 92 69 93 71 93 72 93 71 94 69 94 70 94 72 95 57 95 69 95 56 96 69 96 57 96 73 97 72 97 71 97 57 98 72 98 74 98 74 99 72 99 75 99 72 100 73 100 75 100 75 101 73 101 76 101 71 102 77 102 73 102 73 103 78 103 76 103 78 104 73 104 77 104 77 105 79 105 78 105 79 106 80 106 78 106 78 107 80 107 81 107 76 108 78 108 81 108 82 109 81 109 80 109 84 110 80 110 83 110 84 111 82 111 80 111 85 112 81 112 82 112 86 113 85 113 82 113 88 114 89 114 90 114 92 115 88 115 91 115 95 116 97 116 94 116 98 117 95 117 93 117 100 118 101 118 102 118 105 119 104 119 106 119 106 120 104 120 108 120 107 121 108 121 104 121 108 122 107 122 109 122 110 123 109 123 107 123 107 124 99 124 110 124 109 125 110 125 111 125 112 126 111 126 110 126 111 127 112 127 113 127 112 128 114 128 113 128 115 129 79 129 114 129 114 130 79 130 77 130 113 131 114 131 77 131 116 132 115 132 117 132 120 133 118 133 121 133 118 134 119 134 122 134 119 135 124 135 123 135 98 136 93 136 124 136 87 137 125 137 89 137 87 138 120 138 125 138 113 139 70 139 111 139 70 140 113 140 71 140 77 141 71 141 113 141 67 142 111 142 70 142 111 143 67 143 109 143 109 144 64 144 108 144 64 145 109 145 67 145 65 146 108 146 64 146 108 147 65 147 106 147 105 148 106 148 126 148 106 149 65 149 127 149 106 150 127 150 126 150 105 151 126 151 128 151 127 152 129 152 126 152 129 153 130 153 126 153 128 154 126 154 130 154 129 155 131 155 130 155 131 156 129 156 127 156 131 157 132 157 130 157 133 158 131 158 127 158 131 159 134 159 132 159 134 160 131 160 133 160 61 161 133 161 63 161 133 162 61 162 135 162 135 163 134 163 133 163 63 164 133 164 127 164 135 165 61 165 136 165 137 166 134 166 135 166 134 167 137 167 138 167 137 168 139 168 138 168 134 169 138 169 132 169 138 170 140 170 132 170 139 171 141 171 138 171 141 172 140 172 138 172 142 173 143 173 140 173 144 174 140 174 143 174 140 175 144 175 132 175 141 176 142 176 140 176 142 177 145 177 143 177 146 178 142 178 141 178 142 179 146 179 147 179 147 180 145 180 142 180 145 181 148 181 143 181 145 182 147 182 149 182 149 183 150 183 145 183 145 184 150 184 148 184 150 185 151 185 148 185 152 186 143 186 148 186 148 187 153 187 152 187 153 188 148 188 151 188 150 189 154 189 151 189 151 190 155 190 153 190 155 191 156 191 153 191 158 192 156 192 155 192 157 193 158 193 155 193 161 194 159 194 160 194 163 195 159 195 161 195 164 196 160 196 166 196 167 197 166 197 168 197 165 198 168 198 169 198 169 199 170 199 172 199 172 200 170 200 174 200 173 201 175 201 176 201 178 202 174 202 177 202 180 203 177 203 179 203 182 204 183 204 163 204 181 205 184 205 183 205 186 206 184 206 185 206 188 207 179 207 189 207 189 208 191 208 190 208 193 209 194 209 191 209 193 210 195 210 194 210 192 211 198 211 196 211 196 212 198 212 197 212 199 213 197 213 198 213 200 214 201 214 197 214 197 215 199 215 200 215 202 216 203 216 199 216 200 217 199 217 203 217 202 218 199 218 198 218 202 219 198 219 204 219 202 220 205 220 203 220 202 221 206 221 205 221 202 222 204 222 206 222 207 223 203 223 205 223 208 224 207 224 205 224 206 225 209 225 205 225 208 226 205 226 209 226 208 227 210 227 207 227 208 228 209 228 210 228 211 229 212 229 210 229 210 230 213 230 211 230 212 231 207 231 210 231 209 232 213 232 210 232 214 233 213 233 215 233 213 234 214 234 211 234 216 235 215 235 213 235 213 236 209 236 216 236 215 237 216 237 217 237 221 238 220 238 222 238 219 239 220 239 221 239 222 240 223 240 221 240 223 241 222 241 224 241 225 242 226 242 224 242 226 243 223 243 224 243 228 244 229 244 230 244 228 245 231 245 225 245 228 246 230 246 231 246 232 247 233 247 230 247 234 248 232 248 230 248 235 249 230 249 233 249 234 250 230 250 229 250 230 251 235 251 231 251 233 252 236 252 235 252 237 253 235 253 236 253 235 254 237 254 238 254 238 255 231 255 235 255 238 256 237 256 239 256 231 257 238 257 226 257 240 258 238 258 239 258 226 259 238 259 240 259 239 260 241 260 240 260 239 261 242 261 243 261 241 262 239 262 243 262 237 263 242 263 239 263 240 264 241 264 244 264 245 265 241 265 243 265 245 266 246 266 241 266 246 267 244 267 241 267 244 268 223 268 240 268 246 269 247 269 244 269 247 270 221 270 244 270 223 271 244 271 221 271 248 272 247 272 246 272 249 273 247 273 250 273 249 274 221 274 247 274 247 275 248 275 250 275 248 276 251 276 22 276 251 277 248 277 252 277 246 278 252 278 248 278 22 279 250 279 248 279 253 280 252 280 254 280 252 281 253 281 251 281 245 282 252 282 246 282 245 283 254 283 252 283 254 284 255 284 256 284 257 285 254 285 256 285 255 286 254 286 245 286 254 287 257 287 253 287 256 288 258 288 257 288 258 289 259 289 257 289 257 290 259 290 260 290 260 291 253 291 257 291 253 292 260 292 261 292 259 293 262 293 260 293 263 294 261 294 260 294 260 295 262 295 263 295 262 296 2 296 264 296 262 297 264 297 263 297 262 298 265 298 2 298 262 299 259 299 265 299 266 300 265 300 267 300 265 301 268 301 267 301 265 302 269 302 2 302 266 303 270 303 265 303 271 304 265 304 258 304 271 305 268 305 265 305 265 306 270 306 269 306 265 307 259 307 258 307 2 308 269 308 272 308 273 309 272 309 269 309 273 310 269 310 274 310 269 311 270 311 274 311 275 312 276 312 274 312 274 313 276 313 273 313 277 314 274 314 278 314 275 315 274 315 277 315 274 316 270 316 278 316 270 317 277 317 278 317 276 318 275 318 279 318 275 319 280 319 279 319 281 320 280 320 275 320 281 321 275 321 282 321 283 322 284 322 275 322 275 323 284 323 282 323 283 324 275 324 277 324 285 325 283 325 286 325 283 326 285 326 287 326 283 327 277 327 286 327 287 328 284 328 283 328 288 329 289 329 287 329 287 330 289 330 284 330 288 331 287 331 290 331 287 332 285 332 290 332 291 333 290 333 285 333 288 334 290 334 292 334 290 335 293 335 292 335 293 336 290 336 291 336 293 337 294 337 292 337 291 338 295 338 293 338 296 339 294 339 293 339 297 340 296 340 293 340 297 341 293 341 295 341 298 342 292 342 294 342 299 343 298 343 294 343 300 344 299 344 294 344 296 345 300 345 294 345 292 346 298 346 301 346 302 347 301 347 298 347 303 348 298 348 299 348 303 349 302 349 298 349 304 350 305 350 303 350 304 351 303 351 299 351 303 352 305 352 306 352 306 353 302 353 303 353 306 354 307 354 45 354 307 355 306 355 305 355 45 356 308 356 306 356 302 357 306 357 308 357 309 358 308 358 310 358 308 359 309 359 302 359 43 360 310 360 308 360 308 361 45 361 43 361 310 362 43 362 42 362 42 363 311 363 310 363 310 364 312 364 309 364 312 365 310 365 311 365 311 366 42 366 313 366 314 367 311 367 315 367 311 368 314 368 312 368 313 369 315 369 311 369 36 370 313 370 42 370 313 371 36 371 35 371 315 372 313 372 316 372 35 373 316 373 313 373 317 374 316 374 318 374 318 375 316 375 319 375 316 376 35 376 319 376 317 377 315 377 316 377 317 378 318 378 276 378 317 379 320 379 315 379 317 380 276 380 320 380 276 381 279 381 320 381 279 382 315 382 320 382 318 383 319 383 321 383 319 384 34 384 8 384 8 385 321 385 319 385 34 386 319 386 35 386 276 387 318 387 321 387 6 388 276 388 321 388 6 389 321 389 8 389 279 390 314 390 315 390 279 391 280 391 314 391 312 392 314 392 322 392 314 393 280 393 322 393 280 394 281 394 322 394 322 395 281 395 289 395 312 396 322 396 323 396 289 397 323 397 322 397 309 398 312 398 323 398 309 399 323 399 301 399 323 400 289 400 288 400 288 401 301 401 323 401 302 402 309 402 301 402 307 403 324 403 46 403 325 404 324 404 307 404 46 405 45 405 307 405 305 406 325 406 307 406 326 407 325 407 305 407 328 408 327 408 329 408 329 409 327 409 304 409 327 410 326 410 304 410 335 411 334 411 333 411 333 412 336 412 335 412 336 413 333 413 331 413 337 414 336 414 331 414 337 415 338 415 336 415 338 416 339 416 336 416 335 417 336 417 339 417 340 418 338 418 337 418 340 419 300 419 338 419 341 420 339 420 338 420 338 421 300 421 341 421 300 422 296 422 341 422 341 423 296 423 342 423 343 424 341 424 342 424 339 425 341 425 343 425 344 426 345 426 343 426 346 427 344 427 343 427 346 428 343 428 342 428 345 429 339 429 343 429 347 430 346 430 348 430 346 431 347 431 349 431 349 432 344 432 346 432 348 433 346 433 342 433 348 434 350 434 347 434 351 435 348 435 295 435 348 436 342 436 295 436 351 437 350 437 348 437 352 438 347 438 350 438 350 439 353 439 352 439 351 440 354 440 350 440 354 441 353 441 350 441 277 442 353 442 354 442 355 443 277 443 354 443 355 444 354 444 351 444 355 445 356 445 277 445 351 446 356 446 355 446 277 447 356 447 286 447 351 448 357 448 356 448 357 449 286 449 356 449 357 450 285 450 286 450 351 451 291 451 357 451 357 452 291 452 285 452 353 453 358 453 352 453 358 454 353 454 277 454 352 455 358 455 359 455 358 456 360 456 359 456 358 457 277 457 266 457 358 458 266 458 360 458 359 459 360 459 361 459 266 460 362 460 360 460 360 461 362 461 361 461 363 462 362 462 266 462 361 463 362 463 363 463 364 464 363 464 365 464 363 465 364 465 361 465 363 466 266 466 365 466 266 467 267 467 365 467 365 468 366 468 364 468 366 469 365 469 267 469 267 470 367 470 366 470 366 471 367 471 368 471 369 472 366 472 368 472 364 473 366 473 369 473 370 474 369 474 242 474 368 475 242 475 369 475 369 476 370 476 371 476 371 477 364 477 369 477 371 478 372 478 373 478 372 479 371 479 370 479 373 480 361 480 371 480 361 481 364 481 371 481 374 482 359 482 373 482 361 483 373 483 359 483 373 484 375 484 374 484 375 485 373 485 372 485 372 486 376 486 375 486 377 487 375 487 376 487 349 488 374 488 375 488 375 489 377 489 349 489 377 490 378 490 344 490 344 491 349 491 377 491 378 492 377 492 379 492 376 493 379 493 377 493 233 494 232 494 379 494 380 495 379 495 232 495 379 496 380 496 378 496 379 497 376 497 233 497 380 498 381 498 382 498 378 499 380 499 382 499 383 500 381 500 380 500 383 501 380 501 232 501 381 502 384 502 382 502 386 503 147 503 146 503 147 504 386 504 387 504 388 505 387 505 386 505 387 506 149 506 147 506 387 507 388 507 389 507 389 508 390 508 387 508 149 509 387 509 390 509 390 510 389 510 391 510 391 511 392 511 390 511 393 512 390 512 392 512 390 513 393 513 149 513 394 514 391 514 389 514 392 515 391 515 395 515 391 516 394 516 396 516 396 517 395 517 391 517 395 518 396 518 397 518 397 519 398 519 395 519 399 520 395 520 398 520 395 521 399 521 392 521 171 522 399 522 398 522 400 523 392 523 399 523 154 524 393 524 400 524 392 525 400 525 393 525 401 526 175 526 398 526 398 527 397 527 401 527 171 528 398 528 175 528 176 529 401 529 402 529 403 530 402 530 401 530 397 531 403 531 401 531 176 532 175 532 401 532 403 533 404 533 405 533 404 534 403 534 406 534 406 535 403 535 397 535 405 536 402 536 403 536 406 537 407 537 404 537 408 538 407 538 406 538 396 539 408 539 406 539 396 540 406 540 397 540 409 541 410 541 408 541 394 542 409 542 408 542 410 543 407 543 408 543 394 544 408 544 396 544 411 545 407 545 410 545 411 546 227 546 217 546 411 547 217 547 412 547 411 548 412 548 407 548 407 549 412 549 404 549 404 550 412 550 413 550 412 551 217 551 216 551 216 552 413 552 412 552 413 553 405 553 404 553 413 554 216 554 209 554 209 555 206 555 413 555 405 556 413 556 206 556 389 557 414 557 394 557 414 558 389 558 388 558 388 559 385 559 414 559 414 560 409 560 394 560 204 561 405 561 206 561 402 562 405 562 204 562 150 563 149 563 393 563 393 564 154 564 150 564 382 565 384 565 334 565 383 566 232 566 234 566 335 567 382 567 334 567 345 568 382 568 335 568 378 569 382 569 345 569 344 570 378 570 345 570 236 571 233 571 376 571 376 572 372 572 236 572 359 573 374 573 352 573 347 574 352 574 374 574 374 575 349 575 347 575 370 576 236 576 372 576 242 577 237 577 370 577 236 578 370 578 237 578 242 579 368 579 243 579 368 580 367 580 255 580 243 581 368 581 255 581 367 582 267 582 268 582 271 583 367 583 268 583 271 584 256 584 367 584 256 585 255 585 367 585 351 586 295 586 291 586 345 587 335 587 339 587 342 588 297 588 295 588 296 589 297 589 342 589 340 590 337 590 330 590 340 591 329 591 304 591 340 592 330 592 329 592 340 593 304 593 299 593 300 594 340 594 299 594 337 595 331 595 330 595 141 596 332 596 146 596 139 597 332 597 141 597 330 598 328 598 329 598 304 599 326 599 305 599 324 600 415 600 46 600 46 601 415 601 48 601 301 602 288 602 292 602 289 603 282 603 284 603 281 604 282 604 289 604 266 605 277 605 270 605 2 606 272 606 276 606 276 607 272 607 273 607 6 608 2 608 276 608 271 609 258 609 256 609 2 610 416 610 264 610 263 611 264 611 416 611 1 612 416 612 2 612 417 613 416 613 1 613 416 614 417 614 263 614 263 615 417 615 18 615 14 616 18 616 417 616 14 617 417 617 1 617 261 618 263 618 18 618 261 619 251 619 253 619 251 620 261 620 17 620 18 621 17 621 261 621 245 622 243 622 255 622 17 623 22 623 251 623 418 624 249 624 250 624 418 625 250 625 21 625 250 626 22 626 21 626 419 627 418 627 420 627 418 628 419 628 249 628 420 629 418 629 24 629 418 630 21 630 24 630 421 631 420 631 24 631 419 632 420 632 422 632 420 633 423 633 422 633 421 634 423 634 420 634 421 635 424 635 423 635 25 636 421 636 24 636 425 637 424 637 421 637 426 638 425 638 421 638 421 639 25 639 426 639 427 640 425 640 426 640 428 641 427 641 429 641 429 642 427 642 426 642 433 643 431 643 434 643 432 644 434 644 431 644 433 645 435 645 431 645 435 646 436 646 437 646 436 647 435 647 433 647 212 648 437 648 436 648 438 649 437 649 211 649 437 650 212 650 211 650 218 651 438 651 214 651 438 652 211 652 214 652 436 653 439 653 212 653 439 654 436 654 440 654 433 655 440 655 436 655 440 656 441 656 439 656 441 657 440 657 85 657 442 658 440 658 433 658 442 659 85 659 440 659 442 660 433 660 434 660 442 661 434 661 76 661 81 662 85 662 442 662 442 663 76 663 81 663 443 664 439 664 441 664 85 665 86 665 441 665 444 666 441 666 86 666 441 667 444 667 443 667 200 668 443 668 444 668 439 669 443 669 207 669 443 670 200 670 203 670 203 671 207 671 443 671 444 672 445 672 200 672 445 673 201 673 200 673 207 674 212 674 439 674 434 675 75 675 76 675 75 676 434 676 432 676 432 677 74 677 75 677 430 678 74 678 432 678 426 679 27 679 429 679 28 680 429 680 27 680 53 681 428 681 429 681 28 682 53 682 429 682 54 683 428 683 53 683 27 684 426 684 25 684 249 685 419 685 422 685 219 686 249 686 422 686 219 687 221 687 249 687 226 688 240 688 223 688 225 689 231 689 226 689 195 690 92 690 446 690 447 691 103 691 448 691 450 692 449 692 448 692 187 693 450 693 451 693 186 694 187 694 451 694 453 695 454 695 452 695 455 696 454 696 456 696 152 697 153 697 455 697 152 698 455 698 456 698 128 699 456 699 454 699 130 700 456 700 128 700 456 701 130 701 144 701 152 702 456 702 144 702 453 703 128 703 454 703 105 704 128 704 453 704 158 705 162 705 156 705 143 706 152 706 144 706 130 707 132 707 144 707 65 708 63 708 127 708 103 709 96 709 97 709 28 710 31 710 53 710 38 711 31 711 32 711 34 712 9 712 8 712 14 713 1 713 3 713 4 714 2 714 6 714 457 715 458 715 459 715 457 716 460 716 458 716 460 717 461 717 458 717 458 718 462 718 459 718 458 719 461 719 462 719 460 720 463 720 461 720 463 721 462 721 461 721 463 722 460 722 464 722 465 723 463 723 466 723 463 724 465 724 462 724 463 725 464 725 466 725 465 726 466 726 467 726 468 727 466 727 464 727 469 728 470 728 466 728 466 729 470 729 467 729 466 730 468 730 469 730 464 731 471 731 468 731 475 732 470 732 469 732 477 733 470 733 475 733 467 734 470 734 477 734 479 735 467 735 477 735 479 736 477 736 478 736 479 737 480 737 481 737 480 738 479 738 478 738 479 739 481 739 482 739 467 740 479 740 482 740 467 741 482 741 465 741 482 742 483 742 465 742 484 743 482 743 481 743 485 744 482 744 484 744 485 745 483 745 482 745 459 746 462 746 483 746 465 747 483 747 462 747 459 748 483 748 485 748 486 749 485 749 484 749 459 750 485 750 486 750 487 751 486 751 484 751 486 752 487 752 488 752 489 753 459 753 486 753 486 754 488 754 489 754 489 755 457 755 459 755 489 756 490 756 491 756 457 757 489 757 491 757 488 758 490 758 489 758 491 759 490 759 492 759 491 760 492 760 494 760 495 761 493 761 496 761 493 762 497 762 496 762 497 763 499 763 500 763 497 764 500 764 501 764 496 765 497 765 501 765 501 766 502 766 503 766 501 767 500 767 502 767 504 768 501 768 503 768 496 769 501 769 504 769 505 770 504 770 506 770 507 771 504 771 505 771 504 772 503 772 506 772 507 773 496 773 504 773 473 774 507 774 505 774 507 775 473 775 472 775 505 776 506 776 508 776 506 777 509 777 508 777 506 778 510 778 509 778 506 779 511 779 510 779 503 780 511 780 506 780 503 781 502 781 511 781 500 782 511 782 502 782 500 783 512 783 511 783 512 784 510 784 511 784 513 785 510 785 512 785 514 786 512 786 499 786 514 787 513 787 512 787 499 788 512 788 500 788 515 789 513 789 516 789 509 790 513 790 515 790 509 791 510 791 513 791 517 792 516 792 513 792 514 793 517 793 513 793 517 794 518 794 516 794 519 795 517 795 514 795 520 796 518 796 517 796 519 797 520 797 517 797 518 798 521 798 516 798 522 799 521 799 518 799 522 800 518 800 523 800 523 801 518 801 520 801 522 802 524 802 525 802 526 803 522 803 525 803 526 804 521 804 522 804 522 805 523 805 524 805 527 806 528 806 524 806 524 807 528 807 525 807 531 808 532 808 529 808 531 809 529 809 533 809 529 810 534 810 533 810 529 811 530 811 534 811 532 812 536 812 535 812 531 813 536 813 532 813 537 814 536 814 531 814 537 815 538 815 536 815 536 816 538 816 539 816 535 817 536 817 539 817 540 818 539 818 541 818 540 819 535 819 539 819 541 820 539 820 542 820 539 821 538 821 542 821 541 822 542 822 543 822 544 823 542 823 538 823 544 824 545 824 542 824 545 825 543 825 542 825 545 826 544 826 546 826 547 827 548 827 545 827 548 828 543 828 545 828 547 829 545 829 549 829 545 830 546 830 549 830 549 831 546 831 550 831 546 832 551 832 550 832 546 833 552 833 551 833 544 834 552 834 546 834 553 835 554 835 552 835 552 836 554 836 551 836 544 837 555 837 552 837 555 838 553 838 552 838 556 839 554 839 553 839 557 840 558 840 553 840 555 841 557 841 553 841 556 842 553 842 558 842 559 843 554 843 556 843 560 844 559 844 556 844 560 845 556 845 561 845 556 846 558 846 561 846 558 847 562 847 561 847 561 848 562 848 563 848 564 849 561 849 563 849 564 850 560 850 561 850 570 851 566 851 569 851 570 852 559 852 566 852 571 853 570 853 569 853 571 854 569 854 572 854 572 855 569 855 573 855 569 856 568 856 573 856 572 857 573 857 574 857 568 858 575 858 573 858 573 859 576 859 574 859 573 860 575 860 576 860 577 861 575 861 578 861 576 862 575 862 577 862 568 863 578 863 575 863 579 864 577 864 578 864 580 865 578 865 567 865 579 866 578 866 580 866 581 867 579 867 582 867 581 868 583 868 579 868 583 869 577 869 579 869 582 870 579 870 580 870 582 871 580 871 584 871 585 872 582 872 584 872 586 873 582 873 585 873 586 874 581 874 582 874 586 875 587 875 588 875 587 876 586 876 585 876 586 877 588 877 589 877 581 878 586 878 589 878 588 879 590 879 589 879 581 880 589 880 591 880 591 881 589 881 592 881 589 882 590 882 592 882 592 883 590 883 593 883 590 884 594 884 593 884 595 885 594 885 590 885 595 886 590 886 588 886 596 887 595 887 597 887 596 888 594 888 595 888 595 889 598 889 597 889 595 890 588 890 598 890 587 891 598 891 588 891 587 892 599 892 598 892 598 893 528 893 597 893 600 894 528 894 598 894 599 895 600 895 598 895 599 896 587 896 601 896 599 897 602 897 600 897 599 898 601 898 602 898 601 899 603 899 602 899 601 900 604 900 603 900 601 901 585 901 604 901 587 902 585 902 601 902 604 903 605 903 603 903 606 904 604 904 565 904 606 905 605 905 604 905 565 906 604 906 584 906 585 907 584 907 604 907 607 908 603 908 605 908 608 909 605 909 606 909 608 910 607 910 605 910 607 911 609 911 610 911 611 912 609 912 607 912 608 913 611 913 607 913 607 914 610 914 603 914 612 915 611 915 608 915 611 916 613 916 609 916 614 917 615 917 478 917 617 918 615 918 616 918 618 919 617 919 616 919 618 920 616 920 562 920 616 921 563 921 562 921 619 922 618 922 620 922 619 923 617 923 618 923 562 924 621 924 618 924 618 925 621 925 620 925 622 926 620 926 621 926 623 927 619 927 620 927 623 928 620 928 622 928 624 929 622 929 621 929 623 930 622 930 625 930 624 931 626 931 622 931 626 932 625 932 622 932 531 933 625 933 626 933 627 934 623 934 625 934 533 935 625 935 531 935 625 936 533 936 627 936 627 937 533 937 534 937 628 938 627 938 534 938 627 939 629 939 623 939 628 940 629 940 627 940 628 941 630 941 629 941 530 942 628 942 534 942 632 943 630 943 631 943 629 944 630 944 632 944 635 945 519 945 514 945 634 946 519 946 635 946 635 947 514 947 499 947 634 948 633 948 519 948 633 949 520 949 519 949 487 950 632 950 631 950 629 951 632 951 636 951 632 952 487 952 637 952 632 953 637 953 636 953 637 954 638 954 636 954 636 955 638 955 619 955 629 956 636 956 623 956 636 957 619 957 623 957 481 958 638 958 637 958 617 959 638 959 480 959 480 960 638 960 481 960 619 961 638 961 617 961 487 962 484 962 637 962 484 963 481 963 637 963 487 964 631 964 488 964 557 965 537 965 626 965 624 966 557 966 626 966 537 967 531 967 626 967 624 968 621 968 558 968 557 969 624 969 558 969 621 970 562 970 558 970 617 971 480 971 615 971 480 972 478 972 615 972 613 973 639 973 609 973 613 974 476 974 639 974 609 975 639 975 640 975 639 976 641 976 640 976 476 977 642 977 639 977 639 978 642 978 641 978 642 979 515 979 641 979 642 980 508 980 515 980 474 981 508 981 642 981 476 982 474 982 642 982 516 983 521 983 641 983 641 984 521 984 640 984 515 985 516 985 641 985 640 986 521 986 526 986 609 987 640 987 610 987 640 988 526 988 610 988 612 989 608 989 606 989 610 990 602 990 603 990 610 991 643 991 602 991 610 992 526 992 643 992 526 993 525 993 643 993 525 994 600 994 643 994 602 995 643 995 600 995 528 996 600 996 525 996 596 997 597 997 644 997 597 998 527 998 644 998 528 999 527 999 597 999 645 1000 646 1000 593 1000 645 1001 593 1001 594 1001 646 1002 649 1002 651 1002 649 1003 652 1003 651 1003 650 1004 652 1004 649 1004 651 1005 652 1005 653 1005 654 1006 652 1006 650 1006 653 1007 652 1007 654 1007 655 1008 654 1008 656 1008 655 1009 653 1009 654 1009 661 1010 659 1010 658 1010 660 1011 662 1011 661 1011 662 1012 663 1012 661 1012 661 1013 663 1013 659 1013 662 1014 660 1014 664 1014 662 1015 665 1015 663 1015 662 1016 664 1016 666 1016 665 1017 662 1017 666 1017 665 1018 666 1018 571 1018 665 1019 571 1019 572 1019 665 1020 572 1020 663 1020 667 1021 666 1021 664 1021 660 1022 668 1022 664 1022 669 1023 667 1023 664 1023 669 1024 664 1024 668 1024 660 1025 670 1025 668 1025 670 1026 671 1026 668 1026 672 1027 668 1027 671 1027 672 1028 669 1028 668 1028 673 1029 672 1029 671 1029 672 1030 673 1030 669 1030 673 1031 667 1031 669 1031 673 1032 547 1032 667 1032 673 1033 671 1033 548 1033 547 1034 673 1034 548 1034 657 1035 670 1035 660 1035 670 1036 648 1036 671 1036 648 1037 548 1037 671 1037 550 1038 666 1038 667 1038 549 1039 550 1039 667 1039 547 1040 549 1040 667 1040 666 1041 550 1041 571 1041 663 1042 574 1042 659 1042 663 1043 572 1043 574 1043 674 1044 659 1044 574 1044 659 1045 674 1045 656 1045 574 1046 576 1046 674 1046 675 1047 656 1047 674 1047 676 1048 674 1048 576 1048 676 1049 675 1049 674 1049 677 1050 675 1050 676 1050 677 1051 678 1051 675 1051 675 1052 655 1052 656 1052 678 1053 655 1053 675 1053 677 1054 679 1054 678 1054 679 1055 680 1055 678 1055 678 1056 680 1056 655 1056 681 1057 682 1057 680 1057 679 1058 681 1058 680 1058 680 1059 653 1059 655 1059 682 1060 683 1060 680 1060 683 1061 653 1061 680 1061 683 1062 651 1062 653 1062 683 1063 592 1063 651 1063 591 1064 592 1064 683 1064 682 1065 591 1065 683 1065 681 1066 583 1066 682 1066 583 1067 591 1067 682 1067 681 1068 679 1068 684 1068 681 1069 684 1069 583 1069 684 1070 577 1070 583 1070 684 1071 576 1071 577 1071 684 1072 676 1072 576 1072 679 1073 676 1073 684 1073 679 1074 677 1074 676 1074 592 1075 593 1075 651 1075 646 1076 651 1076 593 1076 647 1077 543 1077 648 1077 543 1078 548 1078 648 1078 647 1079 541 1079 543 1079 583 1080 581 1080 591 1080 570 1081 571 1081 551 1081 571 1082 550 1082 551 1082 559 1083 570 1083 554 1083 570 1084 551 1084 554 1084 557 1085 555 1085 537 1085 555 1086 544 1086 538 1086 555 1087 538 1087 537 1087 508 1088 509 1088 515 1088 505 1089 508 1089 474 1089 473 1090 505 1090 474 1090 498 1091 471 1091 685 1091 494 1092 498 1092 685 1092 460 1093 685 1093 464 1093 460 1094 457 1094 685 1094 491 1095 494 1095 685 1095 471 1096 464 1096 685 1096 457 1097 491 1097 685 1097 686 1098 687 1098 688 1098 686 1099 688 1099 689 1099 686 1100 690 1100 687 1100 690 1101 686 1101 691 1101 686 1102 689 1102 691 1102 687 1103 692 1103 693 1103 694 1104 687 1104 693 1104 688 1105 687 1105 694 1105 687 1106 690 1106 692 1106 690 1107 691 1107 692 1107 696 1108 697 1108 695 1108 695 1109 697 1109 698 1109 699 1110 695 1110 698 1110 699 1111 698 1111 702 1111 701 1112 699 1112 702 1112 701 1113 702 1113 703 1113 704 1114 701 1114 703 1114 706 1115 705 1115 707 1115 708 1116 700 1116 705 1116 706 1117 708 1117 705 1117 709 1118 706 1118 710 1118 709 1119 708 1119 706 1119 706 1120 711 1120 710 1120 711 1121 706 1121 707 1121 711 1122 707 1122 712 1122 710 1123 711 1123 713 1123 713 1124 711 1124 714 1124 714 1125 711 1125 712 1125 714 1126 712 1126 717 1126 716 1127 720 1127 718 1127 716 1128 715 1128 720 1128 720 1129 721 1129 722 1129 721 1130 720 1130 723 1130 715 1131 723 1131 720 1131 722 1132 724 1132 720 1132 720 1133 724 1133 718 1133 725 1134 724 1134 722 1134 725 1135 726 1135 724 1135 726 1136 727 1136 724 1136 728 1137 724 1137 727 1137 718 1138 724 1138 728 1138 730 1139 728 1139 727 1139 730 1140 727 1140 732 1140 733 1141 730 1141 732 1141 734 1142 732 1142 735 1142 735 1143 732 1143 727 1143 733 1144 732 1144 734 1144 736 1145 734 1145 735 1145 737 1146 734 1146 738 1146 737 1147 733 1147 734 1147 738 1148 734 1148 736 1148 739 1149 736 1149 740 1149 735 1150 740 1150 736 1150 736 1151 739 1151 741 1151 741 1152 738 1152 736 1152 742 1153 738 1153 741 1153 743 1154 742 1154 741 1154 741 1155 744 1155 743 1155 744 1156 741 1156 739 1156 745 1157 744 1157 746 1157 746 1158 744 1158 747 1158 739 1159 747 1159 744 1159 744 1160 745 1160 743 1160 746 1161 748 1161 745 1161 748 1162 749 1162 745 1162 749 1163 750 1163 745 1163 743 1164 745 1164 750 1164 751 1165 750 1165 749 1165 752 1166 749 1166 748 1166 749 1167 752 1167 753 1167 753 1168 751 1168 749 1168 754 1169 751 1169 753 1169 755 1170 754 1170 753 1170 753 1171 756 1171 755 1171 756 1172 753 1172 752 1172 757 1173 755 1173 756 1173 756 1174 758 1174 757 1174 752 1175 759 1175 756 1175 758 1176 756 1176 759 1176 760 1177 757 1177 758 1177 758 1178 761 1178 760 1178 761 1179 758 1179 762 1179 759 1180 762 1180 758 1180 763 1181 762 1181 764 1181 762 1182 763 1182 761 1182 765 1183 764 1183 762 1183 762 1184 759 1184 765 1184 764 1185 765 1185 766 1185 766 1186 765 1186 767 1186 765 1187 759 1187 768 1187 767 1188 765 1188 768 1188 766 1189 767 1189 769 1189 770 1190 769 1190 767 1190 767 1191 771 1191 770 1191 768 1192 771 1192 767 1192 772 1193 770 1193 771 1193 746 1194 771 1194 748 1194 746 1195 772 1195 771 1195 771 1196 768 1196 748 1196 772 1197 773 1197 770 1197 774 1198 773 1198 772 1198 746 1199 747 1199 772 1199 772 1200 747 1200 774 1200 775 1201 774 1201 747 1201 774 1202 775 1202 776 1202 773 1203 774 1203 777 1203 776 1204 777 1204 774 1204 776 1205 778 1205 779 1205 778 1206 776 1206 775 1206 780 1207 776 1207 779 1207 777 1208 776 1208 780 1208 779 1209 781 1209 780 1209 781 1210 782 1210 780 1210 783 1211 777 1211 780 1211 783 1212 780 1212 782 1212 782 1213 781 1213 784 1213 784 1214 785 1214 782 1214 785 1215 786 1215 782 1215 786 1216 783 1216 782 1216 787 1217 788 1217 784 1217 784 1218 789 1218 787 1218 789 1219 784 1219 781 1219 785 1220 784 1220 788 1220 781 1221 790 1221 789 1221 789 1222 791 1222 792 1222 791 1223 789 1223 790 1223 792 1224 787 1224 789 1224 793 1225 790 1225 794 1225 795 1226 794 1226 790 1226 795 1227 790 1227 779 1227 790 1228 793 1228 791 1228 790 1229 781 1229 779 1229 725 1230 793 1230 794 1230 725 1231 722 1231 793 1231 722 1232 796 1232 793 1232 796 1233 791 1233 793 1233 721 1234 796 1234 722 1234 796 1235 721 1235 797 1235 791 1236 796 1236 798 1236 797 1237 798 1237 796 1237 799 1238 800 1238 798 1238 798 1239 797 1239 799 1239 800 1240 792 1240 798 1240 798 1241 792 1241 791 1241 801 1242 800 1242 799 1242 802 1243 800 1243 803 1243 802 1244 792 1244 800 1244 803 1245 800 1245 801 1245 804 1246 801 1246 799 1246 805 1247 801 1247 804 1247 806 1248 803 1248 801 1248 805 1249 806 1249 801 1249 807 1250 805 1250 804 1250 808 1251 806 1251 805 1251 809 1252 808 1252 805 1252 805 1253 807 1253 809 1253 804 1254 810 1254 807 1254 811 1255 807 1255 810 1255 812 1256 809 1256 807 1256 807 1257 811 1257 812 1257 811 1258 813 1258 814 1258 814 1259 812 1259 811 1259 810 1260 815 1260 811 1260 813 1261 811 1261 815 1261 697 1262 813 1262 815 1262 697 1263 815 1263 698 1263 698 1264 815 1264 816 1264 815 1265 810 1265 816 1265 817 1266 816 1266 810 1266 818 1267 702 1267 816 1267 816 1268 817 1268 818 1268 698 1269 816 1269 702 1269 810 1270 804 1270 817 1270 817 1271 797 1271 818 1271 804 1272 799 1272 817 1272 799 1273 797 1273 817 1273 797 1274 721 1274 818 1274 703 1275 818 1275 721 1275 703 1276 702 1276 818 1276 697 1277 819 1277 813 1277 820 1278 814 1278 813 1278 821 1279 820 1279 813 1279 821 1280 813 1280 819 1280 819 1281 697 1281 696 1281 819 1282 696 1282 822 1282 819 1283 822 1283 821 1283 822 1284 823 1284 821 1284 822 1285 824 1285 823 1285 824 1286 825 1286 823 1286 824 1287 827 1287 825 1287 827 1288 828 1288 825 1288 823 1289 825 1289 829 1289 829 1290 825 1290 830 1290 825 1291 828 1291 830 1291 831 1292 832 1292 828 1292 827 1293 831 1293 828 1293 830 1294 828 1294 832 1294 831 1295 833 1295 832 1295 833 1296 834 1296 832 1296 835 1297 832 1297 834 1297 835 1298 830 1298 832 1298 834 1299 836 1299 835 1299 837 1300 835 1300 838 1300 837 1301 830 1301 835 1301 835 1302 836 1302 838 1302 838 1303 839 1303 840 1303 837 1304 838 1304 840 1304 839 1305 838 1305 841 1305 841 1306 838 1306 836 1306 839 1307 842 1307 840 1307 841 1308 843 1308 839 1308 844 1309 839 1309 843 1309 845 1310 842 1310 839 1310 844 1311 845 1311 839 1311 846 1312 844 1312 843 1312 845 1313 844 1313 846 1313 847 1314 845 1314 846 1314 848 1315 847 1315 846 1315 849 1316 850 1316 846 1316 849 1317 846 1317 843 1317 850 1318 848 1318 846 1318 851 1319 852 1319 848 1319 850 1320 851 1320 848 1320 852 1321 853 1321 848 1321 853 1322 847 1322 848 1322 847 1323 853 1323 854 1323 852 1324 855 1324 853 1324 854 1325 853 1325 856 1325 855 1326 856 1326 853 1326 857 1327 854 1327 856 1327 858 1328 856 1328 855 1328 856 1329 858 1329 859 1329 857 1330 856 1330 859 1330 860 1331 854 1331 857 1331 857 1332 859 1332 861 1332 860 1333 857 1333 861 1333 860 1334 862 1334 854 1334 860 1335 861 1335 863 1335 860 1336 863 1336 864 1336 860 1337 864 1337 865 1337 862 1338 860 1338 865 1338 854 1339 862 1339 847 1339 862 1340 865 1340 842 1340 862 1341 845 1341 847 1341 845 1342 862 1342 842 1342 864 1343 866 1343 865 1343 863 1344 867 1344 864 1344 867 1345 868 1345 864 1345 864 1346 868 1346 869 1346 864 1347 869 1347 866 1347 866 1348 870 1348 865 1348 866 1349 871 1349 870 1349 872 1350 871 1350 866 1350 866 1351 869 1351 872 1351 865 1352 870 1352 842 1352 871 1353 873 1353 870 1353 870 1354 840 1354 842 1354 840 1355 870 1355 873 1355 871 1356 874 1356 873 1356 837 1357 873 1357 875 1357 874 1358 875 1358 873 1358 873 1359 837 1359 840 1359 876 1360 874 1360 871 1360 877 1361 878 1361 874 1361 874 1362 876 1362 877 1362 874 1363 878 1363 875 1363 876 1364 879 1364 880 1364 879 1365 876 1365 872 1365 871 1366 872 1366 876 1366 880 1367 877 1367 876 1367 880 1368 881 1368 809 1368 881 1369 880 1369 879 1369 809 1370 812 1370 880 1370 877 1371 880 1371 812 1371 879 1372 882 1372 881 1372 883 1373 881 1373 882 1373 808 1374 809 1374 881 1374 881 1375 883 1375 808 1375 883 1376 884 1376 885 1376 886 1377 883 1377 885 1377 808 1378 883 1378 886 1378 884 1379 883 1379 882 1379 806 1380 886 1380 887 1380 886 1381 806 1381 808 1381 887 1382 886 1382 888 1382 886 1383 885 1383 888 1383 889 1384 888 1384 885 1384 889 1385 890 1385 888 1385 890 1386 891 1386 888 1386 887 1387 888 1387 891 1387 890 1388 892 1388 891 1388 892 1389 893 1389 891 1389 893 1390 887 1390 891 1390 893 1391 894 1391 895 1391 894 1392 893 1392 892 1392 893 1393 895 1393 887 1393 802 1394 895 1394 896 1394 802 1395 803 1395 895 1395 895 1396 894 1396 896 1396 803 1397 887 1397 895 1397 894 1398 897 1398 896 1398 896 1399 897 1399 788 1399 788 1400 787 1400 896 1400 802 1401 896 1401 787 1401 898 1402 897 1402 894 1402 898 1403 899 1403 897 1403 899 1404 900 1404 897 1404 897 1405 900 1405 788 1405 901 1406 900 1406 899 1406 902 1407 900 1407 901 1407 900 1408 902 1408 785 1408 788 1409 900 1409 785 1409 902 1410 901 1410 903 1410 785 1411 902 1411 904 1411 902 1412 903 1412 904 1412 901 1413 905 1413 903 1413 903 1414 906 1414 904 1414 905 1415 907 1415 903 1415 908 1416 906 1416 903 1416 908 1417 903 1417 907 1417 908 1418 907 1418 909 1418 907 1419 910 1419 911 1419 907 1420 911 1420 909 1420 912 1421 910 1421 907 1421 905 1422 912 1422 907 1422 905 1423 913 1423 912 1423 913 1424 914 1424 912 1424 910 1425 912 1425 915 1425 915 1426 912 1426 914 1426 914 1427 916 1427 915 1427 916 1428 914 1428 917 1428 918 1429 917 1429 914 1429 913 1430 918 1430 914 1430 918 1431 919 1431 917 1431 920 1432 919 1432 918 1432 918 1433 921 1433 920 1433 921 1434 918 1434 913 1434 921 1435 922 1435 923 1435 922 1436 921 1436 924 1436 923 1437 920 1437 921 1437 913 1438 924 1438 921 1438 905 1439 899 1439 924 1439 905 1440 924 1440 913 1440 899 1441 898 1441 924 1441 924 1442 898 1442 922 1442 925 1443 926 1443 923 1443 923 1444 927 1444 925 1444 920 1445 923 1445 926 1445 927 1446 923 1446 922 1446 928 1447 925 1447 927 1447 922 1448 929 1448 927 1448 929 1449 892 1449 927 1449 927 1450 892 1450 928 1450 925 1451 928 1451 930 1451 928 1452 890 1452 889 1452 889 1453 931 1453 928 1453 892 1454 890 1454 928 1454 928 1455 931 1455 930 1455 932 1456 930 1456 933 1456 934 1457 933 1457 930 1457 930 1458 931 1458 934 1458 930 1459 932 1459 925 1459 935 1460 932 1460 936 1460 932 1461 935 1461 926 1461 926 1462 925 1462 932 1462 933 1463 936 1463 932 1463 936 1464 937 1464 935 1464 937 1465 936 1465 938 1465 936 1466 933 1466 939 1466 939 1467 938 1467 936 1467 940 1468 938 1468 941 1468 942 1469 941 1469 938 1469 938 1470 940 1470 937 1470 938 1471 939 1471 942 1471 942 1472 943 1472 944 1472 943 1473 942 1473 939 1473 941 1474 942 1474 945 1474 945 1475 942 1475 944 1475 946 1476 945 1476 944 1476 947 1477 945 1477 946 1477 948 1478 941 1478 945 1478 948 1479 945 1479 947 1479 949 1480 941 1480 948 1480 947 1481 950 1481 948 1481 948 1482 950 1482 951 1482 948 1483 951 1483 949 1483 951 1484 952 1484 949 1484 949 1485 940 1485 941 1485 949 1486 952 1486 940 1486 953 1487 952 1487 951 1487 953 1488 940 1488 952 1488 953 1489 951 1489 954 1489 954 1490 955 1490 953 1490 953 1491 955 1491 940 1491 954 1492 956 1492 955 1492 956 1493 957 1493 955 1493 937 1494 955 1494 957 1494 955 1495 937 1495 940 1495 957 1496 935 1496 937 1496 958 1497 959 1497 957 1497 935 1498 957 1498 959 1498 957 1499 956 1499 958 1499 959 1500 958 1500 919 1500 958 1501 956 1501 960 1501 919 1502 958 1502 961 1502 958 1503 960 1503 961 1503 962 1504 961 1504 960 1504 963 1505 962 1505 960 1505 960 1506 964 1506 963 1506 956 1507 965 1507 960 1507 965 1508 964 1508 960 1508 963 1509 964 1509 966 1509 966 1510 964 1510 965 1510 951 1511 966 1511 965 1511 951 1512 967 1512 966 1512 963 1513 966 1513 968 1513 966 1514 969 1514 968 1514 970 1515 969 1515 966 1515 970 1516 966 1516 971 1516 966 1517 972 1517 971 1517 966 1518 967 1518 972 1518 972 1519 967 1519 973 1519 971 1520 972 1520 974 1520 975 1521 974 1521 972 1521 975 1522 972 1522 973 1522 973 1523 976 1523 975 1523 977 1524 976 1524 973 1524 973 1525 967 1525 978 1525 950 1526 973 1526 978 1526 977 1527 973 1527 950 1527 979 1528 980 1528 977 1528 979 1529 977 1529 981 1529 977 1530 982 1530 981 1530 983 1531 982 1531 977 1531 983 1532 977 1532 950 1532 977 1533 980 1533 984 1533 976 1534 977 1534 984 1534 976 1535 984 1535 985 1535 986 1536 985 1536 984 1536 984 1537 987 1537 986 1537 987 1538 984 1538 980 1538 988 1539 989 1539 987 1539 988 1540 987 1540 980 1540 986 1541 987 1541 990 1541 989 1542 990 1542 987 1542 989 1543 991 1543 992 1543 993 1544 989 1544 992 1544 993 1545 990 1545 989 1545 988 1546 991 1546 989 1546 994 1547 995 1547 991 1547 992 1548 991 1548 995 1548 988 1549 996 1549 991 1549 991 1550 996 1550 994 1550 988 1551 979 1551 996 1551 996 1552 997 1552 994 1552 996 1553 979 1553 981 1553 982 1554 996 1554 981 1554 982 1555 997 1555 996 1555 982 1556 983 1556 997 1556 994 1557 997 1557 998 1557 997 1558 983 1558 999 1558 999 1559 998 1559 997 1559 998 1560 999 1560 1000 1560 1000 1561 1001 1561 998 1561 1002 1562 998 1562 1001 1562 998 1563 1002 1563 994 1563 995 1564 994 1564 1002 1564 1003 1565 995 1565 1002 1565 1004 1566 1002 1566 1001 1566 1002 1567 1004 1567 1003 1567 1001 1568 1005 1568 1004 1568 1004 1569 1006 1569 1003 1569 1005 1570 1007 1570 1004 1570 1004 1571 1007 1571 1006 1571 1006 1572 1008 1572 1009 1572 1006 1573 1010 1573 1008 1573 1007 1574 1010 1574 1006 1574 1003 1575 1006 1575 1009 1575 1003 1576 1009 1576 1011 1576 1011 1577 1009 1577 1012 1577 1009 1578 1008 1578 1013 1578 1012 1579 1009 1579 1013 1579 1012 1580 1014 1580 1015 1580 1014 1581 1012 1581 1013 1581 1016 1582 1011 1582 1012 1582 1015 1583 1016 1583 1012 1583 1017 1584 1015 1584 1014 1584 1015 1585 1017 1585 1018 1585 1018 1586 1019 1586 1015 1586 1016 1587 1015 1587 1019 1587 1019 1588 1018 1588 1020 1588 1020 1589 1021 1589 1019 1589 993 1590 1019 1590 1021 1590 1019 1591 993 1591 1016 1591 1021 1592 990 1592 993 1592 990 1593 1021 1593 1022 1593 1021 1594 1020 1594 1023 1594 1023 1595 1022 1595 1021 1595 1024 1596 1025 1596 1022 1596 986 1597 1022 1597 1025 1597 1022 1598 986 1598 990 1598 1022 1599 1023 1599 1024 1599 1025 1600 1024 1600 1026 1600 1027 1601 1026 1601 1024 1601 1024 1602 1028 1602 1027 1602 1028 1603 1024 1603 1023 1603 1029 1604 1027 1604 1028 1604 1030 1605 1028 1605 1031 1605 1028 1606 1030 1606 1029 1606 1023 1607 1031 1607 1028 1607 1031 1608 1032 1608 1030 1608 1031 1609 1023 1609 1020 1609 1020 1610 1033 1610 1031 1610 1032 1611 1031 1611 1033 1611 1033 1612 1034 1612 1032 1612 1034 1613 1033 1613 1035 1613 1033 1614 1020 1614 1018 1614 1018 1615 1035 1615 1033 1615 1035 1616 1018 1616 1017 1616 1036 1617 1035 1617 1037 1617 1036 1618 1034 1618 1035 1618 1037 1619 1035 1619 1017 1619 1037 1620 1017 1620 1038 1620 1037 1621 1038 1621 1039 1621 1040 1622 1037 1622 1039 1622 1040 1623 1041 1623 1037 1623 1041 1624 1036 1624 1037 1624 1041 1625 1042 1625 1043 1625 1041 1626 1043 1626 1044 1626 1041 1627 1040 1627 1042 1627 1041 1628 1044 1628 1036 1628 1044 1629 1043 1629 763 1629 1044 1630 763 1630 1045 1630 1044 1631 1045 1631 1046 1631 1044 1632 1046 1632 1036 1632 1047 1633 1045 1633 763 1633 1045 1634 1047 1634 1048 1634 1045 1635 1048 1635 1046 1635 1047 1636 1049 1636 1048 1636 1049 1637 1050 1637 1048 1637 1046 1638 1048 1638 1050 1638 1051 1639 1052 1639 1050 1639 1032 1640 1050 1640 1052 1640 1032 1641 1034 1641 1050 1641 1034 1642 1046 1642 1050 1642 1049 1643 1051 1643 1050 1643 1052 1644 1051 1644 1053 1644 1049 1645 1054 1645 1051 1645 1051 1646 1054 1646 1055 1646 1053 1647 1051 1647 1055 1647 1056 1648 1053 1648 1057 1648 1058 1649 1053 1649 1056 1649 1053 1650 1058 1650 1052 1650 1053 1651 1055 1651 1057 1651 1059 1652 1057 1652 1055 1652 1056 1653 1057 1653 1060 1653 1061 1654 1060 1654 1057 1654 1057 1655 1059 1655 1061 1655 1061 1656 1062 1656 1063 1656 1062 1657 1061 1657 1059 1657 1063 1658 1064 1658 1061 1658 1060 1659 1061 1659 1064 1659 1064 1660 1063 1660 1065 1660 1066 1661 1064 1661 1065 1661 1067 1662 1064 1662 1066 1662 1064 1663 1067 1663 1060 1663 1068 1664 1066 1664 1069 1664 1070 1665 1066 1665 1068 1665 1070 1666 1067 1666 1066 1666 1069 1667 1066 1667 1065 1667 915 1668 1069 1668 910 1668 910 1669 1069 1669 1065 1669 1069 1670 915 1670 1071 1670 1071 1671 1068 1671 1069 1671 1071 1672 915 1672 916 1672 916 1673 1072 1673 1071 1673 1073 1674 1071 1674 1072 1674 1068 1675 1071 1675 1073 1675 1073 1676 1074 1676 1068 1676 1072 1677 1075 1677 1073 1677 1076 1678 1073 1678 1075 1678 1074 1679 1073 1679 1076 1679 1076 1680 1077 1680 1074 1680 1077 1681 1078 1681 1074 1681 1078 1682 1079 1682 1074 1682 1079 1683 1068 1683 1074 1683 1070 1684 1068 1684 1079 1684 1078 1685 1080 1685 1079 1685 1080 1686 1067 1686 1079 1686 1070 1687 1079 1687 1067 1687 1080 1688 1081 1688 1067 1688 1082 1689 1081 1689 1080 1689 1080 1690 1083 1690 1082 1690 1078 1691 1083 1691 1080 1691 1084 1692 1083 1692 1085 1692 1078 1693 1085 1693 1083 1693 1084 1694 1086 1694 1083 1694 1086 1695 1082 1695 1083 1695 1086 1696 1087 1696 1082 1696 1086 1697 1088 1697 1089 1697 1089 1698 1087 1698 1086 1698 1090 1699 1088 1699 1086 1699 1090 1700 1086 1700 1084 1700 1088 1701 1090 1701 971 1701 971 1702 1090 1702 1084 1702 1087 1703 1029 1703 1091 1703 1027 1704 1029 1704 1087 1704 1087 1705 1089 1705 1027 1705 1087 1706 1091 1706 1082 1706 1081 1707 1082 1707 1091 1707 1029 1708 1058 1708 1091 1708 1091 1709 1056 1709 1081 1709 1056 1710 1091 1710 1058 1710 1088 1711 971 1711 976 1711 1088 1712 1092 1712 1089 1712 1088 1713 976 1713 1092 1713 1092 1714 1093 1714 1026 1714 976 1715 1093 1715 1092 1715 1089 1716 1092 1716 1026 1716 1093 1717 1094 1717 1025 1717 1094 1718 1093 1718 976 1718 1026 1719 1093 1719 1025 1719 1094 1720 976 1720 985 1720 1094 1721 985 1721 986 1721 1025 1722 1094 1722 986 1722 1026 1723 1027 1723 1089 1723 1085 1724 971 1724 1084 1724 1085 1725 1095 1725 971 1725 1095 1726 1085 1726 1077 1726 1077 1727 1085 1727 1078 1727 971 1728 1095 1728 1096 1728 1095 1729 1076 1729 1096 1729 1095 1730 1077 1730 1076 1730 970 1731 971 1731 1096 1731 1076 1732 970 1732 1096 1732 1081 1733 1056 1733 1060 1733 1081 1734 1060 1734 1067 1734 970 1735 1076 1735 1075 1735 1075 1736 969 1736 970 1736 969 1737 1075 1737 1097 1737 1075 1738 1072 1738 1097 1738 1097 1739 968 1739 969 1739 968 1740 1097 1740 962 1740 1098 1741 1097 1741 1072 1741 1097 1742 1098 1742 962 1742 1098 1743 917 1743 961 1743 961 1744 962 1744 1098 1744 917 1745 1098 1745 916 1745 1072 1746 916 1746 1098 1746 911 1747 1065 1747 1063 1747 910 1748 1065 1748 911 1748 1099 1749 911 1749 1063 1749 1062 1750 1099 1750 1063 1750 909 1751 911 1751 1099 1751 1099 1752 1100 1752 908 1752 1062 1753 1100 1753 1099 1753 909 1754 1099 1754 908 1754 1101 1755 908 1755 1100 1755 1062 1756 1102 1756 1100 1756 1102 1757 1101 1757 1100 1757 1102 1758 1103 1758 1104 1758 1102 1759 1104 1759 1101 1759 1103 1760 1102 1760 1062 1760 1105 1761 1103 1761 1106 1761 1104 1762 1103 1762 1105 1762 1106 1763 1103 1763 1059 1763 1059 1764 1103 1764 1062 1764 1055 1765 1106 1765 1059 1765 1054 1766 1106 1766 1055 1766 1107 1767 1105 1767 1106 1767 1107 1768 1106 1768 1054 1768 1108 1769 766 1769 1107 1769 1108 1770 1107 1770 1054 1770 766 1771 769 1771 1107 1771 769 1772 1105 1772 1107 1772 1047 1773 764 1773 1108 1773 1108 1774 1054 1774 1047 1774 1108 1775 764 1775 766 1775 1105 1776 769 1776 1109 1776 1109 1777 1104 1777 1105 1777 773 1778 1109 1778 770 1778 769 1779 770 1779 1109 1779 1101 1780 1109 1780 1110 1780 1101 1781 1104 1781 1109 1781 1110 1782 1109 1782 773 1782 1101 1783 1110 1783 906 1783 1110 1784 1111 1784 906 1784 1110 1785 773 1785 777 1785 783 1786 1110 1786 777 1786 783 1787 1111 1787 1110 1787 1111 1788 786 1788 906 1788 1111 1789 783 1789 786 1789 906 1790 908 1790 1101 1790 1030 1791 1052 1791 1058 1791 1029 1792 1030 1792 1058 1792 1054 1793 1049 1793 1047 1793 1030 1794 1032 1794 1052 1794 1047 1795 763 1795 764 1795 1036 1796 1046 1796 1034 1796 1112 1797 1042 1797 1113 1797 1113 1798 1042 1798 1114 1798 1042 1799 1112 1799 1043 1799 1042 1800 1040 1800 1114 1800 852 1801 1114 1801 855 1801 855 1802 1114 1802 1115 1802 1113 1803 1114 1803 852 1803 1040 1804 1039 1804 1114 1804 1114 1805 1039 1805 1115 1805 855 1806 1115 1806 858 1806 1115 1807 1116 1807 1117 1807 1115 1808 1039 1808 1116 1808 858 1809 1115 1809 1117 1809 1117 1810 1013 1810 1118 1810 1117 1811 1014 1811 1013 1811 858 1812 1117 1812 1118 1812 1116 1813 1014 1813 1117 1813 859 1814 858 1814 1118 1814 859 1815 1118 1815 1119 1815 1118 1816 1008 1816 1119 1816 1118 1817 1013 1817 1008 1817 861 1818 859 1818 1119 1818 861 1819 1119 1819 1120 1819 1119 1820 1121 1820 1120 1820 1122 1821 1121 1821 1119 1821 1008 1822 1122 1822 1119 1822 1010 1823 1123 1823 1122 1823 1122 1824 1123 1824 1121 1824 1010 1825 1122 1825 1008 1825 1123 1826 867 1826 1121 1826 1124 1827 1123 1827 1010 1827 1125 1828 1123 1828 1124 1828 1123 1829 1125 1829 867 1829 1125 1830 868 1830 867 1830 1125 1831 1126 1831 868 1831 1127 1832 1125 1832 1124 1832 1126 1833 1125 1833 1127 1833 1128 1834 1126 1834 1129 1834 1129 1835 1126 1835 1127 1835 1126 1836 1128 1836 1130 1836 1126 1837 1130 1837 868 1837 869 1838 1130 1838 1131 1838 1130 1839 1132 1839 1131 1839 868 1840 1130 1840 869 1840 1128 1841 1132 1841 1130 1841 1132 1842 1133 1842 882 1842 1131 1843 1132 1843 882 1843 1134 1844 1133 1844 1132 1844 1128 1845 1134 1845 1132 1845 882 1846 1133 1846 884 1846 884 1847 1133 1847 1134 1847 1128 1848 1135 1848 1134 1848 1135 1849 1136 1849 1134 1849 1136 1850 884 1850 1134 1850 1135 1851 1129 1851 1137 1851 1128 1852 1129 1852 1135 1852 1136 1853 1135 1853 1138 1853 1138 1854 1135 1854 1139 1854 1139 1855 1135 1855 1137 1855 1137 1856 1129 1856 1140 1856 1141 1857 1137 1857 1142 1857 1142 1858 1137 1858 1140 1858 1137 1859 1141 1859 1139 1859 1143 1860 1144 1860 1140 1860 1140 1861 1127 1861 1143 1861 1127 1862 1140 1862 1129 1862 1144 1863 1142 1863 1140 1863 1144 1864 1143 1864 1007 1864 1144 1865 1145 1865 1142 1865 1005 1866 1145 1866 1144 1866 1005 1867 1144 1867 1007 1867 1146 1868 1147 1868 1145 1868 1145 1869 1147 1869 1148 1869 1145 1870 1148 1870 1142 1870 1145 1871 1149 1871 1146 1871 1005 1872 1149 1872 1145 1872 1148 1873 1141 1873 1142 1873 943 1874 1141 1874 1148 1874 1147 1875 944 1875 1148 1875 944 1876 943 1876 1148 1876 1147 1877 1146 1877 1150 1877 1001 1878 1000 1878 1146 1878 1146 1879 1000 1879 1150 1879 1149 1880 1001 1880 1146 1880 1150 1881 946 1881 1147 1881 1000 1882 1151 1882 1150 1882 1151 1883 1152 1883 1150 1883 946 1884 1150 1884 1153 1884 1150 1885 1152 1885 1154 1885 1150 1886 1154 1886 1153 1886 1153 1887 1154 1887 950 1887 947 1888 946 1888 1153 1888 947 1889 1153 1889 950 1889 1154 1890 1152 1890 950 1890 1155 1891 1152 1891 1151 1891 950 1892 1152 1892 1155 1892 999 1893 1155 1893 1151 1893 983 1894 1155 1894 999 1894 983 1895 950 1895 1155 1895 1151 1896 1000 1896 999 1896 1149 1897 1005 1897 1001 1897 1147 1898 946 1898 944 1898 1124 1899 1143 1899 1127 1899 1143 1900 1124 1900 1010 1900 1007 1901 1143 1901 1010 1901 1141 1902 943 1902 1156 1902 1156 1903 1139 1903 1141 1903 939 1904 1156 1904 943 1904 1156 1905 939 1905 933 1905 933 1906 934 1906 1156 1906 1139 1907 1156 1907 934 1907 934 1908 1138 1908 1139 1908 1138 1909 1157 1909 1136 1909 931 1910 1138 1910 934 1910 1157 1911 1138 1911 931 1911 1136 1912 1157 1912 884 1912 1157 1913 885 1913 884 1913 1157 1914 889 1914 885 1914 931 1915 889 1915 1157 1915 882 1916 879 1916 1131 1916 872 1917 1131 1917 879 1917 1131 1918 872 1918 869 1918 867 1919 1120 1919 1121 1919 1120 1920 867 1920 863 1920 861 1921 1120 1921 863 1921 1116 1922 1017 1922 1014 1922 1039 1923 1038 1923 1116 1923 1116 1924 1038 1924 1017 1924 1113 1925 1158 1925 1112 1925 760 1926 1112 1926 1158 1926 761 1927 1043 1927 1112 1927 1112 1928 760 1928 761 1928 1158 1929 1113 1929 851 1929 851 1930 1159 1930 1158 1930 1158 1931 1160 1931 760 1931 1160 1932 1158 1932 1159 1932 1161 1933 1160 1933 1162 1933 1160 1934 1161 1934 757 1934 1159 1935 1162 1935 1160 1935 757 1936 760 1936 1160 1936 1163 1937 1164 1937 1162 1937 1162 1938 1159 1938 1163 1938 1165 1939 1162 1939 1164 1939 1162 1940 1165 1940 1161 1940 1166 1941 1161 1941 1165 1941 1165 1942 1167 1942 1166 1942 1164 1943 1168 1943 1165 1943 1168 1944 1167 1944 1165 1944 1167 1945 1169 1945 1166 1945 1170 1946 1167 1946 1168 1946 1170 1947 1171 1947 1167 1947 1171 1948 1169 1948 1167 1948 1166 1949 1169 1949 1172 1949 1173 1950 1172 1950 1169 1950 1171 1951 1173 1951 1169 1951 1172 1952 754 1952 1166 1952 1173 1953 1174 1953 1172 1953 754 1954 1172 1954 1175 1954 1174 1955 1175 1955 1172 1955 1175 1956 751 1956 754 1956 751 1957 1175 1957 1176 1957 1177 1958 1175 1958 1174 1958 1176 1959 1175 1959 1177 1959 1176 1960 750 1960 751 1960 750 1961 1176 1961 1178 1961 1176 1962 1177 1962 1178 1962 1179 1963 750 1963 1178 1963 1178 1964 1180 1964 1179 1964 1178 1965 1177 1965 1180 1965 1179 1966 1180 1966 1181 1966 1179 1967 743 1967 750 1967 1179 1968 742 1968 743 1968 1179 1969 1181 1969 742 1969 742 1970 1181 1970 1183 1970 1183 1971 737 1971 738 1971 737 1972 1183 1972 1184 1972 742 1973 1183 1973 738 1973 1185 1974 1186 1974 1187 1974 1184 1975 1185 1975 1187 1975 1182 1976 1188 1976 1185 1976 1188 1977 1186 1977 1185 1977 1189 1978 1186 1978 1188 1978 1190 1979 1187 1979 1186 1979 1189 1980 1190 1980 1186 1980 1191 1981 1189 1981 1188 1981 1192 1982 1189 1982 1191 1982 1190 1983 1189 1983 1192 1983 1173 1984 1192 1984 1193 1984 1193 1985 1192 1985 1191 1985 1194 1986 1190 1986 1192 1986 1194 1987 1195 1987 1190 1987 1195 1988 1196 1988 1197 1988 1195 1989 1197 1989 1190 1989 1199 1990 1198 1990 1200 1990 1198 1991 1168 1991 1200 1991 1198 1992 1170 1992 1168 1992 1199 1993 1200 1993 1201 1993 1202 1994 1199 1994 1201 1994 1205 1995 1206 1995 1203 1995 1203 1996 1206 1996 1196 1996 1205 1997 1203 1997 1204 1997 1207 1998 1208 1998 1204 1998 1204 1999 1208 1999 1209 1999 1205 2000 1204 2000 1209 2000 1205 2001 1209 2001 1210 2001 1209 2002 1208 2002 1211 2002 1209 2003 1211 2003 1210 2003 1210 2004 1211 2004 719 2004 717 2005 719 2005 1211 2005 1208 2006 1212 2006 1211 2006 1212 2007 717 2007 1211 2007 1212 2008 714 2008 717 2008 1213 2009 714 2009 1212 2009 1213 2010 1212 2010 1208 2010 713 2011 714 2011 1213 2011 1214 2012 713 2012 1213 2012 1214 2013 1213 2013 1215 2013 1208 2014 1207 2014 1213 2014 1213 2015 1207 2015 1215 2015 1218 2016 1202 2016 1219 2016 1218 2017 1219 2017 1217 2017 1202 2018 1201 2018 1219 2018 1219 2019 1201 2019 1220 2019 1220 2020 1221 2020 1219 2020 1219 2021 1221 2021 1217 2021 1217 2022 1221 2022 1216 2022 1216 2023 1221 2023 1222 2023 1223 2024 1222 2024 1221 2024 1220 2025 1223 2025 1221 2025 1220 2026 841 2026 1223 2026 1223 2027 841 2027 836 2027 1223 2028 836 2028 1222 2028 1224 2029 1222 2029 834 2029 836 2030 834 2030 1222 2030 1224 2031 1216 2031 1222 2031 833 2032 1224 2032 834 2032 1214 2033 1225 2033 713 2033 713 2034 1225 2034 710 2034 710 2035 1225 2035 1226 2035 709 2036 1226 2036 1227 2036 709 2037 710 2037 1226 2037 1228 2038 1227 2038 688 2038 1228 2039 709 2039 1227 2039 1227 2040 826 2040 688 2040 688 2041 694 2041 1228 2041 1228 2042 708 2042 709 2042 1228 2043 694 2043 708 2043 1220 2044 849 2044 843 2044 1220 2045 843 2045 841 2045 1220 2046 1201 2046 1229 2046 1220 2047 1229 2047 849 2047 1201 2048 1200 2048 1229 2048 1229 2049 1200 2049 1164 2049 849 2050 1229 2050 1163 2050 1164 2051 1163 2051 1229 2051 729 2052 1210 2052 719 2052 729 2053 731 2053 1210 2053 731 2054 1230 2054 1210 2054 1205 2055 1210 2055 1230 2055 731 2056 1231 2056 1230 2056 1231 2057 1232 2057 1230 2057 1206 2058 1230 2058 1232 2058 1206 2059 1205 2059 1230 2059 1197 2060 1232 2060 1187 2060 1184 2061 1187 2061 1232 2061 1231 2062 1184 2062 1232 2062 1197 2063 1206 2063 1232 2063 1196 2064 1206 2064 1197 2064 1200 2065 1168 2065 1164 2065 1190 2066 1197 2066 1187 2066 1174 2067 1193 2067 1233 2067 1233 2068 1193 2068 1234 2068 1193 2069 1191 2069 1234 2069 1234 2070 1191 2070 1235 2070 1233 2071 1234 2071 1235 2071 1236 2072 1235 2072 1188 2072 1236 2073 1233 2073 1235 2073 1191 2074 1188 2074 1235 2074 1177 2075 1233 2075 1236 2075 1182 2076 1236 2076 1188 2076 1161 2077 1166 2077 755 2077 1166 2078 754 2078 755 2078 1163 2079 850 2079 849 2079 850 2080 1163 2080 1159 2080 755 2081 757 2081 1161 2081 1159 2082 851 2082 850 2082 851 2083 1113 2083 852 2083 1043 2084 761 2084 763 2084 992 2085 1011 2085 1016 2085 993 2086 992 2086 1016 2086 995 2087 1003 2087 1011 2087 1011 2088 992 2088 995 2088 988 2089 980 2089 979 2089 967 2090 950 2090 978 2090 971 2091 974 2091 976 2091 976 2092 974 2092 975 2092 951 2093 950 2093 967 2093 962 2094 963 2094 968 2094 951 2095 965 2095 954 2095 954 2096 965 2096 956 2096 919 2097 961 2097 917 2097 959 2098 926 2098 935 2098 926 2099 959 2099 920 2099 919 2100 920 2100 959 2100 898 2101 929 2101 922 2101 929 2102 894 2102 892 2102 929 2103 898 2103 894 2103 786 2104 904 2104 906 2104 901 2105 899 2105 905 2105 785 2106 904 2106 786 2106 887 2107 803 2107 806 2107 878 2108 877 2108 814 2108 814 2109 820 2109 878 2109 878 2110 820 2110 829 2110 878 2111 829 2111 875 2111 812 2112 814 2112 877 2112 875 2113 830 2113 837 2113 830 2114 875 2114 829 2114 820 2115 823 2115 829 2115 688 2116 826 2116 689 2116 821 2117 823 2117 820 2117 802 2118 787 2118 792 2118 795 2119 778 2119 794 2119 795 2120 779 2120 778 2120 725 2121 794 2121 1237 2121 778 2122 1237 2122 794 2122 740 2123 735 2123 1237 2123 1237 2124 778 2124 740 2124 735 2125 726 2125 1237 2125 725 2126 1237 2126 726 2126 775 2127 740 2127 778 2127 747 2128 739 2128 775 2128 740 2129 775 2129 739 2129 759 2130 752 2130 768 2130 768 2131 752 2131 748 2131 727 2132 726 2132 735 2132 703 2133 721 2133 723 2133 704 2134 703 2134 723 2134 715 2135 704 2135 723 2135 694 2136 693 2136 708 2136 693 2137 700 2137 708 2137 1238 2138 1239 2138 1240 2138 1239 2139 1238 2139 1241 2139 1238 2140 1242 2140 1241 2140 1238 2141 1243 2141 1242 2141 1238 2142 1240 2142 1243 2142 1244 2143 1245 2143 1243 2143 1246 2144 1244 2144 1243 2144 1243 2145 1245 2145 1242 2145 1243 2146 1240 2146 1247 2146 1243 2147 1247 2147 1246 2147 1246 2148 1248 2148 1244 2148 1246 2149 1249 2149 1248 2149 1246 2150 1247 2150 1249 2150 1247 2151 1250 2151 1249 2151 1250 2152 1251 2152 1249 2152 1249 2153 1251 2153 1252 2153 1253 2154 1249 2154 1252 2154 1248 2155 1249 2155 1253 2155 1248 2156 1253 2156 1254 2156 1253 2157 1255 2157 1254 2157 1255 2158 1253 2158 1256 2158 1253 2159 1252 2159 1256 2159 1255 2160 1256 2160 1257 2160 1259 2161 1260 2161 1261 2161 1259 2162 1262 2162 1260 2162 1258 2163 1259 2163 1261 2163 1262 2164 1263 2164 1260 2164 1262 2165 1264 2165 1263 2165 1264 2166 1265 2166 1266 2166 1264 2167 1266 2167 1263 2167 1267 2168 1268 2168 1266 2168 1265 2169 1267 2169 1266 2169 1266 2170 1269 2170 1263 2170 1266 2171 1268 2171 1269 2171 1268 2172 1270 2172 1269 2172 1271 2173 1269 2173 1270 2173 1272 2174 1263 2174 1269 2174 1269 2175 1271 2175 1272 2175 1270 2176 1273 2176 1271 2176 1271 2177 1274 2177 1272 2177 1273 2178 1275 2178 1271 2178 1275 2179 1274 2179 1271 2179 1276 2180 1274 2180 1275 2180 1274 2181 1277 2181 1272 2181 1274 2182 1276 2182 1278 2182 1278 2183 1277 2183 1274 2183 1277 2184 1278 2184 1279 2184 1277 2185 1280 2185 1261 2185 1260 2186 1277 2186 1261 2186 1280 2187 1277 2187 1279 2187 1260 2188 1272 2188 1277 2188 1281 2189 1282 2189 1279 2189 1281 2190 1279 2190 1283 2190 1279 2191 1282 2191 1280 2191 1279 2192 1278 2192 1283 2192 1281 2193 1283 2193 1284 2193 1283 2194 1285 2194 1284 2194 1278 2195 1286 2195 1283 2195 1285 2196 1283 2196 1286 2196 1286 2197 1278 2197 1276 2197 1287 2198 1286 2198 1288 2198 1286 2199 1287 2199 1285 2199 1276 2200 1288 2200 1286 2200 1288 2201 1289 2201 1287 2201 1290 2202 1288 2202 1291 2202 1291 2203 1288 2203 1276 2203 1290 2204 1289 2204 1288 2204 1290 2205 1292 2205 1289 2205 1290 2206 1291 2206 1293 2206 1290 2207 1294 2207 1292 2207 1290 2208 1293 2208 1294 2208 1295 2209 1293 2209 1296 2209 1293 2210 1291 2210 1296 2210 1293 2211 1297 2211 1294 2211 1297 2212 1293 2212 1295 2212 1298 2213 1295 2213 1299 2213 1299 2214 1295 2214 1300 2214 1300 2215 1295 2215 1296 2215 1295 2216 1298 2216 1297 2216 1299 2217 1301 2217 1298 2217 1298 2218 1301 2218 1302 2218 1298 2219 1302 2219 1303 2219 1297 2220 1298 2220 1303 2220 1304 2221 1303 2221 1302 2221 1304 2222 1305 2222 1303 2222 1305 2223 1306 2223 1303 2223 1297 2224 1303 2224 1306 2224 1305 2225 1307 2225 1306 2225 1307 2226 1308 2226 1306 2226 1308 2227 1297 2227 1306 2227 1308 2228 1309 2228 1294 2228 1309 2229 1308 2229 1307 2229 1308 2230 1294 2230 1297 2230 1294 2231 1309 2231 1292 2231 1309 2232 1310 2232 1292 2232 1311 2233 1310 2233 1309 2233 1312 2234 1311 2234 1309 2234 1312 2235 1309 2235 1307 2235 1313 2236 1312 2236 1314 2236 1312 2237 1307 2237 1314 2237 1311 2238 1312 2238 1313 2238 1314 2239 1315 2239 1313 2239 1316 2240 1313 2240 1315 2240 1313 2241 1316 2241 1317 2241 1317 2242 1311 2242 1313 2242 1318 2243 1319 2243 1317 2243 1318 2244 1317 2244 1320 2244 1320 2245 1317 2245 1316 2245 1319 2246 1311 2246 1317 2246 1321 2247 1322 2247 1319 2247 1321 2248 1319 2248 1318 2248 1319 2249 1322 2249 1310 2249 1311 2250 1319 2250 1310 2250 1323 2251 1322 2251 1321 2251 1310 2252 1322 2252 1324 2252 1322 2253 1323 2253 1325 2253 1324 2254 1322 2254 1325 2254 1325 2255 1326 2255 1324 2255 1325 2256 1327 2256 1328 2256 1325 2257 1329 2257 1327 2257 1326 2258 1325 2258 1328 2258 1325 2259 1323 2259 1329 2259 1289 2260 1324 2260 1326 2260 1287 2261 1326 2261 1330 2261 1328 2262 1330 2262 1326 2262 1326 2263 1287 2263 1289 2263 1331 2264 1330 2264 1332 2264 1330 2265 1328 2265 1332 2265 1330 2266 1285 2266 1287 2266 1285 2267 1330 2267 1331 2267 1332 2268 1333 2268 1331 2268 1333 2269 1334 2269 1331 2269 1335 2270 1331 2270 1334 2270 1335 2271 1285 2271 1331 2271 1335 2272 1284 2272 1285 2272 1335 2273 1334 2273 1284 2273 1334 2274 1333 2274 1336 2274 1337 2275 1334 2275 1338 2275 1336 2276 1338 2276 1334 2276 1334 2277 1337 2277 1284 2277 1338 2278 1336 2278 1339 2278 1336 2279 1340 2279 1341 2279 1341 2280 1339 2280 1336 2280 1340 2281 1336 2281 1333 2281 1339 2282 1342 2282 1338 2282 1342 2283 1339 2283 1343 2283 1339 2284 1341 2284 1344 2284 1344 2285 1343 2285 1339 2285 1343 2286 1345 2286 1342 2286 1346 2287 1345 2287 1343 2287 1347 2288 1346 2288 1343 2288 1343 2289 1344 2289 1347 2289 1344 2290 1348 2290 1347 2290 1349 2291 1347 2291 1350 2291 1347 2292 1348 2292 1350 2292 1349 2293 1346 2293 1347 2293 1348 2294 1344 2294 1351 2294 1351 2295 1352 2295 1348 2295 1352 2296 1353 2296 1348 2296 1353 2297 1350 2297 1348 2297 1354 2298 1350 2298 1353 2298 1355 2299 1353 2299 1352 2299 1353 2300 1355 2300 1356 2300 1356 2301 1354 2301 1353 2301 1357 2302 1354 2302 1356 2302 1358 2303 1357 2303 1356 2303 1359 2304 1356 2304 1355 2304 1356 2305 1359 2305 1358 2305 1360 2306 1357 2306 1358 2306 1361 2307 1358 2307 1359 2307 1358 2308 1361 2308 1362 2308 1362 2309 1360 2309 1358 2309 1363 2310 1364 2310 1360 2310 1364 2311 1365 2311 1360 2311 1360 2312 1365 2312 1366 2312 1366 2313 1357 2313 1360 2313 1360 2314 1362 2314 1363 2314 1367 2315 1363 2315 1362 2315 1368 2316 1364 2316 1363 2316 1363 2317 1367 2317 1369 2317 1369 2318 1368 2318 1363 2318 1370 2319 1368 2319 1371 2319 1371 2320 1368 2320 1369 2320 1370 2321 1372 2321 1368 2321 1372 2322 1364 2322 1368 2322 1372 2323 1373 2323 1364 2323 1372 2324 1370 2324 1375 2324 1375 2325 1376 2325 1377 2325 1375 2326 1377 2326 1378 2326 1374 2327 1375 2327 1378 2327 1378 2328 1377 2328 1379 2328 1378 2329 1379 2329 1380 2329 1381 2330 1378 2330 1380 2330 1374 2331 1378 2331 1382 2331 1378 2332 1381 2332 1382 2332 1383 2333 1384 2333 1379 2333 1383 2334 1379 2334 1385 2334 1384 2335 1380 2335 1379 2335 1377 2336 1385 2336 1379 2336 1386 2337 1383 2337 1385 2337 1386 2338 1385 2338 1387 2338 1388 2339 1387 2339 1385 2339 1377 2340 1388 2340 1385 2340 1388 2341 1389 2341 1387 2341 1389 2342 1388 2342 1390 2342 1390 2343 1388 2343 1376 2343 1376 2344 1388 2344 1377 2344 1389 2345 1391 2345 1392 2345 1389 2346 1393 2346 1391 2346 1389 2347 1392 2347 1387 2347 1389 2348 1390 2348 1393 2348 1395 2349 1396 2349 1393 2349 1393 2350 1396 2350 1391 2350 1397 2351 1394 2351 1398 2351 1394 2352 1399 2352 1400 2352 1394 2353 1400 2353 1398 2353 1398 2354 1400 2354 1401 2354 1401 2355 1402 2355 1398 2355 1398 2356 1402 2356 1403 2356 1397 2357 1398 2357 1403 2357 1403 2358 1402 2358 1404 2358 1406 2359 1407 2359 1405 2359 1407 2360 1395 2360 1405 2360 1408 2361 1409 2361 1407 2361 1406 2362 1408 2362 1407 2362 1407 2363 1409 2363 1410 2363 1407 2364 1410 2364 1396 2364 1396 2365 1395 2365 1407 2365 1410 2366 1409 2366 1411 2366 1396 2367 1410 2367 1412 2367 1410 2368 1411 2368 1412 2368 1409 2369 1257 2369 1411 2369 1411 2370 1414 2370 1412 2370 1416 2371 1392 2371 1414 2371 1392 2372 1412 2372 1414 2372 1416 2373 1417 2373 1392 2373 1415 2374 1282 2374 1419 2374 1419 2375 1282 2375 1420 2375 1418 2376 1419 2376 1420 2376 1421 2377 1420 2377 1282 2377 1422 2378 1423 2378 1420 2378 1418 2379 1420 2379 1423 2379 1420 2380 1421 2380 1422 2380 1422 2381 1338 2381 1342 2381 1342 2382 1424 2382 1422 2382 1424 2383 1423 2383 1422 2383 1338 2384 1422 2384 1337 2384 1422 2385 1421 2385 1337 2385 1425 2386 1423 2386 1424 2386 1426 2387 1424 2387 1345 2387 1426 2388 1425 2388 1424 2388 1345 2389 1424 2389 1342 2389 1425 2390 1418 2390 1423 2390 1427 2391 1426 2391 1345 2391 1346 2392 1428 2392 1427 2392 1346 2393 1427 2393 1345 2393 1349 2394 1430 2394 1428 2394 1349 2395 1428 2395 1346 2395 1431 2396 1430 2396 1349 2396 1431 2397 1432 2397 1430 2397 1430 2398 1433 2398 1429 2398 1433 2399 1434 2399 1435 2399 1433 2400 1436 2400 1434 2400 1432 2401 1436 2401 1433 2401 1429 2402 1433 2402 1435 2402 1436 2403 1438 2403 1439 2403 1436 2404 1439 2404 1434 2404 1439 2405 1440 2405 1434 2405 1438 2406 1440 2406 1439 2406 1440 2407 1435 2407 1434 2407 1440 2408 1381 2408 1435 2408 1382 2409 1381 2409 1440 2409 1438 2410 1382 2410 1440 2410 1441 2411 1366 2411 1365 2411 1373 2412 1441 2412 1365 2412 1441 2413 1437 2413 1366 2413 1432 2414 1442 2414 1437 2414 1437 2415 1442 2415 1366 2415 1442 2416 1354 2416 1357 2416 1354 2417 1442 2417 1443 2417 1357 2418 1366 2418 1442 2418 1443 2419 1442 2419 1432 2419 1443 2420 1350 2420 1354 2420 1350 2421 1443 2421 1431 2421 1443 2422 1432 2422 1431 2422 1381 2423 1380 2423 1435 2423 1435 2424 1380 2424 1384 2424 1429 2425 1435 2425 1384 2425 1349 2426 1350 2426 1431 2426 1281 2427 1421 2427 1282 2427 1281 2428 1337 2428 1421 2428 1417 2429 1386 2429 1387 2429 1417 2430 1387 2430 1392 2430 1413 2431 1280 2431 1415 2431 1280 2432 1282 2432 1415 2432 1413 2433 1258 2433 1280 2433 1391 2434 1396 2434 1412 2434 1391 2435 1412 2435 1392 2435 1408 2436 1255 2436 1409 2436 1409 2437 1255 2437 1257 2437 1406 2438 1444 2438 1408 2438 1408 2439 1444 2439 1254 2439 1254 2440 1255 2440 1408 2440 1254 2441 1444 2441 1447 2441 1448 2442 1446 2442 1449 2442 1446 2443 1450 2443 1449 2443 1446 2444 1445 2444 1450 2444 1450 2445 1451 2445 1452 2445 1452 2446 1449 2446 1450 2446 1451 2447 1450 2447 1453 2447 1445 2448 1453 2448 1450 2448 1454 2449 1453 2449 1402 2449 1404 2450 1402 2450 1453 2450 1445 2451 1404 2451 1453 2451 1454 2452 1451 2452 1453 2452 1401 2453 1454 2453 1402 2453 1401 2454 1455 2454 1454 2454 1454 2455 1455 2455 1451 2455 1456 2456 1457 2456 1455 2456 1455 2457 1457 2457 1451 2457 1455 2458 1458 2458 1456 2458 1401 2459 1458 2459 1455 2459 1459 2460 1460 2460 1458 2460 1460 2461 1456 2461 1458 2461 1461 2462 1459 2462 1458 2462 1401 2463 1461 2463 1458 2463 1461 2464 1462 2464 1459 2464 1463 2465 1462 2465 1461 2465 1461 2466 1464 2466 1463 2466 1401 2467 1464 2467 1461 2467 1400 2468 1371 2468 1464 2468 1464 2469 1371 2469 1369 2469 1369 2470 1463 2470 1464 2470 1401 2471 1400 2471 1464 2471 1463 2472 1369 2472 1367 2472 1367 2473 1465 2473 1463 2473 1462 2474 1463 2474 1465 2474 1465 2475 1367 2475 1466 2475 1466 2476 1467 2476 1465 2476 1468 2477 1465 2477 1467 2477 1465 2478 1468 2478 1462 2478 1469 2479 1467 2479 1470 2479 1467 2480 1469 2480 1468 2480 1471 2481 1470 2481 1467 2481 1467 2482 1466 2482 1471 2482 1361 2483 1471 2483 1466 2483 1472 2484 1473 2484 1471 2484 1470 2485 1471 2485 1473 2485 1471 2486 1361 2486 1472 2486 1473 2487 1472 2487 1474 2487 1475 2488 1474 2488 1472 2488 1472 2489 1359 2489 1475 2489 1359 2490 1472 2490 1361 2490 1474 2491 1475 2491 1476 2491 1355 2492 1475 2492 1359 2492 1476 2493 1475 2493 1477 2493 1475 2494 1355 2494 1477 2494 1478 2495 1477 2495 1352 2495 1477 2496 1478 2496 1479 2496 1477 2497 1355 2497 1352 2497 1479 2498 1476 2498 1477 2498 1480 2499 1476 2499 1479 2499 1480 2500 1479 2500 1481 2500 1482 2501 1481 2501 1479 2501 1479 2502 1478 2502 1482 2502 1483 2503 1484 2503 1482 2503 1481 2504 1482 2504 1484 2504 1485 2505 1483 2505 1482 2505 1485 2506 1482 2506 1478 2506 1340 2507 1483 2507 1485 2507 1351 2508 1341 2508 1485 2508 1485 2509 1341 2509 1340 2509 1351 2510 1485 2510 1478 2510 1486 2511 1483 2511 1487 2511 1483 2512 1340 2512 1487 2512 1486 2513 1484 2513 1483 2513 1488 2514 1484 2514 1486 2514 1488 2515 1486 2515 1489 2515 1486 2516 1490 2516 1489 2516 1491 2517 1486 2517 1487 2517 1491 2518 1490 2518 1486 2518 1490 2519 1327 2519 1489 2519 1490 2520 1491 2520 1327 2520 1491 2521 1487 2521 1332 2521 1491 2522 1332 2522 1328 2522 1327 2523 1491 2523 1328 2523 1492 2524 1489 2524 1329 2524 1327 2525 1329 2525 1489 2525 1493 2526 1489 2526 1492 2526 1489 2527 1493 2527 1488 2527 1493 2528 1494 2528 1495 2528 1493 2529 1492 2529 1494 2529 1495 2530 1496 2530 1493 2530 1488 2531 1493 2531 1497 2531 1496 2532 1497 2532 1493 2532 1496 2533 1498 2533 1499 2533 1500 2534 1496 2534 1499 2534 1500 2535 1497 2535 1496 2535 1495 2536 1498 2536 1496 2536 1500 2537 1501 2537 1497 2537 1502 2538 1503 2538 1500 2538 1500 2539 1504 2539 1502 2539 1504 2540 1500 2540 1499 2540 1503 2541 1501 2541 1500 2541 1501 2542 1503 2542 1505 2542 1501 2543 1505 2543 1488 2543 1501 2544 1488 2544 1497 2544 1505 2545 1503 2545 1506 2545 1484 2546 1505 2546 1506 2546 1488 2547 1505 2547 1484 2547 1506 2548 1503 2548 1507 2548 1506 2549 1481 2549 1484 2549 1481 2550 1506 2550 1508 2550 1508 2551 1506 2551 1507 2551 1508 2552 1507 2552 1509 2552 1510 2553 1480 2553 1508 2553 1510 2554 1508 2554 1509 2554 1480 2555 1481 2555 1508 2555 1510 2556 1509 2556 1511 2556 1509 2557 1512 2557 1511 2557 1512 2558 1509 2558 1513 2558 1513 2559 1509 2559 1514 2559 1509 2560 1507 2560 1514 2560 1514 2561 1507 2561 1502 2561 1502 2562 1515 2562 1514 2562 1516 2563 1514 2563 1515 2563 1516 2564 1513 2564 1514 2564 1517 2565 1516 2565 1515 2565 1518 2566 1516 2566 1517 2566 1516 2567 1518 2567 1519 2567 1519 2568 1513 2568 1516 2568 1520 2569 1521 2569 1519 2569 1520 2570 1519 2570 1518 2570 1521 2571 1522 2571 1519 2571 1513 2572 1519 2572 1522 2572 1521 2573 1523 2573 1522 2573 1523 2574 1524 2574 1522 2574 1524 2575 1525 2575 1522 2575 1512 2576 1522 2576 1525 2576 1512 2577 1513 2577 1522 2577 1511 2578 1512 2578 1525 2578 1526 2579 1511 2579 1525 2579 1526 2580 1525 2580 1524 2580 1527 2581 1528 2581 1526 2581 1511 2582 1526 2582 1528 2582 1527 2583 1526 2583 1524 2583 1529 2584 1530 2584 1527 2584 1527 2585 1530 2585 1528 2585 1529 2586 1527 2586 1531 2586 1527 2587 1524 2587 1531 2587 1531 2588 1524 2588 1523 2588 1531 2589 1523 2589 1532 2589 1531 2590 1532 2590 1533 2590 1529 2591 1531 2591 1533 2591 1533 2592 1534 2592 1535 2592 1536 2593 1533 2593 1535 2593 1533 2594 1537 2594 1534 2594 1533 2595 1532 2595 1537 2595 1536 2596 1529 2596 1533 2596 1538 2597 1536 2597 1539 2597 1536 2598 1535 2598 1539 2598 1529 2599 1536 2599 1538 2599 1470 2600 1538 2600 1469 2600 1469 2601 1538 2601 1539 2601 1538 2602 1470 2602 1530 2602 1529 2603 1538 2603 1530 2603 1540 2604 1539 2604 1541 2604 1541 2605 1539 2605 1542 2605 1539 2606 1535 2606 1542 2606 1469 2607 1539 2607 1540 2607 1542 2608 1543 2608 1544 2608 1542 2609 1535 2609 1543 2609 1541 2610 1542 2610 1545 2610 1545 2611 1542 2611 1544 2611 1545 2612 1546 2612 1541 2612 1546 2613 1545 2613 1547 2613 1545 2614 1544 2614 1548 2614 1547 2615 1545 2615 1548 2615 1549 2616 1547 2616 1550 2616 1551 2617 1547 2617 1549 2617 1551 2618 1546 2618 1547 2618 1547 2619 1548 2619 1550 2619 1549 2620 1550 2620 1552 2620 1550 2621 1553 2621 1552 2621 1554 2622 1553 2622 1550 2622 1555 2623 1554 2623 1550 2623 1548 2624 1555 2624 1550 2624 1556 2625 1555 2625 1557 2625 1556 2626 1558 2626 1555 2626 1557 2627 1555 2627 1559 2627 1548 2628 1559 2628 1555 2628 1558 2629 1554 2629 1555 2629 1560 2630 1561 2630 1558 2630 1558 2631 1561 2631 1554 2631 1562 2632 1558 2632 1556 2632 1562 2633 1563 2633 1558 2633 1563 2634 1560 2634 1558 2634 1560 2635 1563 2635 1564 2635 1565 2636 1561 2636 1560 2636 1564 2637 1565 2637 1560 2637 1561 2638 1565 2638 1566 2638 1565 2639 1567 2639 1566 2639 1565 2640 1568 2640 1567 2640 1568 2641 1565 2641 1564 2641 1569 2642 1568 2642 1570 2642 1570 2643 1568 2643 1564 2643 1568 2644 1569 2644 1571 2644 1568 2645 1571 2645 1567 2645 1572 2646 1571 2646 1573 2646 1571 2647 1574 2647 1573 2647 1569 2648 1574 2648 1571 2648 1567 2649 1571 2649 1572 2649 1573 2650 1575 2650 1572 2650 1576 2651 1572 2651 1575 2651 1577 2652 1572 2652 1576 2652 1577 2653 1567 2653 1572 2653 1577 2654 1576 2654 1578 2654 1579 2655 1577 2655 1578 2655 1580 2656 1566 2656 1577 2656 1579 2657 1580 2657 1577 2657 1566 2658 1567 2658 1577 2658 1579 2659 1581 2659 1582 2659 1579 2660 1582 2660 1551 2660 1579 2661 1551 2661 1549 2661 1579 2662 1549 2662 1580 2662 1581 2663 1579 2663 1578 2663 1581 2664 1578 2664 1583 2664 1582 2665 1581 2665 1584 2665 1585 2666 1581 2666 1583 2666 1581 2667 1585 2667 1584 2667 1586 2668 1587 2668 1583 2668 1456 2669 1583 2669 1587 2669 1585 2670 1583 2670 1456 2670 1578 2671 1586 2671 1583 2671 1588 2672 1589 2672 1586 2672 1576 2673 1588 2673 1586 2673 1576 2674 1586 2674 1578 2674 1587 2675 1586 2675 1589 2675 1588 2676 1590 2676 1589 2676 1591 2677 1589 2677 1592 2677 1590 2678 1592 2678 1589 2678 1589 2679 1591 2679 1587 2679 1591 2680 1452 2680 1457 2680 1591 2681 1593 2681 1452 2681 1591 2682 1457 2682 1587 2682 1592 2683 1593 2683 1591 2683 1594 2684 1595 2684 1593 2684 1596 2685 1594 2685 1593 2685 1593 2686 1592 2686 1596 2686 1593 2687 1595 2687 1449 2687 1452 2688 1593 2688 1449 2688 1448 2689 1449 2689 1595 2689 1597 2690 1448 2690 1595 2690 1597 2691 1595 2691 1594 2691 1598 2692 1597 2692 1594 2692 1599 2693 1598 2693 1600 2693 1598 2694 1594 2694 1600 2694 1599 2695 1600 2695 1601 2695 1600 2696 1594 2696 1596 2696 1601 2697 1600 2697 1602 2697 1602 2698 1600 2698 1596 2698 1601 2699 1603 2699 1604 2699 1601 2700 1602 2700 1603 2700 1604 2701 1599 2701 1601 2701 1267 2702 1604 2702 1603 2702 1604 2703 1267 2703 1605 2703 1604 2704 1605 2704 1599 2704 1605 2705 1267 2705 1265 2705 1240 2706 1606 2706 1250 2706 1240 2707 1239 2707 1606 2707 1239 2708 1241 2708 1606 2708 1602 2709 1607 2709 1603 2709 1608 2710 1603 2710 1607 2710 1267 2711 1603 2711 1268 2711 1603 2712 1608 2712 1268 2712 1607 2713 1609 2713 1608 2713 1610 2714 1608 2714 1609 2714 1270 2715 1268 2715 1608 2715 1608 2716 1610 2716 1270 2716 1610 2717 1300 2717 1273 2717 1273 2718 1270 2718 1610 2718 1609 2719 1611 2719 1610 2719 1300 2720 1610 2720 1611 2720 1299 2721 1611 2721 1612 2721 1613 2722 1612 2722 1611 2722 1611 2723 1299 2723 1300 2723 1611 2724 1609 2724 1613 2724 1612 2725 1613 2725 1614 2725 1615 2726 1614 2726 1613 2726 1616 2727 1613 2727 1609 2727 1613 2728 1616 2728 1615 2728 1614 2729 1615 2729 1575 2729 1588 2730 1575 2730 1615 2730 1615 2731 1590 2731 1588 2731 1590 2732 1615 2732 1616 2732 1616 2733 1617 2733 1590 2733 1617 2734 1616 2734 1607 2734 1609 2735 1607 2735 1616 2735 1590 2736 1617 2736 1592 2736 1607 2737 1602 2737 1617 2737 1617 2738 1602 2738 1596 2738 1617 2739 1596 2739 1592 2739 1575 2740 1573 2740 1614 2740 1618 2741 1614 2741 1573 2741 1614 2742 1618 2742 1612 2742 1301 2743 1612 2743 1618 2743 1573 2744 1574 2744 1618 2744 1574 2745 1619 2745 1618 2745 1618 2746 1619 2746 1620 2746 1620 2747 1301 2747 1618 2747 1621 2748 1302 2748 1620 2748 1301 2749 1620 2749 1302 2749 1622 2750 1621 2750 1620 2750 1622 2751 1620 2751 1623 2751 1620 2752 1619 2752 1623 2752 1622 2753 1624 2753 1625 2753 1624 2754 1622 2754 1623 2754 1625 2755 1621 2755 1622 2755 1625 2756 1624 2756 1626 2756 1627 2757 1625 2757 1626 2757 1628 2758 1625 2758 1627 2758 1621 2759 1625 2759 1628 2759 1304 2760 1628 2760 1629 2760 1629 2761 1628 2761 1630 2761 1628 2762 1304 2762 1621 2762 1630 2763 1628 2763 1627 2763 1631 2764 1630 2764 1632 2764 1627 2765 1632 2765 1630 2765 1630 2766 1631 2766 1633 2766 1633 2767 1629 2767 1630 2767 1629 2768 1633 2768 1314 2768 1315 2769 1314 2769 1633 2769 1633 2770 1634 2770 1315 2770 1634 2771 1633 2771 1631 2771 1635 2772 1634 2772 1636 2772 1631 2773 1636 2773 1634 2773 1637 2774 1315 2774 1634 2774 1634 2775 1635 2775 1637 2775 1638 2776 1635 2776 1639 2776 1636 2777 1639 2777 1635 2777 1635 2778 1638 2778 1640 2778 1640 2779 1637 2779 1635 2779 1640 2780 1641 2780 1642 2780 1643 2781 1640 2781 1642 2781 1637 2782 1640 2782 1643 2782 1640 2783 1638 2783 1641 2783 1644 2784 1641 2784 1645 2784 1638 2785 1645 2785 1641 2785 1646 2786 1642 2786 1641 2786 1641 2787 1644 2787 1646 2787 1647 2788 1644 2788 1645 2788 1648 2789 1646 2789 1644 2789 1644 2790 1647 2790 1649 2790 1649 2791 1648 2791 1644 2791 1648 2792 1649 2792 1650 2792 1651 2793 1652 2793 1648 2793 1646 2794 1648 2794 1652 2794 1650 2795 1651 2795 1648 2795 1653 2796 1650 2796 1649 2796 1651 2797 1650 2797 1654 2797 1654 2798 1650 2798 1653 2798 1654 2799 1655 2799 1651 2799 1654 2800 1653 2800 1656 2800 1654 2801 1656 2801 1657 2801 1655 2802 1654 2802 1657 2802 1658 2803 1655 2803 1657 2803 1655 2804 1659 2804 1651 2804 1655 2805 1660 2805 1661 2805 1661 2806 1659 2806 1655 2806 1658 2807 1660 2807 1655 2807 1658 2808 1662 2808 1660 2808 1660 2809 1663 2809 1661 2809 1660 2810 1662 2810 1663 2810 1664 2811 1665 2811 1662 2811 1663 2812 1662 2812 1665 2812 1662 2813 1656 2813 1664 2813 1662 2814 1658 2814 1656 2814 1656 2815 1666 2815 1664 2815 1664 2816 1667 2816 1665 2816 1666 2817 1667 2817 1664 2817 1667 2818 1668 2818 1665 2818 1667 2819 1669 2819 1668 2819 1667 2820 1670 2820 1671 2820 1671 2821 1669 2821 1667 2821 1666 2822 1670 2822 1667 2822 1672 2823 1673 2823 1669 2823 1669 2824 1671 2824 1672 2824 1669 2825 1673 2825 1674 2825 1669 2826 1674 2826 1668 2826 1675 2827 1668 2827 1674 2827 1673 2828 1518 2828 1674 2828 1674 2829 1517 2829 1675 2829 1517 2830 1674 2830 1518 2830 1675 2831 1676 2831 1677 2831 1675 2832 1517 2832 1676 2832 1678 2833 1675 2833 1677 2833 1668 2834 1675 2834 1678 2834 1677 2835 1679 2835 1680 2835 1679 2836 1677 2836 1676 2836 1681 2837 1677 2837 1680 2837 1681 2838 1682 2838 1677 2838 1678 2839 1677 2839 1682 2839 1682 2840 1683 2840 1661 2840 1681 2841 1683 2841 1682 2841 1663 2842 1678 2842 1682 2842 1663 2843 1682 2843 1661 2843 1683 2844 1684 2844 1659 2844 1659 2845 1661 2845 1683 2845 1683 2846 1680 2846 1685 2846 1681 2847 1680 2847 1683 2847 1684 2848 1683 2848 1685 2848 1686 2849 1685 2849 1687 2849 1687 2850 1685 2850 1688 2850 1685 2851 1680 2851 1688 2851 1685 2852 1686 2852 1684 2852 1684 2853 1686 2853 1689 2853 1690 2854 1689 2854 1686 2854 1686 2855 1691 2855 1690 2855 1687 2856 1691 2856 1686 2856 1691 2857 1687 2857 1494 2857 1318 2858 1691 2858 1494 2858 1318 2859 1320 2859 1691 2859 1320 2860 1690 2860 1691 2860 1689 2861 1690 2861 1642 2861 1320 2862 1643 2862 1690 2862 1643 2863 1642 2863 1690 2863 1689 2864 1652 2864 1684 2864 1652 2865 1689 2865 1646 2865 1642 2866 1646 2866 1689 2866 1498 2867 1688 2867 1499 2867 1687 2868 1688 2868 1498 2868 1679 2869 1499 2869 1688 2869 1680 2870 1679 2870 1688 2870 1494 2871 1687 2871 1498 2871 1659 2872 1684 2872 1652 2872 1499 2873 1679 2873 1504 2873 1676 2874 1504 2874 1679 2874 1678 2875 1665 2875 1668 2875 1663 2876 1665 2876 1678 2876 1504 2877 1676 2877 1515 2877 1517 2878 1515 2878 1676 2878 1673 2879 1672 2879 1692 2879 1692 2880 1520 2880 1673 2880 1673 2881 1520 2881 1518 2881 1693 2882 1692 2882 1672 2882 1520 2883 1692 2883 1694 2883 1695 2884 1694 2884 1692 2884 1692 2885 1693 2885 1695 2885 1696 2886 1693 2886 1697 2886 1672 2887 1697 2887 1693 2887 1693 2888 1696 2888 1698 2888 1698 2889 1695 2889 1693 2889 1699 2890 1698 2890 1696 2890 1698 2891 1699 2891 1700 2891 1700 2892 1701 2892 1698 2892 1695 2893 1698 2893 1701 2893 1702 2894 1701 2894 1703 2894 1701 2895 1702 2895 1695 2895 1701 2896 1700 2896 1704 2896 1704 2897 1703 2897 1701 2897 1704 2898 1705 2898 1706 2898 1704 2899 1707 2899 1705 2899 1703 2900 1704 2900 1706 2900 1704 2901 1700 2901 1707 2901 1705 2902 1708 2902 1706 2902 1706 2903 1708 2903 1709 2903 1710 2904 1706 2904 1709 2904 1706 2905 1710 2905 1703 2905 1709 2906 1711 2906 1710 2906 1711 2907 1709 2907 1559 2907 1709 2908 1557 2908 1559 2908 1708 2909 1557 2909 1709 2909 1543 2910 1711 2910 1544 2910 1543 2911 1537 2911 1711 2911 1544 2912 1711 2912 1559 2912 1537 2913 1710 2913 1711 2913 1710 2914 1537 2914 1712 2914 1712 2915 1703 2915 1710 2915 1703 2916 1712 2916 1702 2916 1713 2917 1702 2917 1712 2917 1532 2918 1712 2918 1537 2918 1712 2919 1532 2919 1713 2919 1713 2920 1523 2920 1521 2920 1521 2921 1694 2921 1713 2921 1523 2922 1713 2922 1532 2922 1702 2923 1713 2923 1694 2923 1714 2924 1557 2924 1708 2924 1715 2925 1714 2925 1708 2925 1708 2926 1705 2926 1715 2926 1705 2927 1716 2927 1715 2927 1717 2928 1715 2928 1716 2928 1715 2929 1717 2929 1718 2929 1714 2930 1715 2930 1718 2930 1719 2931 1718 2931 1720 2931 1718 2932 1721 2932 1720 2932 1721 2933 1718 2933 1717 2933 1718 2934 1719 2934 1714 2934 1720 2935 1722 2935 1719 2935 1719 2936 1556 2936 1714 2936 1722 2937 1562 2937 1719 2937 1719 2938 1562 2938 1556 2938 1723 2939 1722 2939 1720 2939 1722 2940 1723 2940 1724 2940 1722 2941 1725 2941 1562 2941 1722 2942 1724 2942 1725 2942 1724 2943 1723 2943 1726 2943 1725 2944 1724 2944 1727 2944 1726 2945 1728 2945 1724 2945 1724 2946 1728 2946 1729 2946 1724 2947 1729 2947 1727 2947 1729 2948 1730 2948 1727 2948 1731 2949 1730 2949 1729 2949 1732 2950 1731 2950 1729 2950 1728 2951 1732 2951 1729 2951 1728 2952 1733 2952 1732 2952 1733 2953 1734 2953 1732 2953 1734 2954 1735 2954 1732 2954 1735 2955 1731 2955 1732 2955 1731 2956 1735 2956 1736 2956 1737 2957 1736 2957 1735 2957 1738 2958 1735 2958 1734 2958 1735 2959 1738 2959 1737 2959 1739 2960 1737 2960 1738 2960 1737 2961 1739 2961 1740 2961 1740 2962 1741 2962 1737 2962 1736 2963 1737 2963 1741 2963 1741 2964 1740 2964 1636 2964 1636 2965 1631 2965 1741 2965 1741 2966 1632 2966 1736 2966 1632 2967 1741 2967 1631 2967 1742 2968 1739 2968 1738 2968 1742 2969 1743 2969 1739 2969 1744 2970 1739 2970 1743 2970 1744 2971 1745 2971 1739 2971 1745 2972 1740 2972 1739 2972 1746 2973 1745 2973 1744 2973 1746 2974 1747 2974 1745 2974 1747 2975 1639 2975 1745 2975 1740 2976 1745 2976 1639 2976 1746 2977 1748 2977 1747 2977 1747 2978 1748 2978 1645 2978 1638 2979 1747 2979 1645 2979 1639 2980 1747 2980 1638 2980 1749 2981 1748 2981 1746 2981 1749 2982 1653 2982 1748 2982 1748 2983 1750 2983 1645 2983 1653 2984 1750 2984 1748 2984 1645 2985 1750 2985 1647 2985 1647 2986 1750 2986 1653 2986 1749 2987 1751 2987 1653 2987 1749 2988 1743 2988 1742 2988 1752 2989 1749 2989 1742 2989 1744 2990 1743 2990 1749 2990 1744 2991 1749 2991 1746 2991 1749 2992 1753 2992 1751 2992 1752 2993 1753 2993 1749 2993 1754 2994 1755 2994 1753 2994 1754 2995 1753 2995 1752 2995 1756 2996 1753 2996 1757 2996 1756 2997 1758 2997 1753 2997 1758 2998 1759 2998 1753 2998 1753 2999 1760 2999 1757 2999 1761 3000 1760 3000 1753 3000 1755 3001 1761 3001 1753 3001 1753 3002 1759 3002 1762 3002 1751 3003 1753 3003 1762 3003 1759 3004 1751 3004 1762 3004 1759 3005 1763 3005 1764 3005 1758 3006 1763 3006 1759 3006 1765 3007 1751 3007 1759 3007 1764 3008 1765 3008 1759 3008 1763 3009 1766 3009 1764 3009 1764 3010 1766 3010 1765 3010 1656 3011 1766 3011 1763 3011 1656 3012 1765 3012 1766 3012 1653 3013 1751 3013 1765 3013 1653 3014 1765 3014 1656 3014 1763 3015 1767 3015 1768 3015 1763 3016 1758 3016 1767 3016 1769 3017 1763 3017 1768 3017 1769 3018 1770 3018 1763 3018 1670 3019 1656 3019 1763 3019 1763 3020 1770 3020 1771 3020 1670 3021 1763 3021 1771 3021 1771 3022 1770 3022 1697 3022 1671 3023 1771 3023 1697 3023 1670 3024 1771 3024 1671 3024 1770 3025 1769 3025 1696 3025 1697 3026 1770 3026 1696 3026 1769 3027 1768 3027 1699 3027 1696 3028 1769 3028 1699 3028 1699 3029 1768 3029 1767 3029 1767 3030 1772 3030 1699 3030 1772 3031 1767 3031 1773 3031 1758 3032 1773 3032 1767 3032 1774 3033 1773 3033 1775 3033 1775 3034 1773 3034 1758 3034 1774 3035 1772 3035 1773 3035 1774 3036 1716 3036 1707 3036 1774 3037 1776 3037 1716 3037 1774 3038 1775 3038 1776 3038 1774 3039 1707 3039 1772 3039 1716 3040 1776 3040 1717 3040 1776 3041 1777 3041 1717 3041 1778 3042 1776 3042 1779 3042 1776 3043 1775 3043 1779 3043 1778 3044 1777 3044 1776 3044 1778 3045 1756 3045 1777 3045 1717 3046 1777 3046 1721 3046 1777 3047 1756 3047 1780 3047 1780 3048 1721 3048 1777 3048 1781 3049 1782 3049 1780 3049 1780 3050 1757 3050 1781 3050 1721 3051 1780 3051 1782 3051 1756 3052 1757 3052 1780 3052 1782 3053 1720 3053 1721 3053 1782 3054 1781 3054 1783 3054 1720 3055 1782 3055 1726 3055 1726 3056 1782 3056 1783 3056 1783 3057 1733 3057 1728 3057 1728 3058 1726 3058 1783 3058 1781 3059 1760 3059 1783 3059 1783 3060 1760 3060 1761 3060 1733 3061 1783 3061 1755 3061 1783 3062 1761 3062 1755 3062 1757 3063 1760 3063 1781 3063 1756 3064 1778 3064 1758 3064 1758 3065 1778 3065 1779 3065 1775 3066 1758 3066 1779 3066 1699 3067 1772 3067 1700 3067 1707 3068 1700 3068 1772 3068 1754 3069 1733 3069 1755 3069 1752 3070 1734 3070 1754 3070 1754 3071 1734 3071 1733 3071 1742 3072 1738 3072 1752 3072 1752 3073 1738 3073 1734 3073 1639 3074 1636 3074 1740 3074 1784 3075 1736 3075 1632 3075 1736 3076 1784 3076 1731 3076 1730 3077 1731 3077 1784 3077 1632 3078 1627 3078 1784 3078 1626 3079 1784 3079 1627 3079 1784 3080 1626 3080 1730 3080 1730 3081 1785 3081 1727 3081 1785 3082 1730 3082 1626 3082 1785 3083 1570 3083 1786 3083 1624 3084 1570 3084 1785 3084 1727 3085 1785 3085 1786 3085 1626 3086 1624 3086 1785 3086 1563 3087 1725 3087 1786 3087 1786 3088 1564 3088 1563 3088 1564 3089 1786 3089 1570 3089 1725 3090 1727 3090 1786 3090 1723 3091 1720 3091 1726 3091 1725 3092 1563 3092 1562 3092 1707 3093 1716 3093 1705 3093 1714 3094 1556 3094 1557 3094 1694 3095 1695 3095 1702 3095 1697 3096 1672 3096 1671 3096 1694 3097 1521 3097 1520 3097 1670 3098 1666 3098 1656 3098 1656 3099 1658 3099 1657 3099 1652 3100 1651 3100 1659 3100 1647 3101 1653 3101 1649 3101 1643 3102 1316 3102 1637 3102 1316 3103 1643 3103 1320 3103 1315 3104 1637 3104 1316 3104 1629 3105 1305 3105 1304 3105 1307 3106 1305 3106 1629 3106 1314 3107 1307 3107 1629 3107 1569 3108 1570 3108 1624 3108 1569 3109 1624 3109 1623 3109 1623 3110 1619 3110 1574 3110 1569 3111 1623 3111 1574 3111 1621 3112 1304 3112 1302 3112 1612 3113 1301 3113 1299 3113 1575 3114 1588 3114 1576 3114 1457 3115 1456 3115 1587 3115 1584 3116 1585 3116 1459 3116 1787 3117 1584 3117 1459 3117 1788 3118 1584 3118 1787 3118 1584 3119 1788 3119 1582 3119 1540 3120 1788 3120 1787 3120 1540 3121 1541 3121 1788 3121 1582 3122 1788 3122 1546 3122 1541 3123 1546 3123 1788 3123 1462 3124 1787 3124 1459 3124 1468 3125 1540 3125 1787 3125 1462 3126 1468 3126 1787 3126 1585 3127 1460 3127 1459 3127 1460 3128 1585 3128 1456 3128 1551 3129 1582 3129 1546 3129 1552 3130 1566 3130 1580 3130 1549 3131 1552 3131 1580 3131 1566 3132 1552 3132 1553 3132 1561 3133 1566 3133 1553 3133 1554 3134 1561 3134 1553 3134 1544 3135 1559 3135 1548 3135 1535 3136 1534 3136 1543 3136 1543 3137 1534 3137 1537 3137 1468 3138 1469 3138 1540 3138 1530 3139 1473 3139 1528 3139 1473 3140 1530 3140 1470 3140 1528 3141 1474 3141 1789 3141 1474 3142 1528 3142 1473 3142 1511 3143 1528 3143 1789 3143 1476 3144 1789 3144 1474 3144 1511 3145 1789 3145 1510 3145 1510 3146 1789 3146 1480 3146 1789 3147 1476 3147 1480 3147 1515 3148 1502 3148 1504 3148 1507 3149 1503 3149 1502 3149 1494 3150 1498 3150 1495 3150 1318 3151 1494 3151 1492 3151 1323 3152 1321 3152 1492 3152 1321 3153 1318 3153 1492 3153 1323 3154 1492 3154 1329 3154 1487 3155 1333 3155 1332 3155 1333 3156 1487 3156 1340 3156 1351 3157 1478 3157 1352 3157 1362 3158 1466 3158 1367 3158 1466 3159 1362 3159 1361 3159 1452 3160 1451 3160 1457 3160 1248 3161 1447 3161 1244 3161 1248 3162 1254 3162 1447 3162 1399 3163 1371 3163 1400 3163 1399 3164 1376 3164 1370 3164 1399 3165 1370 3165 1371 3165 1373 3166 1365 3166 1364 3166 1351 3167 1344 3167 1341 3167 1281 3168 1284 3168 1337 3168 1324 3169 1289 3169 1292 3169 1292 3170 1310 3170 1324 3170 1300 3171 1296 3171 1273 3171 1273 3172 1296 3172 1275 3172 1296 3173 1291 3173 1275 3173 1275 3174 1291 3174 1276 3174 1258 3175 1261 3175 1280 3175 1260 3176 1263 3176 1272 3176 1247 3177 1240 3177 1250 3177 1791 3178 1792 3178 1794 3178 1795 3179 1793 3179 1790 3179 1790 3180 1794 3180 1795 3180 1795 3181 1794 3181 1796 3181 1797 3182 1798 3182 1795 3182 1795 3183 1799 3183 1797 3183 1800 3184 1795 3184 1796 3184 1800 3185 1801 3185 1795 3185 1795 3186 1801 3186 1802 3186 1803 3187 1795 3187 1802 3187 1803 3188 1804 3188 1795 3188 1795 3189 1804 3189 1805 3189 1806 3190 1795 3190 1805 3190 1806 3191 1799 3191 1795 3191 1797 3192 1799 3192 1807 3192 1807 3193 1799 3193 1806 3193 1807 3194 1808 3194 1797 3194 1809 3195 1807 3195 1806 3195 1809 3196 1810 3196 1807 3196 1810 3197 1808 3197 1807 3197 1797 3198 1808 3198 1811 3198 1808 3199 1810 3199 1812 3199 1814 3200 1808 3200 1812 3200 1815 3201 1797 3201 1811 3201 1815 3202 1818 3202 1797 3202 1817 3203 1819 3203 1818 3203 1817 3204 1820 3204 1819 3204 1817 3205 1816 3205 1820 3205 1821 3206 1822 3206 1820 3206 1821 3207 1820 3207 1823 3207 1820 3208 1822 3208 1824 3208 1820 3209 1825 3209 1823 3209 1820 3210 1826 3210 1825 3210 1820 3211 1827 3211 1826 3211 1820 3212 1828 3212 1827 3212 1830 3213 1820 3213 1824 3213 1830 3214 1831 3214 1820 3214 1831 3215 1832 3215 1820 3215 1820 3216 1832 3216 1833 3216 1820 3217 1833 3217 1834 3217 1820 3218 1834 3218 1835 3218 1820 3219 1835 3219 1836 3219 1820 3220 1836 3220 1837 3220 1820 3221 1837 3221 1819 3221 1816 3222 1813 3222 1820 3222 1838 3223 1797 3223 1840 3223 1838 3224 1840 3224 1819 3224 1836 3225 1835 3225 1839 3225 1834 3226 1845 3226 1842 3226 1849 3227 1846 3227 1848 3227 1848 3228 1852 3228 1853 3228 1854 3229 1849 3229 1848 3229 1854 3230 1848 3230 1853 3230 1849 3231 1854 3231 1855 3231 1854 3232 1853 3232 1855 3232 1856 3233 1849 3233 1855 3233 1857 3234 1858 3234 1855 3234 1855 3235 1860 3235 1861 3235 1855 3236 1861 3236 1862 3236 1858 3237 1856 3237 1855 3237 1863 3238 1855 3238 1862 3238 1855 3239 1864 3239 1860 3239 1855 3240 1853 3240 1864 3240 1863 3241 1866 3241 1855 3241 1867 3242 1868 3242 1855 3242 1855 3243 1868 3243 1869 3243 1855 3244 1869 3244 1870 3244 1871 3245 1872 3245 1855 3245 1872 3246 1873 3246 1855 3246 1855 3247 1874 3247 1875 3247 1866 3248 1877 3248 1855 3248 1877 3249 1867 3249 1855 3249 1855 3250 1870 3250 1871 3250 1873 3251 1878 3251 1855 3251 1855 3252 1878 3252 1874 3252 1879 3253 1859 3253 1865 3253 1879 3254 1880 3254 1881 3254 1876 3255 1880 3255 1879 3255 1879 3256 1881 3256 1882 3256 1883 3257 1879 3257 1882 3257 1883 3258 1859 3258 1879 3258 1883 3259 1882 3259 1884 3259 1885 3260 1883 3260 1884 3260 1859 3261 1883 3261 1886 3261 1790 3262 1889 3262 1887 3262 1887 3263 1885 3263 1790 3263 1887 3264 1890 3264 1797 3264 1851 3265 1891 3265 1791 3265 1850 3266 1892 3266 1851 3266 1794 3267 1893 3267 1850 3267 1888 3268 1841 3268 1857 3268 1894 3269 1885 3269 1884 3269 1790 3270 1885 3270 1894 3270 1894 3271 1895 3271 1790 3271 1895 3272 1894 3272 1884 3272 1790 3273 1895 3273 1896 3273 1895 3274 1884 3274 1896 3274 1884 3275 1882 3275 1896 3275 1897 3276 1790 3276 1896 3276 1897 3277 1896 3277 1881 3277 1896 3278 1882 3278 1881 3278 1897 3279 1898 3279 1790 3279 1897 3280 1881 3280 1899 3280 1898 3281 1897 3281 1899 3281 1898 3282 1899 3282 1900 3282 1790 3283 1898 3283 1901 3283 1901 3284 1898 3284 1900 3284 1902 3285 1900 3285 1899 3285 1901 3286 1900 3286 1903 3286 1904 3287 1903 3287 1900 3287 1902 3288 1904 3288 1900 3288 1904 3289 1905 3289 1903 3289 1906 3290 1901 3290 1903 3290 1905 3291 1907 3291 1903 3291 1906 3292 1903 3292 1908 3292 1903 3293 1907 3293 1908 3293 1908 3294 1790 3294 1906 3294 1906 3295 1790 3295 1901 3295 1907 3296 1909 3296 1908 3296 1910 3297 1909 3297 1907 3297 1911 3298 1910 3298 1907 3298 1912 3299 1911 3299 1907 3299 1912 3300 1907 3300 1913 3300 1913 3301 1907 3301 1905 3301 1905 3302 1878 3302 1913 3302 1914 3303 1910 3303 1911 3303 1915 3304 1910 3304 1914 3304 1915 3305 1916 3305 1910 3305 1916 3306 1917 3306 1918 3306 1916 3307 1918 3307 1910 3307 1918 3308 1919 3308 1920 3308 1917 3309 1919 3309 1918 3309 1918 3310 1920 3310 1910 3310 1920 3311 1909 3311 1910 3311 1920 3312 1921 3312 1909 3312 1919 3313 1921 3313 1920 3313 1909 3314 1921 3314 1922 3314 1919 3315 1923 3315 1921 3315 1923 3316 1922 3316 1921 3316 1923 3317 1924 3317 1922 3317 1925 3318 1923 3318 1919 3318 1917 3319 1925 3319 1919 3319 1926 3320 1866 3320 1927 3320 1928 3321 1926 3321 1927 3321 1928 3322 1927 3322 1929 3322 1863 3323 1927 3323 1866 3323 1927 3324 1863 3324 1929 3324 1933 3325 1929 3325 1863 3325 1862 3326 1933 3326 1863 3326 1862 3327 1861 3327 1933 3327 1861 3328 1934 3328 1933 3328 1860 3329 1935 3329 1934 3329 1861 3330 1860 3330 1934 3330 1860 3331 1864 3331 1935 3331 1864 3332 1936 3332 1935 3332 1853 3333 1852 3333 1936 3333 1864 3334 1853 3334 1936 3334 1931 3335 1932 3335 1937 3335 1932 3336 1938 3336 1937 3336 1851 3337 1938 3337 1932 3337 1938 3338 1909 3338 1937 3338 1909 3339 1939 3339 1937 3339 1931 3340 1937 3340 1930 3340 1937 3341 1939 3341 1930 3341 1940 3342 1939 3342 1909 3342 1930 3343 1939 3343 1940 3343 1940 3344 1909 3344 1922 3344 1924 3345 1940 3345 1922 3345 1924 3346 1930 3346 1940 3346 1938 3347 1791 3347 1909 3347 1791 3348 1938 3348 1851 3348 1908 3349 1909 3349 1790 3349 1909 3350 1791 3350 1790 3350 1880 3351 1902 3351 1899 3351 1880 3352 1899 3352 1881 3352 1856 3353 1858 3353 1844 3353 1856 3354 1844 3354 1846 3354 1849 3355 1856 3355 1846 3355 1858 3356 1843 3356 1844 3356 1858 3357 1857 3357 1843 3357 1857 3358 1841 3358 1843 3358 1850 3359 1941 3359 1794 3359 1946 3360 1850 3360 1847 3360 1824 3361 1943 3361 1944 3361 1942 3362 1943 3362 1822 3362 1822 3363 1943 3363 1824 3363 1947 3364 1942 3364 1822 3364 1948 3365 1942 3365 1947 3365 1948 3366 1947 3366 1949 3366 1951 3367 1950 3367 1952 3367 1953 3368 1941 3368 1951 3368 1954 3369 1953 3369 1951 3369 1954 3370 1951 3370 1952 3370 1952 3371 1950 3371 1955 3371 1956 3372 1952 3372 1955 3372 1952 3373 1956 3373 1796 3373 1952 3374 1796 3374 1954 3374 1956 3375 1955 3375 1957 3375 1796 3376 1956 3376 1958 3376 1958 3377 1956 3377 1957 3377 1958 3378 1957 3378 1960 3378 1964 3379 1960 3379 1963 3379 1964 3380 1958 3380 1960 3380 1965 3381 1964 3381 1963 3381 1964 3382 1965 3382 1796 3382 1964 3383 1796 3383 1958 3383 1965 3384 1963 3384 1796 3384 1962 3385 1959 3385 1827 3385 1966 3386 1962 3386 1828 3386 1962 3387 1827 3387 1828 3387 1966 3388 1828 3388 1968 3388 1970 3389 1801 3389 1969 3389 1970 3390 1971 3390 1801 3390 1971 3391 1802 3391 1801 3391 1971 3392 1972 3392 1802 3392 1972 3393 1973 3393 1803 3393 1972 3394 1803 3394 1802 3394 1806 3395 1805 3395 1974 3395 1974 3396 1805 3396 1804 3396 1809 3397 1974 3397 1810 3397 1809 3398 1806 3398 1974 3398 1973 3399 1974 3399 1804 3399 1973 3400 1804 3400 1803 3400 1801 3401 1800 3401 1969 3401 1969 3402 1796 3402 1967 3402 1800 3403 1796 3403 1969 3403 1963 3404 1967 3404 1796 3404 1961 3405 1825 3405 1826 3405 1949 3406 1825 3406 1961 3406 1959 3407 1961 3407 1826 3407 1959 3408 1826 3408 1827 3408 1796 3409 1953 3409 1954 3409 1794 3410 1941 3410 1953 3410 1794 3411 1953 3411 1796 3411 1823 3412 1825 3412 1949 3412 1947 3413 1823 3413 1949 3413 1821 3414 1823 3414 1947 3414 1821 3415 1947 3415 1822 3415 1831 3416 1830 3416 1945 3416 1830 3417 1944 3417 1945 3417 1830 3418 1824 3418 1944 3418 1797 3419 1818 3419 1840 3419 1829 3420 1812 3420 1810 3420 1791 3421 1794 3421 1790 3421 1975 3422 1977 3422 1978 3422 1975 3423 1978 3423 1976 3423 1979 3424 1977 3424 1981 3424 1982 3425 1981 3425 1983 3425 1985 3426 1986 3426 1987 3426 1988 3427 1987 3427 1989 3427 1990 3428 1989 3428 1991 3428 1994 3429 1992 3429 1993 3429 1995 3430 1993 3430 1996 3430 1997 3431 1996 3431 1998 3431 1999 3432 1998 3432 2000 3432 2001 3433 2000 3433 2002 3433 2003 3434 2002 3434 2004 3434 2005 3435 2004 3435 2006 3435 2007 3436 2006 3436 2009 3436 2010 3437 2007 3437 2009 3437 2010 3438 2011 3438 2008 3438 2012 3439 2011 3439 2013 3439 2014 3440 2013 3440 2015 3440 2016 3441 2015 3441 2017 3441 2018 3442 2017 3442 2020 3442 2019 3443 2020 3443 2021 3443 2022 3444 2025 3444 2023 3444 2024 3445 2021 3445 2022 3445 2028 3446 2027 3446 2025 3446 2029 3447 2026 3447 2028 3447 2032 3448 2031 3448 2029 3448 2033 3449 2030 3449 2032 3449 1976 3450 1980 3450 2034 3450 2034 3451 2035 3451 2033 3451 1991 3452 1992 3452 2036 3452 1984 3453 1983 3453 1986 3453 2042 3454 2043 3454 2041 3454 2041 3455 2045 3455 2042 3455 2041 3456 2044 3456 2046 3456 2040 3457 2049 3457 2048 3457 2048 3458 2050 3458 2051 3458 2052 3459 2048 3459 2051 3459 2042 3460 2048 3460 2052 3460 2048 3461 2053 3461 2040 3461 2054 3462 2048 3462 2055 3462 2048 3463 2045 3463 2055 3463 2042 3464 2045 3464 2048 3464 2057 3465 2058 3465 2056 3465 2052 3466 2059 3466 2042 3466 2046 3467 2061 3467 2052 3467 2066 3468 2067 3468 2065 3468 2038 3469 2068 3469 2069 3469 2070 3470 2064 3470 2067 3470 2074 3471 2060 3471 2073 3471 2072 3472 2062 3472 2063 3472 2051 3473 2071 3473 2037 3473 2037 3474 2075 3474 2051 3474 2077 3475 2051 3475 2076 3475 2077 3476 2078 3476 2051 3476 2051 3477 2078 3477 2079 3477 2080 3478 2047 3478 2051 3478 2051 3479 2047 3479 2052 3479 2047 3480 2080 3480 2045 3480 2080 3481 2055 3481 2045 3481 2082 3482 2040 3482 2081 3482 2082 3483 2083 3483 2040 3483 2040 3484 2083 3484 2084 3484 2085 3485 2086 3485 2084 3485 2086 3486 2087 3486 2084 3486 2087 3487 2040 3487 2084 3487 2085 3488 2037 3488 2086 3488 2037 3489 2088 3489 2086 3489 2089 3490 2088 3490 2037 3490 2089 3491 2037 3491 2090 3491 2037 3492 2092 3492 2090 3492 2093 3493 2092 3493 2037 3493 2093 3494 2095 3494 2096 3494 2097 3495 2093 3495 2096 3495 2093 3496 2098 3496 2099 3496 2037 3497 2098 3497 2093 3497 2100 3498 2093 3498 2099 3498 2100 3499 2095 3499 2093 3499 2101 3500 2102 3500 2093 3500 2093 3501 2102 3501 2103 3501 2105 3502 2093 3502 2104 3502 2106 3503 2107 3503 2093 3503 2093 3504 2107 3504 2108 3504 2108 3505 2109 3505 2093 3505 2093 3506 2110 3506 2101 3506 2111 3507 2112 3507 2093 3507 2113 3508 2111 3508 2093 3508 2093 3509 2112 3509 2110 3509 2113 3510 2093 3510 2114 3510 2115 3511 2114 3511 2093 3511 2093 3512 2109 3512 2116 3512 2115 3513 2093 3513 2116 3513 2117 3514 2106 3514 2093 3514 2097 3515 2117 3515 2093 3515 2120 3516 2118 3516 2121 3516 2118 3517 2119 3517 2122 3517 2118 3518 2122 3518 2121 3518 2120 3519 2121 3519 2125 3519 2108 3520 2107 3520 2124 3520 2123 3521 2108 3521 2124 3521 2126 3522 2120 3522 2125 3522 2123 3523 2127 3523 2108 3523 2108 3524 2127 3524 2129 3524 2131 3525 2108 3525 2129 3525 2131 3526 2132 3526 2108 3526 2132 3527 2133 3527 2108 3527 2133 3528 2136 3528 2108 3528 2108 3529 2136 3529 2040 3529 2040 3530 2136 3530 2139 3530 2140 3531 2040 3531 2139 3531 2140 3532 2142 3532 2040 3532 2040 3533 2142 3533 2143 3533 2147 3534 2040 3534 2143 3534 2148 3535 2146 3535 2145 3535 2148 3536 2149 3536 2146 3536 2149 3537 2150 3537 2146 3537 2149 3538 2151 3538 2150 3538 2151 3539 2153 3539 2150 3539 2156 3540 2153 3540 2151 3540 2157 3541 2153 3541 2156 3541 2159 3542 2158 3542 2155 3542 2159 3543 2160 3543 2158 3543 2152 3544 2160 3544 2040 3544 2160 3545 2159 3545 2040 3545 2155 3546 2037 3546 2159 3546 2040 3547 2159 3547 2037 3547 2155 3548 2154 3548 2037 3548 2037 3549 2154 3549 2161 3549 2162 3550 2037 3550 2161 3550 2164 3551 2037 3551 2162 3551 2163 3552 2145 3552 2144 3552 2165 3553 2163 3553 2144 3553 2163 3554 2148 3554 2145 3554 2166 3555 2168 3555 2037 3555 2164 3556 2166 3556 2037 3556 2168 3557 2098 3557 2037 3557 2169 3558 2138 3558 2137 3558 2170 3559 2169 3559 2137 3559 2169 3560 2167 3560 2138 3560 2171 3561 2170 3561 2135 3561 2170 3562 2137 3562 2135 3562 2172 3563 2171 3563 2134 3563 2171 3564 2135 3564 2134 3564 2173 3565 2172 3565 2130 3565 2172 3566 2134 3566 2130 3566 2173 3567 2130 3567 2128 3567 2119 3568 2173 3568 2128 3568 2167 3569 2141 3569 2138 3569 2167 3570 2165 3570 2141 3570 2165 3571 2144 3571 2141 3571 2147 3572 2152 3572 2040 3572 2119 3573 2128 3573 2122 3573 2174 3574 2175 3574 2101 3574 2110 3575 2174 3575 2101 3575 2101 3576 2175 3576 2176 3576 2177 3577 2101 3577 2176 3577 2177 3578 2178 3578 2101 3578 2181 3579 2101 3579 2178 3579 2181 3580 2180 3580 2101 3580 2180 3581 2182 3581 2101 3581 2186 3582 2183 3582 2185 3582 2187 3583 2186 3583 2185 3583 2101 3584 2183 3584 2186 3584 2187 3585 2188 3585 2186 3585 2186 3586 2189 3586 2108 3586 2108 3587 2190 3587 2186 3587 2192 3588 2186 3588 2191 3588 2186 3589 2190 3589 2193 3589 2192 3590 2194 3590 2186 3590 2186 3591 2194 3591 2184 3591 2195 3592 2196 3592 2186 3592 2196 3593 2189 3593 2186 3593 2197 3594 2195 3594 2186 3594 2197 3595 2186 3595 2198 3595 2198 3596 2186 3596 2199 3596 2186 3597 2188 3597 2199 3597 2184 3598 2101 3598 2186 3598 2108 3599 2189 3599 2200 3599 2201 3600 2108 3600 2200 3600 2201 3601 2202 3601 2108 3601 2203 3602 2108 3602 2202 3602 2203 3603 2204 3603 2108 3603 2204 3604 2205 3604 2108 3604 2205 3605 2109 3605 2108 3605 2207 3606 2206 3606 2101 3606 2101 3607 2206 3607 2208 3607 2209 3608 2101 3608 2208 3608 2207 3609 2101 3609 2210 3609 2207 3610 2210 3610 2191 3610 2101 3611 2211 3611 2210 3611 2210 3612 2192 3612 2191 3612 2179 3613 2211 3613 2101 3613 2212 3614 2190 3614 2108 3614 2212 3615 2108 3615 2213 3615 2108 3616 2214 3616 2213 3616 2215 3617 2108 3617 2216 3617 2216 3618 2104 3618 2215 3618 2108 3619 2217 3619 2216 3619 2216 3620 2105 3620 2104 3620 2108 3621 2094 3621 2218 3621 2182 3622 2183 3622 2101 3622 2179 3623 2101 3623 2184 3623 2040 3624 2094 3624 2108 3624 2091 3625 2094 3625 2040 3625 2052 3626 2047 3626 2046 3626 2037 3627 2039 3627 2040 3627</p>
        </triangles>
      </mesh>
    </geometry>
    <geometry id="geometry1" name="Cylinder.002_001">
      <mesh>
        <source id="cubeverts-array1">
          <float_array count="192" id="cubeverts-array1-array">0 0.008999943 0.01629924 0.001755774 0.00882703 -0.008700355 0 0.008999943 -0.008700355 0.001755774 0.00882703 0.01629924 0.003444015 0.008314847 -0.008700355 0.003444015 0.008314847 0.01629924 0.005000114 0.007483184 -0.008700355 0.005000114 0.007483184 0.01629924 0.006363809 0.006363809 -0.008700355 0.006363809 0.006363809 0.01629924 0.007483184 0.005000114 -0.008700355 0.007483184 0.005000114 0.01629924 0.008314847 0.003444015 -0.008700355 0.008314847 0.003444015 0.01629924 0.00882703 0.001755774 -0.008700355 0.00882703 0.001755774 0.01629924 0.008999943 0 -0.008700355 0.008999943 0 0.01629924 0.00882703 -0.001755774 -0.008700355 0.00882703 -0.001755774 0.01629924 0.008314847 -0.003444015 -0.008700355 0.008314847 -0.003444015 0.01629924 0.007483184 -0.005000114 -0.008700355 0.007483184 -0.005000114 0.01629924 0.006363809 -0.006363809 -0.008700355 0.006363809 -0.006363809 0.01629924 0.005000114 -0.007483184 -0.008700355 0.005000114 -0.007483184 0.01629924 0.003444015 -0.008314847 -0.008700355 0.003444015 -0.008314847 0.01629924 0.001755774 -0.00882703 -0.008700355 0.001755774 -0.00882703 0.01629924 0 -0.008999943 -0.008700355 0 -0.008999943 0.01629924 -0.001755774 -0.00882703 -0.008700355 -0.001755774 -0.00882703 0.01629924 -0.003444015 -0.008314847 -0.008700355 -0.003444015 -0.008314847 0.01629924 -0.005000114 -0.007483184 -0.008700355 -0.005000114 -0.007483184 0.01629924 -0.006363809 -0.006363809 -0.008700355 -0.006363809 -0.006363809 0.01629924 -0.007483184 -0.005000114 -0.008700355 -0.007483184 -0.005000114 0.01629924 -0.008314847 -0.003444015 -0.008700355 -0.008314847 -0.003444015 0.01629924 -0.00882703 -0.001755774 -0.008700355 -0.00882703 -0.001755774 0.01629924 -0.008999943 0 -0.008700355 -0.008999943 0 0.01629924 -0.00882703 0.001755774 -0.008700355 -0.00882703 0.001755774 0.01629924 -0.008314847 0.003444015 -0.008700355 -0.008314847 0.003444015 0.01629924 -0.007483184 0.005000114 -0.008700355 -0.007483184 0.005000114 0.01629924 -0.006363809 0.006363809 -0.008700355 -0.006363809 0.006363809 0.01629924 -0.005000114 0.007483184 -0.008700355 -0.005000114 0.007483184 0.01629924 -0.003444015 0.008314847 -0.008700355 -0.003444015 0.008314847 0.01629924 -0.001755774 0.00882703 -0.008700355 -0.001755774 0.00882703 0.01629924</float_array>
          <technique_common>
            <accessor count="64" source="#cubeverts-array1-array" stride="3">
              <param type="float" name="X" />
              <param type="float" name="Y" />
              <param type="float" name="Z" />
            </accessor>
          </technique_common>
        </source>
        <source id="cubenormals-array1">
          <float_array count="372" id="cubenormals-array1-array">0.09800813 0.9951856 0 0.2903163 0.9569308 0 0.4713574 0.8819423 0 0.6344675 0.7729495 0 0.7729495 0.6344675 0 0.8819423 0.4713574 0 0.9569308 0.2903163 0 0.9951856 0.09800813 0 0.9951856 -0.09800813 0 0.9569308 -0.2903163 0 0.8819423 -0.4713574 0 0.7729495 -0.6344675 0 0.6344675 -0.7729495 0 0.4713574 -0.8819423 0 0.2903163 -0.9569308 0 0.09800813 -0.9951856 0 -0.09800813 -0.9951856 -0 -0.2903163 -0.9569308 -0 -0.4713574 -0.8819423 -0 -0.6344675 -0.7729495 -0 -0.7729495 -0.6344675 -0 -0.8819423 -0.4713574 -0 -0.9569308 -0.2903163 -0 -0.9951856 -0.09800813 -0 -0.9951856 0.09800813 0 -0.9569308 0.2903163 0 -0.8819423 0.4713574 0 -0.7729495 0.6344675 0 -0.6344675 0.7729495 0 -0.4713574 0.8819423 0 0 0 1 -0.2903163 0.9569308 0 -0.09800813 0.9951856 0 0 0 -1 0.09800813 0.9951856 0 0.2903163 0.9569308 0 0.4713574 0.8819423 0 0.6344675 0.7729495 0 0.7729495 0.6344675 0 0.8819423 0.4713574 0 0.9569308 0.2903163 0 0.9951856 0.09800813 0 0.9951856 -0.09800813 0 0.9569308 -0.2903163 0 0.8819423 -0.4713574 0 0.7729495 -0.6344675 0 0.6344675 -0.7729495 0 0.4713574 -0.8819423 0 0.2903163 -0.9569308 0 0.09800813 -0.9951856 0 -0.09800813 -0.9951856 0 -0.2903163 -0.9569308 0 -0.4713574 -0.8819423 0 -0.6344675 -0.7729495 0 -0.7729495 -0.6344675 0 -0.8819423 -0.4713574 0 -0.9569308 -0.2903163 0 -0.9951856 -0.09800813 0 -0.9951856 0.09800813 0 -0.9569308 0.2903163 0 -0.8819423 0.4713574 0 -0.7729495 0.6344675 0 -0.6344675 0.7729495 0 -0.4713574 0.8819423 0 0 0 1 0 0 1 0 0 1 0 0 1 0 0 1 0 0 1 -0 0 1 -0 0 1 0 0 1 0 0 1 0 0 1 0 0 1 0 0 1 0 0 1 0 0 1 0 0 1 0 -0 1 0 0 1 0 0 1 0 0 1 -0 0 1 -0 0 1 -0 0 1 0 0 1 0 0 1 -0 0 1 -0 0 1 0 0 1 0 -0 1 -0.2903163 0.9569308 0 -0.09800813 0.9951856 0 0 0 -1 0 0 -1 0 0 -1 -0 -0 -1 -0 -0 -1 0 0 -1 0 0 -1 0 0 -1 -0 0 -1 -0 0 -1 -0 0 -1 0 0 -1 0 0 -1 0 0 -1 0 0 -1 0 0 -1 0 0 -1 0 0 -1 0 0 -1 0 0 -1 0 0 -1 0 0 -1 0 -0 -1 0 0 -1 0 0 -1 0 0 -1 0 0 -1 0 0 -1 0 0 -1</float_array>
          <technique_common>
            <accessor count="124" source="#cubenormals-array1-array" stride="3">
              <param type="float" name="X" />
              <param type="float" name="Y" />
              <param type="float" name="Z" />
            </accessor>
          </technique_common>
        </source>
        <vertices id="cubeverts-array1-vertices">
          <input semantic="POSITION" source="#cubeverts-array1" />
        </vertices>
        <triangles count="124" material="ref_Cylinder_003">
          <input offset="0" semantic="VERTEX" source="#cubeverts-array1-vertices" />
          <input offset="1" semantic="NORMAL" source="#cubenormals-array1" />
          <p>0 0 1 0 2 0 3 1 4 1 1 1 5 2 6 2 4 2 7 3 8 3 6 3 9 4 10 4 8 4 11 5 12 5 10 5 13 6 14 6 12 6 15 7 16 7 14 7 17 8 18 8 16 8 19 9 20 9 18 9 21 10 22 10 20 10 23 11 24 11 22 11 25 12 26 12 24 12 27 13 28 13 26 13 29 14 30 14 28 14 31 15 32 15 30 15 33 16 34 16 32 16 35 17 36 17 34 17 37 18 38 18 36 18 39 19 40 19 38 19 41 20 42 20 40 20 43 21 44 21 42 21 45 22 46 22 44 22 47 23 48 23 46 23 49 24 50 24 48 24 51 25 52 25 50 25 53 26 54 26 52 26 55 27 56 27 54 27 57 28 58 28 56 28 59 29 60 29 58 29 37 30 21 30 5 30 61 31 62 31 60 31 63 32 2 32 62 32 62 33 14 33 30 33 0 34 3 34 1 34 3 35 5 35 4 35 5 36 7 36 6 36 7 37 9 37 8 37 9 38 11 38 10 38 11 39 13 39 12 39 13 40 15 40 14 40 15 41 17 41 16 41 17 42 19 42 18 42 19 43 21 43 20 43 21 44 23 44 22 44 23 45 25 45 24 45 25 46 27 46 26 46 27 47 29 47 28 47 29 48 31 48 30 48 31 49 33 49 32 49 33 50 35 50 34 50 35 51 37 51 36 51 37 52 39 52 38 52 39 53 41 53 40 53 41 54 43 54 42 54 43 55 45 55 44 55 45 56 47 56 46 56 47 57 49 57 48 57 49 58 51 58 50 58 51 59 53 59 52 59 53 60 55 60 54 60 55 61 57 61 56 61 57 62 59 62 58 62 59 63 61 63 60 63 5 64 3 64 61 64 3 65 0 65 61 65 0 66 63 66 61 66 61 67 59 67 57 67 57 68 55 68 53 68 53 69 51 69 49 69 49 70 47 70 53 70 47 71 45 71 53 71 45 72 43 72 37 72 43 73 41 73 37 73 41 74 39 74 37 74 37 75 35 75 33 75 33 76 31 76 29 76 29 77 27 77 25 77 25 78 23 78 21 78 21 79 19 79 13 79 19 80 17 80 13 80 17 81 15 81 13 81 13 82 11 82 9 82 9 83 7 83 5 83 61 84 57 84 5 84 57 85 53 85 5 85 37 86 33 86 29 86 29 87 25 87 21 87 13 88 9 88 5 88 53 89 45 89 5 89 45 90 37 90 5 90 37 91 29 91 21 91 21 92 13 92 5 92 61 93 63 93 62 93 63 94 0 94 2 94 62 95 2 95 1 95 1 96 4 96 6 96 6 97 8 97 10 97 10 98 12 98 6 98 12 99 14 99 6 99 14 100 16 100 18 100 18 101 20 101 22 101 22 102 24 102 26 102 26 103 28 103 22 103 28 104 30 104 22 104 30 105 32 105 34 105 34 106 36 106 30 106 36 107 38 107 30 107 38 108 40 108 42 108 42 109 44 109 46 109 46 110 48 110 50 110 50 111 52 111 54 111 54 112 56 112 62 112 56 113 58 113 62 113 58 114 60 114 62 114 62 115 1 115 14 115 1 116 6 116 14 116 14 117 18 117 22 117 38 118 42 118 46 118 46 119 50 119 62 119 50 120 54 120 62 120 14 121 22 121 30 121 30 122 38 122 62 122 38 123 46 123 62 123</p>
        </triangles>
      </mesh>
    </geometry>
  </library_geometries>
  <library_materials>
    <material id="mat_Cylinder_002" name="Cylinder_002">
      <instance_effect url="#effect_Cylinder_002" />
    </material>
    <material id="mat_Cylinder_003" name="Cylinder_003">
      <instance_effect url="#effect_Cylinder_003" />
    </material>
  </library_materials>
  <library_visual_scenes>
    <visual_scene id="scene">
      <node id="node0" name="node0">
        <instance_geometry url="#geometry0">
          <bind_material>
            <technique_common>
              <instance_material symbol="ref_Cylinder_002" target="#mat_Cylinder_002" />
            </technique_common>
          </bind_material>
        </instance_geometry>
      </node>
      <node id="node1" name="node1">
        <instance_geometry url="#geometry1">
          <bind_material>
            <technique_common>
              <instance_material symbol="ref_Cylinder_003" target="#mat_Cylinder_003" />
            </technique_common>
          </bind_material>
        </instance_geometry>
      </node>
    </visual_scene>
  </library_visual_scenes>
  <scene>
    <instance_visual_scene url="#scene" />
  </scene>
</COLLADA>
