<COLLADA xmlns="http://www.collada.org/2005/11/COLLADASchema" version="1.4.1">
  <asset>
    <contributor />
    <created>2026-05-16T22:25:30.327203</created>
    <modified>2026-05-16T22:25:30.327206</modified>
    <unit name="meter" meter="1.0" />
    <up_axis>Z_UP</up_axis>
  </asset>
  <library_effects>
    <effect id="effect_DOBOT_Magician_mit_TOOLS_Greifer_001" name="effect_DOBOT_Magician_mit_TOOLS_Greifer_001">
      <profile_COMMON>
        <technique sid="common">
          <phong>
            <emission>
              <color>0.0 0.0 0.0 1.0</color>
            </emission>
            <ambient>
              <color>0.0 0.0 0.0 1.0</color>
            </ambient>
            <diffuse>
              <color>0.18000000715255737 0.18000000715255737 0.18000000715255737 1.0</color>
            </diffuse>
            <specular>
              <color>1 1 1 1.0</color>
            </specular>
            <shininess>
              <float>0.0</float>
            </shininess>
            <reflective>
              <color>0.0 0.0 0.0 1.0</color>
            </reflective>
            <reflectivity>
              <float>0.0</float>
            </reflectivity>
            <transparent>
              <color>0.0 0.0 0.0 1.0</color>
            </transparent>
            <transparency>
              <float>1.0</float>
            </transparency>
          </phong>
        </technique>
        <extra>
          <technique profile="GOOGLEEARTH">
            <double_sided>0</double_sided>
          </technique>
        </extra>
      </profile_COMMON>
    </effect>
  </library_effects>
  <library_geometries>
    <geometry id="geometry0" name="DOBOT_Magician-mit-TOOLS_Greifer.001_">
      <mesh>
        <source id="cubeverts-array0">
          <float_array count="3699" id="cubeverts-array0-array">-0.02584423 0.04717447 -0.03560124 -0.02580638 0.04717484 -0.03501436 -0.02565474 0.0471762 -0.03444614 -0.02576685 0.04717519 -0.03618423 -0.02551749 0.001872638 -0.03549994 -0.02538982 0.001873757 -0.03636596 -0.02538982 0.001873757 -0.03463391 -0.02501753 0.001877069 -0.03384163 -0.02501753 0.001877069 -0.03715825 -0.02557723 0.04717686 -0.03674092 -0.02499099 -0.001122824 -0.03384163 -0.02528262 0.04717944 -0.03724992 -0.02499099 -0.001122824 -0.03715825 -0.02459965 -0.001119331 -0.03763377 -0.02503772 0.04718169 -0.03345146 -0.02459599 0.04718551 -0.03306325 -0.02489446 0.04718287 -0.03769168 -0.02408702 0.04719011 -0.03276865 -0.02442757 0.04718703 -0.0380492 -0.02411953 -0.001115071 -0.03801939 -0.02314998 -0.001106469 -0.03656212 -0.02334452 -0.001108199 -0.03641316 -0.02357082 -0.001110204 -0.03829885 -0.02297665 -0.001104944 -0.03846038 -0.02389983 0.04719172 -0.03830876 -0.02293015 -0.001104532 -0.03667029 -0.02269333 -0.001102415 -0.03673345 -0.02275991 0.006397271 -0.03673345 -0.02299664 0.006395175 -0.03667029 -0.02321656 0.006393213 -0.03656212 -0.0225154 0.006399441 -0.03674922 -0.02227252 0.006401586 -0.03671699 -0.02244882 -0.001100244 -0.03674922 -0.02220592 -0.0010981 -0.03671699 -0.02197401 -0.001096035 -0.03663798 -0.02129178 -0.001089982 -0.03824977 -0.02211899 -0.001097331 -0.03847677 -0.02176196 -0.00109417 -0.03651522 -0.0220405 0.006403667 -0.03663798 -0.02182845 0.006405536 -0.03651522 -0.02164444 0.006407169 -0.03635347 -0.02157785 -0.001092518 -0.03635347 -0.02149549 0.006408486 -0.03615891 -0.02142886 -0.001091188 -0.03615891 -0.02132075 -0.001090236 -0.03593901 -0.02138734 0.006409445 -0.03593901 -0.02056265 -0.001083521 -0.03779795 -0.02001774 0.001921442 -0.03715825 -0.02124181 -0.001089542 -0.03545773 -0.02125757 -0.001089676 -0.03570226 -0.02132418 0.006409999 -0.03570226 -0.0213084 0.006410144 -0.03545773 -0.02134065 0.006409853 -0.03521483 -0.02127406 -0.00108983 -0.03521483 -0.02141961 0.006409168 -0.03498286 -0.02154235 0.006408071 -0.03477078 -0.02147577 -0.001091606 -0.03477078 -0.02135312 -0.001090537 -0.03498286 -0.02038244 -0.001081919 -0.0333661 -0.02163757 -0.001093052 -0.03458671 -0.02183208 -0.001094774 -0.03443774 -0.02170415 0.006406624 -0.03458671 -0.02086253 -0.001086174 -0.03298048 -0.02079767 0.04721927 -0.0333082 -0.02126457 0.0472151 -0.03295067 -0.02141127 -0.001091047 -0.03270103 -0.0217923 0.0472104 -0.03269111 -0.02216184 0.04720715 -0.03842084 -0.02160514 0.04721212 -0.03823122 -0.02109615 0.04721662 -0.03793663 -0.02040948 0.0472227 -0.03374995 -0.02065443 0.04722055 -0.03754841 -0.02029687 0.04722372 -0.03708146 -0.02011492 0.04722538 -0.03425895 -0.01992527 0.04722704 -0.03481564 -0.0200373 0.04722605 -0.03655374 -0.01988578 0.04722739 -0.03598552 -0.01984786 0.04722768 -0.03539863 -0.01964555 0.001924734 -0.03636596 -0.01951774 0.001925891 -0.03549994 -0.01964555 0.001924734 -0.03463391 -0.02001774 0.001921442 -0.03384163 -0.02274474 0.04720201 -0.03849823 -0.02236048 0.04720536 -0.0325395 -0.02333166 0.04719676 -0.03846038 -0.02294738 0.04720023 -0.03250165 -0.02200544 -0.001096308 -0.0325395 -0.02205194 -0.001096718 -0.0343296 -0.02228876 -0.001098839 -0.03426642 -0.02253328 -0.001101009 -0.03425065 -0.0228631 -0.00110392 -0.0325231 -0.02277617 -0.001103159 -0.0342829 -0.02369031 -0.001111268 -0.0327501 -0.02353029 0.04719498 -0.03257903 -0.02300808 -0.001105217 -0.03436191 -0.02322022 -0.001107102 -0.03448465 -0.02441945 -0.001117732 -0.03320192 -0.02340421 -0.001108726 -0.03464641 -0.02328672 0.0063926 -0.03448465 -0.0235532 -0.001110057 -0.03484097 -0.02361978 0.006389629 -0.03484097 -0.02347083 0.006390948 -0.03464641 -0.02366134 -0.001111015 -0.03506086 -0.02372793 0.00638867 -0.03506086 -0.0237245 -0.001111571 -0.03529761 -0.02374028 -0.001111709 -0.03554215 -0.02379111 0.006388109 -0.03529761 -0.02380686 0.006387972 -0.03554215 -0.02370802 -0.001111422 -0.03578506 -0.02377461 0.006388253 -0.03578506 -0.02369556 0.006388968 -0.03601702 -0.02362907 -0.001110737 -0.03601702 -0.02357291 0.006390036 -0.0362291 -0.02350629 -0.001109639 -0.0362291 -0.02341112 0.006391481 -0.03641316 -0.02307467 0.006394471 -0.03436191 -0.02284275 0.006396529 -0.0342829 -0.02259977 0.006398696 -0.03425065 -0.02235526 0.006400865 -0.03426642 -0.02211853 0.006402962 -0.0343296 -0.02189871 0.006404903 -0.03443774 -0.02539515 0.04717844 -0.03391841 0.004047777 -0.005365252 -0.0569999 0.004102888 -0.01157272 -0.05637288 0.004047046 -0.005288411 -0.05778025 0.004047777 -0.005365252 -0.05637288 -0.003952579 -0.005359394 -0.05778025 -0.003951908 -0.005436249 -0.0569999 0.004263007 -0.00536333 -0.05507849 0.004885461 -0.005357818 -0.05392339 0.004341038 -0.01192326 -0.0550219 -0.003907555 -0.01043606 -0.06099989 -0.003866582 -0.01504903 -0.04332616 0.004936018 -0.01220127 -0.05393659 -0.003951908 -0.005436249 -0.04332616 -0.003907555 -0.01043606 -0.04824991 -0.004013152 -0.005436798 -0.04272311 -0.003962303 -0.01524967 -0.04256077 0.004133102 -0.01497803 -0.04332616 0.004657516 -0.01448377 -0.04520182 -0.003897226 -0.01159083 -0.04997826 0.004390655 -0.01461105 -0.04472329 0.004205905 -0.0147583 -0.04416544 0.004132649 -0.01493268 -0.04349992 -0.003896614 -0.01166197 -0.04925605 -0.003896425 -0.01168598 -0.04949991 -0.003896614 -0.01166197 -0.04974377 -0.003898312 -0.01147534 -0.04880545 -0.003905373 -0.0106799 -0.04827393 -0.003903216 -0.01091436 -0.04834506 -0.003899739 -0.0113199 -0.04861603 0.007101259 -0.01137771 -0.04880545 0.007102284 -0.01149321 -0.04902156 0.007099833 -0.01122227 -0.04861603 0.007125572 -0.01412303 -0.04649992 0.007098183 -0.01103285 -0.04846057 0.007096295 -0.01081674 -0.04834506 0.007094198 -0.01058227 -0.04827393 0.007092015 -0.01033842 -0.04824991 -0.003909677 -0.01019219 -0.04827393 0.007047666 -0.005338624 -0.04649992 -0.003911775 -0.009957715 -0.04834506 0.007087794 -0.009860076 -0.04834506 0.007085846 -0.009643984 -0.04846057 -0.003913666 -0.009741599 -0.04846057 0.007084138 -0.009454575 -0.04861603 -0.003915433 -0.009552215 -0.04861603 -0.003917767 -0.00928124 -0.04902156 -0.003918439 -0.009210117 -0.04925605 0.007081745 -0.009183623 -0.04902156 0.007081134 -0.009112488 -0.04925605 0.007080942 -0.00908846 -0.04949991 -0.003918628 -0.009186106 -0.04949991 0.007081134 -0.009112488 -0.04974377 0.007047666 -0.005338624 -0.0524999 0.006417707 -0.01249855 -0.05274731 0.005848257 -0.005349256 -0.05303188 0.005899632 -0.005348822 -0.04627156 0.006462397 -0.005343812 -0.04644228 0.00711176 -0.01255697 -0.0524999 0.00708989 -0.01009455 -0.05072588 0.007081745 -0.009183623 -0.04997826 0.007082831 -0.009299117 -0.05019437 0.007084138 -0.009454575 -0.05038379 0.007085846 -0.009643984 -0.05053925 0.007087794 -0.009860076 -0.05065476 0.006444316 -0.01414955 -0.04642149 0.005880921 -0.01420474 -0.04622921 0.005381045 -0.005353412 -0.04599433 0.005402088 -0.01428049 -0.0459553 0.005838831 -0.01241673 -0.05308048 0.004996271 -0.01437395 -0.04561098 0.004553299 -0.005360765 -0.04516663 0.004926394 -0.005357447 -0.04562124 0.004276133 -0.005363222 -0.04464797 0.004105456 -0.005364726 -0.04408519 4.796369e-05 -0.005400741 -0.04049993 0.004047777 -0.005365252 -0.04349992 0.001023329 -0.005392104 -0.04040385 0.004047777 -0.005365252 -0.04332616 0.004113834 -0.005364665 -0.04269999 0.001961254 -0.005383772 -0.04011933 0.004232307 -0.01517696 -0.04256077 0.004309189 -0.005362914 -0.04210142 0.002825626 -0.005376112 -0.03965728 0.002958796 -0.02037547 -0.03965728 0.002050014 -0.01538335 -0.04011933 0.001004578 -0.00539226 -0.03780963 0.001156497 -0.02039146 -0.04040385 0.0005356157 -0.005396425 -0.03795189 0.002094424 -0.02038313 -0.04011933 0.0006687278 -0.02039581 -0.03795189 0.00113775 -0.02039163 -0.03780963 0.001569965 -0.02038779 -0.0375786 0.001436795 -0.005388427 -0.0375786 0.003583313 -0.005369373 -0.03903546 0.001815638 -0.005385057 -0.0372677 0.001948751 -0.02038444 -0.0372677 0.004205138 -0.005363847 -0.03827778 0.002126492 -0.005382311 -0.03688887 0.002259661 -0.02038167 -0.03688887 0.004667164 -0.005359748 -0.03741336 0.002357475 -0.005380264 -0.03645665 0.002490705 -0.02037961 -0.03645665 0.006547701 -0.005343049 -0.0392416 0.004951701 -0.005357211 -0.03647539 0.004800216 -0.02035914 -0.03741336 0.005040464 -0.0153568 -0.03647539 0.00433825 -0.02036323 -0.03827778 0.004755925 -0.01535933 -0.03741336 0.006636464 -0.01534263 -0.0392416 0.005075586 -0.008497844 -0.03549994 0.005136519 -0.01535594 -0.03549994 0.004293838 -0.01536344 -0.03827778 0.005960268 -0.01534864 -0.04022574 0.006636464 -0.01534263 -0.03175829 0.006547701 -0.005343049 -0.03175829 0.003672074 -0.01536895 -0.03903546 0.005871506 -0.005349053 -0.04022574 0.005136519 -0.01535594 -0.04109009 0.002914384 -0.01537568 -0.03965728 0.00452807 -0.01536136 -0.04184422 0.001112088 -0.01539168 -0.04040385 0.0001367249 -0.01540032 -0.04049993 0.004625045 -0.005360132 -0.04155678 -0.004254679 -0.0154393 -0.04184422 -0.0009274597 -0.005409399 -0.04040385 -0.0008386979 -0.01540898 -0.04040385 -0.001865324 -0.005417717 -0.04011933 -0.001776684 -0.01541732 -0.04011933 -0.002641113 -0.01542501 -0.03965728 -0.002729874 -0.005425425 -0.03965728 -0.003398684 -0.01543171 -0.03903546 -0.00486307 -0.0154447 -0.04109009 -0.003487443 -0.005432129 -0.03903546 -0.004488113 -0.005441018 -0.04161448 -0.00488246 -0.005444509 -0.04115417 -0.004194386 -0.005438415 -0.04214469 -0.001732274 -0.0204171 -0.04011933 -0.0009087118 -0.005409228 -0.03780963 -0.003354334 -0.0204315 -0.03903546 -0.001340925 -0.005413076 -0.0375786 -0.002596644 -0.02042477 -0.03965728 -0.0007943474 -0.02040878 -0.04040385 -0.0007755994 -0.02040861 -0.03780963 -0.0003066356 -0.02040446 -0.03795189 0.0001810156 -0.02040013 -0.04049993 0.0001810156 -0.02040013 -0.03799994 4.796369e-05 -0.005400741 -0.03799994 -0.0004397458 -0.005405077 -0.03795189 -0.001207814 -0.02041246 -0.0375786 -0.001586659 -0.02041582 -0.0372677 -0.001719768 -0.005416445 -0.0372677 -0.002030622 -0.00541919 -0.03688887 -0.004109269 -0.005437655 -0.03827778 -0.004571236 -0.005441741 -0.03741336 -0.004438183 -0.02044114 -0.03741336 -0.003976097 -0.02043702 -0.03827778 -0.006752501 -0.005461107 -0.04049993 -0.005761891 -0.005452307 -0.04066822 -0.004020506 -0.01543724 -0.03827778 -0.005735257 -0.008452186 -0.04066822 -0.00672587 -0.008460972 -0.04049993 -0.004855824 -0.008444387 -0.04115417 -0.004925195 -0.008444993 -0.04109009 -0.005919739 -0.008453835 -0.04000724 -0.005946169 -0.01545432 -0.03988692 -0.006683806 -0.008460608 -0.03875116 -0.007188205 -0.008465089 -0.03737014 -0.006745858 -0.01546142 -0.03847935 -0.004482535 -0.01544133 -0.03741336 -0.007224877 -0.01546568 -0.03693297 -0.004767075 -0.01544386 -0.03647539 -0.00486307 -0.0154447 -0.03549994 -0.007360865 -0.01546689 -0.03531982 -0.00741356 -0.008467096 -0.03591724 -0.00495183 -0.005445122 -0.03549994 -0.004767075 -0.01544386 -0.0345245 -0.004855835 -0.005444283 -0.03647539 -0.004722604 -0.02044363 -0.03647539 -0.002261723 -0.005421266 -0.03645665 -0.002403905 -0.005422505 -0.03598768 -0.002451962 -0.005422938 -0.03549994 -0.004818778 -0.02044451 -0.03549994 -0.002270734 -0.02042187 -0.03598768 -0.002128556 -0.02042062 -0.03645665 -0.001897512 -0.02041857 -0.03688887 -0.002318851 -0.02042232 -0.03549994 -0.002270734 -0.02042187 -0.03501221 -0.002403905 -0.005422505 -0.03501221 -0.002261723 -0.005421266 -0.03454323 -0.002128556 -0.02042062 -0.03454323 -0.004722604 -0.02044363 -0.0345245 -0.004438183 -0.02044114 -0.03358652 -0.004855835 -0.005444283 -0.0345245 -0.004571236 -0.005441741 -0.03358652 -0.003976097 -0.02043702 -0.03272209 -0.001897512 -0.02041857 -0.03411101 -0.005542031 -0.00545037 -0.03049996 -0.004109269 -0.005437655 -0.03272209 -0.002030622 -0.00541919 -0.03411101 -0.004482535 -0.01544133 -0.03358652 -0.004020506 -0.01543724 -0.03272209 -0.006594867 -0.01546009 -0.03219346 -0.007147573 -0.01546499 -0.03371506 -0.00700316 -0.008463433 -0.03301981 -0.007351004 -0.008466529 -0.03444832 -0.02103874 -0.008588013 -0.03492592 -0.0199912 -0.00107845 -0.03983007 -0.02053773 -0.005583451 -0.04011933 -0.02119698 -0.001089136 -0.04032956 -0.01967336 -0.005575776 -0.03965728 -0.0200134 0.001421437 -0.03116982 -0.0200134 0.001421437 -0.03983007 -0.0199912 -0.00107845 -0.03116982 -0.01897786 0.001430641 -0.03903546 -0.0219171 -0.001095544 -0.03688575 -0.0224245 -0.00860031 -0.04049993 -0.0224245 -0.00860031 -0.03699994 -0.02339993 -0.008608976 -0.04040385 -0.02249112 -0.001100647 -0.04049993 -0.02378514 -0.001112122 -0.04032956 -0.02245114 -0.005600447 -0.04049993 -0.02147565 -0.005591774 -0.04040385 -0.0243378 -0.008617288 -0.04011933 -0.02499099 -0.001122824 -0.03983007 -0.02604868 0.001367878 -0.03903546 -0.02520222 -0.008624967 -0.03965728 -0.0250132 0.00137707 -0.03983007 -0.0250132 0.00137707 -0.03116982 -0.02499099 -0.001122824 -0.03116982 -0.02389558 -0.008613367 -0.03579257 -0.02732825 -0.008643841 -0.03647539 -0.02704371 -0.00864132 -0.03741336 -0.0273427 0.001356397 -0.03679403 -0.02684324 0.001360823 -0.03799994 -0.02658162 -0.008637197 -0.03827778 -0.02595991 -0.008631707 -0.03903546 -0.02325776 -0.008607693 -0.03674714 -0.02684324 0.001360823 -0.03299994 -0.0273427 0.001356397 -0.03420584 -0.02704371 -0.00864132 -0.03358652 -0.02751306 0.00135488 -0.03549994 -0.02732825 -0.008643841 -0.0345245 -0.0274243 -0.008644692 -0.03549994 -0.02389558 -0.008613367 -0.0352073 -0.02595991 -0.008631707 -0.03196442 -0.02658162 -0.008637197 -0.03272209 -0.02325776 -0.008607693 -0.03425274 -0.02520222 -0.008624967 -0.03134261 -0.0243378 -0.008617288 -0.03088056 -0.02378514 -0.001112122 -0.03067033 -0.02339993 -0.008608976 -0.03059603 -0.0224245 -0.00860031 -0.03049996 -0.02245114 -0.005600447 -0.03049996 -0.02249112 -0.001100647 -0.03049996 -0.02147565 -0.005591774 -0.03059603 -0.02053773 -0.005583451 -0.03088056 -0.02119698 -0.001089136 -0.03067033 -0.02219846 -0.001098038 -0.03402876 -0.0219171 -0.001095544 -0.03411413 -0.01967336 -0.005575776 -0.03134261 -0.01897786 0.001430641 -0.03196442 -0.01891573 -0.005569065 -0.03196442 -0.01829391 -0.005563532 -0.03272209 -0.01783194 -0.005559446 -0.03358652 -0.0181833 0.001437696 -0.03299994 -0.01768383 0.001442126 -0.03679403 -0.0181833 0.001437696 -0.03799994 -0.01768383 0.001442126 -0.03420584 -0.01783194 -0.005559446 -0.03741336 -0.01829391 -0.005563532 -0.03827778 -0.01891573 -0.005569065 -0.03903546 -0.01754741 -0.005556919 -0.03647539 -0.01751347 0.001443642 -0.03549994 -0.01745135 -0.005556067 -0.03549994 -0.01754741 -0.005556919 -0.0345245 -0.00638339 -0.00845795 -0.03168661 -0.005515396 -0.008450242 -0.03049996 -0.005728501 -0.01545239 -0.03082592 -0.004588902 -0.01544227 -0.02967614 -0.003398684 -0.01543171 -0.03196442 -0.003487443 -0.005432129 -0.03196442 -0.002729874 -0.005425425 -0.03134261 -0.002641113 -0.01542501 -0.03134261 -0.002596644 -0.02042477 -0.03134261 -0.004216764 -0.005438589 -0.02933065 -0.001340925 -0.005413076 -0.03342128 -0.001865324 -0.005417717 -0.03088056 -0.0009087118 -0.005409228 -0.03319024 -0.001776684 -0.01541732 -0.03088056 -0.0008386979 -0.01540898 -0.03059603 -0.0009274597 -0.005409399 -0.03059603 -0.001712626 -0.01541676 -0.02823153 -0.003229133 -0.01543021 -0.0287977 -0.002654824 -0.005424729 -0.02850392 -0.0009428287 -0.005409553 -0.02806568 4.796369e-05 -0.005400741 -0.03049996 0.0008242826 -0.005393873 -0.02804025 -0.0001098767 -0.01540253 -0.02800401 0.001504372 -0.0153882 -0.02812573 0.0001367249 -0.01540032 -0.03049996 0.001112088 -0.01539168 -0.03059603 0.001023329 -0.005392104 -0.03059603 0.00254827 -0.005378566 -0.02842904 0.001961254 -0.005383772 -0.03088056 0.002094424 -0.02038313 -0.03088056 0.0005356157 -0.005396425 -0.03304798 0.001156497 -0.02039146 -0.03059603 4.796369e-05 -0.005400741 -0.03299994 0.001004578 -0.00539226 -0.03319024 0.0006687278 -0.02039581 -0.03304798 0.0001810156 -0.02040013 -0.03299994 -0.0007943474 -0.02040878 -0.03059603 -0.0003066356 -0.02040446 -0.03304798 0.0001810156 -0.02040013 -0.03049996 -0.001732274 -0.0204171 -0.03088056 -0.0007755994 -0.02040861 -0.03319024 -0.001207814 -0.02041246 -0.03342128 -0.0004397458 -0.005405077 -0.03304798 -0.001586659 -0.02041582 -0.03373218 -0.003354334 -0.0204315 -0.03196442 -0.001719768 -0.005416445 -0.03373218 0.00113775 -0.02039163 -0.03319024 0.001569965 -0.02038779 -0.03342128 0.002958796 -0.02037547 -0.03134261 0.002825626 -0.005376112 -0.03134261 0.003716424 -0.02036875 -0.03196442 0.004133396 -0.005364496 -0.02921047 0.003583313 -0.005369373 -0.03196442 0.002914384 -0.01537568 -0.03134261 0.001436795 -0.005388427 -0.03342128 0.001815638 -0.005385057 -0.03373218 0.002126492 -0.005382311 -0.03411101 0.004205138 -0.005363847 -0.03272209 0.001948751 -0.02038444 -0.03373218 0.002259661 -0.02038167 -0.03411101 0.00433825 -0.02036323 -0.03272209 0.002357475 -0.005380264 -0.03454323 0.002490705 -0.02037961 -0.03454323 0.004800216 -0.02035914 -0.03358652 0.004667164 -0.005359748 -0.03358652 0.005084754 -0.02035661 -0.0345245 0.004293838 -0.01536344 -0.03272209 0.004951701 -0.005357211 -0.0345245 0.004755925 -0.01535933 -0.03358652 0.003672074 -0.01536895 -0.03196442 0.005682164 -0.0153511 -0.03045062 0.004469389 -0.01536189 -0.02937821 0.003054874 -0.01537444 -0.02859102 0.005491722 -0.00535242 -0.03034116 0.002050014 -0.01538335 -0.03088056 0.005040464 -0.0153568 -0.0345245 0.005047759 -0.005356367 -0.03549994 0.002499834 -0.005378983 -0.03501221 0.002547832 -0.005378564 -0.03549994 0.002499834 -0.005378983 -0.03598768 0.005180809 -0.02035575 -0.03549994 0.005084754 -0.02035661 -0.03647539 0.002680943 -0.02037794 -0.03549994 0.002632886 -0.02037838 -0.03501221 0.002632886 -0.02037838 -0.03598768 -0.02604868 0.001367878 -0.03196442 0.005047759 -0.005356367 -0.04109009 0.003716424 -0.02036875 -0.03903546 0.007092015 -0.01033842 -0.05074991 -0.003907555 -0.01043606 -0.05074991 -0.003909677 -0.01019219 -0.05072588 0.007094198 -0.01058227 -0.05072588 -0.003905373 -0.0106799 -0.05072588 -0.003903216 -0.01091436 -0.05065476 0.007098183 -0.01103285 -0.05053925 0.007096295 -0.01081674 -0.05065476 0.007099833 -0.01122227 -0.05038379 -0.003899739 -0.0113199 -0.05038379 -0.003898312 -0.01147534 -0.05019437 0.007102284 -0.01149321 -0.04997826 0.007102955 -0.01156433 -0.04974377 0.007103147 -0.01158836 -0.04949991 0.007102955 -0.01156433 -0.04925605 -0.003911775 -0.009957715 -0.05065476 -0.003913666 -0.009741599 -0.05053925 -0.003915433 -0.009552215 -0.05038379 -0.003917767 -0.00928124 -0.04997826 -0.003918439 -0.009210117 -0.04974377 0.004092127 -0.01036505 -0.06099989 -0.003987399 -0.001436421 -0.06799989 -0.003980766 -0.002179799 -0.06941873 -0.003967695 -0.003658609 -0.06032577 -0.003962262 -0.004264722 -0.05982832 -0.003957855 -0.004762154 -0.05922217 -0.003954602 -0.005131787 -0.05853062 -0.003978541 -0.002436385 -0.07099988 -0.003960766 -0.004436284 -0.07590372 0.004038918 -0.004365289 -0.07590372 0.004012283 -0.00136541 -0.06799989 0.004018856 -0.002108803 -0.06941873 0.004021142 -0.002365374 -0.07099988 0.004031988 -0.003587606 -0.06032577 0.004037419 -0.004193711 -0.05982832 0.004041829 -0.00469115 -0.05922217 0.004045079 -0.005060776 -0.05853062 0.004018856 -0.002108803 -0.07258102 -0.003980766 -0.002179799 -0.07258102 0.004012283 -0.00136541 -0.07399988 -0.003987399 -0.001436421 -0.07399988 -0.003991829 -0.0009364349 -0.07699986 0.004012283 -0.00136541 -0.07699986 0.004007854 -0.0008654312 -0.07699986 -0.003987399 -0.001436421 -0.07699986 0.00402592 -0.002896067 -0.06069541 -0.003973762 -0.002967078 -0.06069541 0.004019135 -0.002145756 -0.06092302 -0.003980545 -0.002216767 -0.06092302 0.004012283 -0.00136541 -0.06099989 -0.003987399 -0.001436421 -0.06099989 -0.02131235 0.006610121 -0.03541459 -0.02131973 0.006610048 -0.03565952 -0.0213746 0.006609569 -0.03589832 -0.02135303 0.006609748 -0.03517293 -0.02106072 0.006362347 -0.03539752 -0.02106953 0.006362265 -0.03569144 -0.02113546 0.006361679 -0.035978 -0.02092971 -0.009387073 -0.03569144 -0.01981087 -0.009377147 -0.03637639 -0.02003191 -0.009379097 -0.03686805 -0.01977545 -0.00937866 -0.03636526 -0.02007362 -0.009381296 -0.03699511 -0.02034476 -0.0093819 -0.03730716 -0.01969006 -0.009376086 -0.03585103 -0.01971971 -0.009392582 -0.03638346 -0.01958472 -0.00939138 -0.03568483 -0.01964327 -0.009377486 -0.03568102 -0.01967399 -0.009375952 -0.03531216 -0.01976324 -0.009376719 -0.03478052 -0.01968546 -0.009377877 -0.03498541 -0.01989925 -0.009379776 -0.03432213 -0.01962778 -0.00939177 -0.03497458 -0.01984607 -0.009393714 -0.03429735 -0.01979747 -0.009421289 -0.03427473 -0.01957506 -0.009419307 -0.03496471 -0.0195304 -0.009458888 -0.03495636 -0.01975626 -0.009460886 -0.03425562 -0.01953124 -0.009418925 -0.03568831 -0.01948591 -0.009458491 -0.03569125 -0.01966873 -0.009420137 -0.03640008 -0.01997902 -0.009422916 -0.03705529 -0.02002418 -0.009395288 -0.03702658 -0.01962552 -0.009459722 -0.03641411 -0.01945135 -0.009507803 -0.03569348 -0.01959254 -0.009509027 -0.03642477 -0.01994056 -0.009462527 -0.03707954 -0.01991126 -0.009511856 -0.03709797 -0.02041114 -0.009466698 -0.03764573 -0.0204423 -0.009426999 -0.03761277 -0.02102976 -0.009432215 -0.03803749 -0.02105561 -0.009404441 -0.03799066 -0.02047903 -0.009399321 -0.03757378 -0.02051908 -0.00938526 -0.03753103 -0.02108379 -0.009390259 -0.03793932 -0.0207371 -0.009385371 -0.03767682 -0.02150085 -0.00939215 -0.03668732 -0.02128687 -0.009390255 -0.0364857 -0.02119407 -0.009389428 -0.03796281 -0.02173235 -0.009396028 -0.03819434 -0.02169803 -0.009393904 -0.03815416 -0.0218899 0.006354977 -0.03684333 -0.02164067 0.006357194 -0.03668732 -0.02216481 0.00635254 -0.0369477 -0.02222967 -0.009398624 -0.03824352 -0.02276845 -0.009403397 -0.03822743 -0.02242393 -0.009402168 -0.03828006 -0.02289543 -0.009404529 -0.03692172 -0.02277466 -0.009408257 -0.03827581 -0.02311506 -0.009408292 -0.03819109 -0.02329384 -0.009408077 -0.03810653 -0.0231636 -0.009406907 -0.03680113 -0.02376239 -0.009414042 -0.03793303 -0.02378542 -0.009412419 -0.03788546 -0.02422458 -0.009416327 -0.03757271 -0.02432522 -0.009419043 -0.03752208 -0.02459423 -0.009419614 -0.03718032 -0.02488021 -0.009422153 -0.03672336 -0.02476818 -0.009422987 -0.03698409 -0.0248175 -0.009437838 -0.03701532 -0.02506335 -0.009425591 -0.03635283 -0.02436522 -0.009433815 -0.03756466 -0.02440162 -0.009462161 -0.03760346 -0.02379058 -0.009428724 -0.03798425 -0.02381616 -0.009456961 -0.03803094 -0.02383757 -0.009497101 -0.03807042 -0.02314278 -0.009450975 -0.0382994 -0.02315374 -0.009491042 -0.03834307 -0.02316194 -0.009540727 -0.03837621 -0.02279041 -0.009476823 -0.03840277 -0.02279398 -0.009514738 -0.03843359 -0.02279659 -0.009557981 -0.03845652 -0.02242355 -0.009484563 -0.03843705 -0.02242312 -0.009534146 -0.03847129 -0.02168405 -0.009527596 -0.03837967 -0.02167827 -0.009583897 -0.03840039 -0.02242271 -0.009590499 -0.03849266 -0.02169292 -0.009478076 -0.03834649 -0.02099092 -0.009521443 -0.03810711 -0.02098014 -0.009577701 -0.03812586 -0.02100778 -0.009471992 -0.03807707 -0.02170439 -0.009438211 -0.03830278 -0.02242383 -0.009444604 -0.03839194 -0.02278585 -0.009445691 -0.03836518 -0.02278046 -0.009422522 -0.03832232 -0.02242387 -0.009416574 -0.03833857 -0.02312969 -0.009422867 -0.03824773 -0.02171781 -0.009410325 -0.03825106 -0.02038741 -0.009516107 -0.03767073 -0.02037225 -0.009572306 -0.03768636 -0.01989273 -0.009568048 -0.03710946 -0.02058215 -0.009634012 -0.03787471 -0.02015406 -0.009630205 -0.03747145 -0.02055989 -0.01213389 -0.03787471 -0.02013191 -0.01213011 -0.03747145 -0.0198129 -0.009627179 -0.03699242 -0.01979069 -0.01212707 -0.03699242 -0.01957174 -0.009625034 -0.03645604 -0.01957175 -0.009565203 -0.03643142 -0.01954959 -0.01212495 -0.03645604 -0.01943987 -0.009623859 -0.03588293 -0.01941772 -0.01212377 -0.03588293 -0.01942236 -0.009623724 -0.03529509 -0.01942939 -0.009563929 -0.03569488 -0.01947476 -0.009564331 -0.03494607 -0.01951973 -0.009624557 -0.03471512 -0.01970492 -0.009566386 -0.03423206 -0.0194963 -0.00950818 -0.03495002 -0.01972483 -0.00951022 -0.03424112 -0.02010539 -0.009569946 -0.03359772 -0.02012243 -0.009513747 -0.03361131 -0.02065104 -0.009574784 -0.03308291 -0.02044372 -0.009632775 -0.03323872 -0.0200405 -0.009629203 -0.03366679 -0.02001836 -0.0121291 -0.03366679 -0.02042158 -0.01213267 -0.03323872 -0.02092269 -0.009637006 -0.03289754 -0.02090054 -0.01213692 -0.03289754 -0.02145914 -0.009641792 -0.03265638 -0.02130749 -0.009580601 -0.03271997 -0.02203551 -0.00955124 -0.03254337 -0.02203327 -0.009598114 -0.03252925 -0.02066414 -0.009518548 -0.03310017 -0.02131596 -0.009524338 -0.03273981 -0.02278171 -0.009537354 -0.03255114 -0.02278375 -0.009593696 -0.03252994 -0.02262005 -0.009652104 -0.03250695 -0.02203885 -0.009508036 -0.03256628 -0.02277795 -0.009487716 -0.03258511 -0.02204316 -0.009470193 -0.03259711 -0.02132907 -0.009474846 -0.03277163 -0.02068475 -0.009469126 -0.03312782 -0.02134611 -0.00943503 -0.03281352 -0.02071172 -0.009429407 -0.03316426 -0.02014923 -0.009464368 -0.03363307 -0.02018438 -0.009424705 -0.03366174 -0.02022591 -0.009397087 -0.03369566 -0.02027122 -0.00938307 -0.03373285 -0.02074344 -0.009401684 -0.03320735 -0.02077806 -0.009387556 -0.03325461 -0.02136614 -0.009407206 -0.0328631 -0.02138789 -0.009392965 -0.03291746 -0.02206002 -0.009401906 -0.03272407 -0.02205389 -0.009416076 -0.03267756 -0.02154098 -0.0093925 -0.03289334 -0.02206637 -0.00939718 -0.03277245 -0.02260514 -0.009401949 -0.03275637 -0.02275933 -0.009405149 -0.03274092 -0.02276635 -0.00941961 -0.03268284 -0.02345598 -0.00942575 -0.03285818 -0.02347525 -0.009453922 -0.03280853 -0.02277275 -0.009447701 -0.03262989 -0.02349141 -0.009494031 -0.03276654 -0.02204822 -0.009439143 -0.03263469 -0.02350348 -0.009543745 -0.03273467 -0.02415705 -0.009549553 -0.03309196 -0.02413741 -0.009499784 -0.0331197 -0.02470119 -0.009554389 -0.03360055 -0.02471703 -0.009610862 -0.03358689 -0.02416902 -0.009606007 -0.03307464 -0.0242483 -0.009666554 -0.03312517 -0.02374977 -0.009662122 -0.03281316 -0.02351088 -0.009600184 -0.03271478 -0.0232 -0.009657245 -0.03260442 -0.02259779 -0.01215198 -0.03250695 -0.02317774 -0.01215713 -0.03260442 -0.02276051 -0.01221325 -0.03252994 -0.02201008 -0.01214678 -0.03252451 -0.02203222 -0.009646875 -0.03252451 -0.02201016 -0.01219554 -0.03252925 -0.0220116 -0.01224246 -0.03254337 -0.02143688 -0.01214167 -0.03265638 -0.0212843 -0.01220017 -0.03271997 -0.0212917 -0.01225658 -0.03273981 -0.02062779 -0.01219434 -0.03308291 -0.0220142 -0.01228571 -0.03256628 -0.02130385 -0.01230627 -0.03277163 -0.02063989 -0.01225079 -0.03310017 -0.02132031 -0.01234641 -0.03281352 -0.02065964 -0.01230058 -0.03312782 -0.02201777 -0.01232362 -0.03259711 -0.02274682 -0.01235905 -0.03262989 -0.02275279 -0.01231915 -0.03258511 -0.02202233 -0.01235475 -0.03263469 -0.02344945 -0.0123653 -0.03280853 -0.0234663 -0.01232548 -0.03276654 -0.0227574 -0.01226959 -0.03255114 -0.02347928 -0.012276 -0.03273467 -0.02413273 -0.01228179 -0.03309196 -0.02348757 -0.01221971 -0.03271478 -0.02411231 -0.01233122 -0.0331197 -0.02465014 -0.01233599 -0.03362243 -0.02467687 -0.01228662 -0.03360055 -0.02414577 -0.01222555 -0.03307464 -0.02469379 -0.01223041 -0.03358689 -0.02422604 -0.01216643 -0.03312517 -0.02372757 -0.01216201 -0.03281316 -0.02499529 -0.01217327 -0.03400744 -0.02509731 -0.01223401 -0.03421934 -0.02507741 -0.01229017 -0.03422848 -0.02465413 -0.01217024 -0.03352842 -0.02501749 -0.009673374 -0.03400744 -0.02525859 -0.009675507 -0.03454382 -0.02467627 -0.009670336 -0.03352842 -0.02523645 -0.01217541 -0.03454382 -0.02512045 -0.00961444 -0.03421934 -0.02535398 -0.009616525 -0.03493226 -0.02539046 -0.009676673 -0.03511696 -0.02540285 -0.009616956 -0.03568084 -0.02540808 -0.00967685 -0.03570479 -0.02536832 -0.01217658 -0.03511696 -0.02538582 -0.01217672 -0.03570479 -0.02537961 -0.01223652 -0.03568084 -0.02533074 -0.01223607 -0.03493226 -0.02535776 -0.01229267 -0.03567954 -0.02521996 -0.01229145 -0.0364115 -0.02524075 -0.01223527 -0.03641806 -0.02528832 -0.01217585 -0.03628475 -0.02518691 -0.01234075 -0.03640101 -0.02532315 -0.01234197 -0.03567747 -0.02530927 -0.01229224 -0.0349363 -0.02527521 -0.01234154 -0.0349428 -0.02523056 -0.01238111 -0.03495136 -0.02527775 -0.01238152 -0.03567475 -0.02504611 -0.01233951 -0.03424313 -0.0250049 -0.01237909 -0.03426243 -0.02517784 -0.01240864 -0.03496148 -0.02495648 -0.01240669 -0.03428528 -0.02461511 -0.01237565 -0.03365127 -0.02512029 -0.01242255 -0.03497259 -0.02490343 -0.01242064 -0.03431032 -0.02457376 -0.01240328 -0.03368538 -0.02452865 -0.01241731 -0.03372279 -0.02405399 -0.01239868 -0.03319951 -0.02408553 -0.01237096 -0.03315626 -0.02401957 -0.01241279 -0.03324693 -0.0234296 -0.01239312 -0.03285818 -0.02407108 -0.01241507 -0.03332306 -0.02361412 -0.01241101 -0.03303706 -0.02340811 -0.01240736 -0.03291264 -0.02311016 -0.01240654 -0.03284573 -0.02274003 -0.01238701 -0.03268284 -0.02273273 -0.01240136 -0.03274092 -0.02257851 -0.01240181 -0.03275637 -0.02203353 -0.01239218 -0.03272407 -0.02213548 -0.01239789 -0.0335163 -0.02203974 -0.01239704 -0.03277245 -0.02398096 -0.01241428 -0.034287 -0.02151435 -0.01239237 -0.03289334 -0.02102263 -0.012388 -0.03311442 -0.0205836 -0.01238411 -0.03342716 -0.0205453 -0.01238377 -0.03472925 -0.02399868 -0.01041435 -0.034287 -0.02215326 -0.01039799 -0.0335163 -0.02056307 -0.01038386 -0.03472925 -0.02080065 -0.01238605 -0.03671288 -0.02081836 -0.01038612 -0.03671288 -0.02264607 -0.01240242 -0.03748356 -0.02425403 -0.01041663 -0.03627064 -0.0226639 -0.01040252 -0.03748356 -0.02423625 -0.01241654 -0.03627064 -0.02419794 -0.01241621 -0.03757271 -0.02511812 -0.01242435 -0.03514886 -0.02485358 -0.01242203 -0.03672336 -0.0245676 -0.01241949 -0.03718032 -0.02504494 -0.01242373 -0.03621936 -0.02513419 -0.0124245 -0.03568772 -0.02516572 -0.01242297 -0.03566798 -0.02499731 -0.01242331 -0.0346235 -0.02477627 -0.01242134 -0.03413183 -0.02446343 -0.01241854 -0.03369272 -0.02503674 -0.01242182 -0.03635283 -0.02522427 -0.01240907 -0.03567152 -0.0250926 -0.0124079 -0.03637079 -0.02514363 -0.01238034 -0.03638716 -0.02479112 -0.0124052 -0.03701532 -0.02474157 -0.01241921 -0.03698409 -0.02483653 -0.01237762 -0.03704382 -0.02433884 -0.0124012 -0.03756466 -0.02437582 -0.01237354 -0.03760346 -0.024875 -0.01233798 -0.03706789 -0.02440703 -0.01233383 -0.03763627 -0.02490436 -0.01228864 -0.03708617 -0.02443102 -0.01228445 -0.03766118 -0.02492289 -0.01223244 -0.03709758 -0.02381245 -0.01232854 -0.03807042 -0.02444618 -0.01222823 -0.03767672 -0.02382945 -0.01227909 -0.03810038 -0.02312858 -0.01232248 -0.03834307 -0.02384035 -0.01222285 -0.03811909 -0.02313763 -0.01227296 -0.03837621 -0.02311686 -0.01236233 -0.0382994 -0.02276503 -0.01233025 -0.03840277 -0.02276932 -0.0122924 -0.03843359 -0.02275996 -0.0123613 -0.03836518 -0.02239798 -0.01235597 -0.03839194 -0.02239844 -0.01231601 -0.03843705 -0.02167859 -0.01234959 -0.03830278 -0.02239893 -0.01226641 -0.03847129 -0.02166775 -0.01230951 -0.03834649 -0.02165981 -0.01225984 -0.03837967 -0.02239947 -0.01221005 -0.03849266 -0.02277266 -0.01224921 -0.03845652 -0.02314347 -0.01221665 -0.03839689 -0.0227749 -0.01220232 -0.03847062 -0.02277596 -0.01215356 -0.03847538 -0.02279811 -0.009653658 -0.03847538 -0.02337119 -0.009658741 -0.03834349 -0.02218813 -0.01214835 -0.03849293 -0.02334904 -0.01215866 -0.03834349 -0.02388549 -0.01216343 -0.03810233 -0.02436446 -0.01216767 -0.03776115 -0.02390763 -0.009663525 -0.03810233 -0.0243866 -0.009667773 -0.03776115 -0.02476768 -0.01217124 -0.03733308 -0.0238636 -0.009603303 -0.03811909 -0.02478982 -0.009671345 -0.03733308 -0.02446943 -0.00960867 -0.03767672 -0.02316672 -0.009597106 -0.03839689 -0.02445521 -0.009552195 -0.03766118 -0.02385376 -0.009546861 -0.03810038 -0.0227979 -0.009604875 -0.03847062 -0.0244322 -0.009502389 -0.03763627 -0.02492868 -0.009556408 -0.03708617 -0.0249001 -0.00950653 -0.03706789 -0.02486239 -0.009466249 -0.03704382 -0.02516942 -0.009468962 -0.03638716 -0.02511891 -0.009440506 -0.03637079 -0.02525059 -0.009441669 -0.03567152 -0.02519227 -0.009426724 -0.03566798 -0.02514476 -0.009424491 -0.03514886 -0.0251469 -0.009426321 -0.03497259 -0.02516082 -0.009424623 -0.03568772 -0.02507158 -0.009423855 -0.03621936 -0.02400492 0.006336199 -0.03589235 -0.02405367 0.006335771 -0.03560236 -0.02376578 0.006588352 -0.03582695 -0.02390049 0.006337145 -0.03616724 -0.02367885 0.006589111 -0.03605604 -0.02374457 0.006338515 -0.0364165 -0.0235488 0.006590276 -0.03626374 -0.02354296 0.006340298 -0.03663055 -0.02338087 0.006591753 -0.0364421 -0.0231812 0.006593541 -0.03658427 -0.02311546 0.006594115 -0.03438045 -0.02332313 0.006592285 -0.03451045 -0.02322449 0.006343131 -0.03415655 -0.02347371 0.006340926 -0.03431255 -0.0235015 0.0065907 -0.03467847 -0.0236877 0.006339032 -0.03451418 -0.0238583 0.006337513 -0.03475369 -0.02364373 0.006589417 -0.03487807 -0.02374415 0.006588535 -0.03510156 -0.02380641 0.006587983 -0.03558529 -0.02397892 0.006336441 -0.03502188 -0.02379916 0.006588037 -0.03534036 -0.02404485 0.006335855 -0.03530844 -0.0239051 -0.009413501 -0.03530844 -0.02383917 -0.009412911 -0.03502188 -0.02502382 -0.0094234 -0.0346235 -0.02480278 -0.00942145 -0.03413183 -0.02493004 -0.009424409 -0.03431032 -0.02455532 -0.009421091 -0.03372279 -0.02520422 -0.009441253 -0.03496148 -0.02498274 -0.009439284 -0.03428528 -0.02503081 -0.009467742 -0.03426243 -0.02460014 -0.009435905 -0.03368538 -0.02525636 -0.009469731 -0.03495136 -0.02464091 -0.009464269 -0.03365127 -0.02408025 -0.009431273 -0.03319951 -0.02404612 -0.009416557 -0.03324693 -0.02343472 -0.00941114 -0.03291264 -0.02409771 -0.009415195 -0.03332306 -0.02364075 -0.009411139 -0.03303706 -0.02313679 -0.009406672 -0.03284573 -0.02280981 -0.009403772 -0.03405218 -0.02308467 -0.009406199 -0.03415655 -0.02251984 -0.009401193 -0.03400345 -0.02294957 0.00634558 -0.03405218 -0.02265959 0.006348151 -0.03400345 -0.02288641 0.006596139 -0.03429347 -0.02264481 0.006598279 -0.03425286 -0.02295778 0.006595507 -0.03668475 -0.02271898 0.006597627 -0.03673971 -0.02274864 0.006347368 -0.03698767 -0.02303525 0.006344811 -0.03692172 -0.02330341 0.006342435 -0.03680113 -0.0224548 0.006349966 -0.03699644 -0.02247407 0.006599807 -0.03674701 -0.02223247 0.006601935 -0.0367064 -0.02216109 0.006602571 -0.03431512 -0.02239989 0.00660045 -0.03426018 -0.02236574 0.006350751 -0.03401221 -0.02222586 -0.009398572 -0.03401221 -0.02207913 0.006353309 -0.03407816 -0.02193938 -0.009396045 -0.03407816 -0.02167121 -0.009393666 -0.03419874 -0.02181097 0.006355685 -0.03419874 -0.02104933 -0.009388142 -0.03311442 -0.02061024 -0.009384235 -0.03342716 -0.02024059 -0.009380961 -0.03381956 -0.0199546 -0.009378424 -0.03427653 -0.02110946 0.006361911 -0.03510753 -0.02121383 0.006360986 -0.03483263 -0.02136988 0.006359588 -0.03458337 -0.02156995 0.006607828 -0.03473613 -0.02143996 0.00660898 -0.03494385 -0.02161727 0.006607412 -0.0363214 -0.02179563 0.006605827 -0.03648942 -0.02173801 0.006606331 -0.03455776 -0.0220033 0.006603989 -0.03661943 -0.02193755 0.006604573 -0.03441561 -0.02157149 0.006357806 -0.03436933 -0.02147515 0.006608671 -0.03612181 -0.02125601 0.00636061 -0.03624619 -0.02142657 0.006359103 -0.0364857 -0.02449006 -0.009418674 -0.03369272 -0.02467525 -0.009504542 -0.03362243 -0.02411132 -0.009459572 -0.03315626 -0.02507122 -0.009508071 -0.03424313 -0.02510172 -0.009557939 -0.03422848 -0.02533352 -0.009559992 -0.0349363 -0.02530038 -0.009510106 -0.0349428 -0.02538195 -0.009560408 -0.03567954 -0.02526399 -0.009615719 -0.03641806 -0.02534826 -0.009510514 -0.03567747 -0.02524415 -0.009559188 -0.0364115 -0.02530361 -0.009470152 -0.03567475 -0.02521202 -0.009509307 -0.03640101 -0.0249462 -0.009612901 -0.03709758 -0.02510186 -0.009674127 -0.03683456 -0.02507965 -0.01217401 -0.03683456 -0.02531059 -0.009675973 -0.03628475 -0.02221039 -0.00964847 -0.03849293 -0.02165509 -0.01220346 -0.03840039 -0.02160817 -0.0121432 -0.03839545 -0.02163045 -0.009643313 -0.03839545 -0.02108061 -0.009638423 -0.03818671 -0.02105841 -0.01213833 -0.03818671 -0.02095695 -0.01219726 -0.03812586 -0.02096667 -0.01225369 -0.03810711 -0.02036309 -0.01224834 -0.03767073 -0.02034894 -0.01219184 -0.03768636 -0.01986948 -0.0121876 -0.03710946 -0.01988694 -0.01224409 -0.03709797 -0.01956834 -0.01224129 -0.03642477 -0.01954844 -0.01218475 -0.03643142 -0.01960036 -0.01229116 -0.03641411 -0.01946073 -0.01228993 -0.03569125 -0.01942704 -0.01224004 -0.03569348 -0.01950538 -0.01233029 -0.03568831 -0.01954926 -0.01233069 -0.03496471 -0.01950523 -0.01229032 -0.03495636 -0.01977162 -0.01233265 -0.03427473 -0.0194721 -0.01224044 -0.03495002 -0.01973115 -0.01229234 -0.03425562 -0.02015858 -0.01233609 -0.03366174 -0.01970052 -0.01224245 -0.03424112 -0.02012412 -0.01229581 -0.03363307 -0.02068592 -0.01234079 -0.03316426 -0.02009811 -0.01224599 -0.03361131 -0.02008215 -0.01218949 -0.03359772 -0.01968168 -0.01218593 -0.03423206 -0.01970632 -0.01212633 -0.03416531 -0.01949759 -0.01212447 -0.03471512 -0.01945151 -0.01218388 -0.03494607 -0.01972853 -0.009626435 -0.03416531 -0.0194001 -0.0121236 -0.03529509 -0.01940627 -0.0121835 -0.03569488 -0.02071707 -0.01236905 -0.03320735 -0.02133983 -0.0123746 -0.0328631 -0.02202772 -0.01237792 -0.03267756 -0.02136128 -0.01238918 -0.03291746 -0.02075144 -0.01238378 -0.03325461 -0.02019954 -0.01236446 -0.03369566 -0.02024461 -0.01237929 -0.03373285 -0.0198197 -0.01236109 -0.03429735 -0.01987258 -0.01237598 -0.03432213 -0.0196014 -0.01235915 -0.03497458 -0.01965879 -0.01237408 -0.03498541 -0.0195584 -0.01235878 -0.03568483 -0.01961672 -0.01237372 -0.03568102 -0.0196473 -0.0123758 -0.03531216 -0.0197366 -0.0123766 -0.03478052 -0.01992797 -0.01237829 -0.03427653 -0.02021395 -0.01238083 -0.03381956 -0.01966343 -0.01237596 -0.03585103 -0.01978435 -0.01237704 -0.03637639 -0.01974884 -0.01237488 -0.03636526 -0.02000527 -0.01237898 -0.03686805 -0.01969333 -0.01235997 -0.03638346 -0.02004707 -0.01237754 -0.03699511 -0.01999787 -0.01236268 -0.03702658 -0.0199531 -0.01233427 -0.03705529 -0.01964294 -0.01233152 -0.03640008 -0.01991545 -0.01229397 -0.03707954 -0.02038604 -0.01229814 -0.03764573 -0.02098268 -0.01230345 -0.03807707 -0.02041651 -0.01233838 -0.03761277 -0.0210039 -0.01234358 -0.03803749 -0.02102923 -0.01237182 -0.03799066 -0.02045271 -0.01236672 -0.03757378 -0.02049246 -0.01238148 -0.03753103 -0.02169143 -0.01237769 -0.03825106 -0.02105729 -0.01238651 -0.03793932 -0.02170574 -0.01239226 -0.03819434 -0.02239762 -0.01238398 -0.03833857 -0.02239726 -0.01239838 -0.03828006 -0.02274816 -0.01239853 -0.03827581 -0.02275417 -0.01238434 -0.03832232 -0.02310332 -0.01239024 -0.03824773 -0.02308845 -0.01240452 -0.03819109 -0.02376426 -0.0123961 -0.03798425 -0.0237903 -0.01236833 -0.03803094 -0.02373578 -0.01241027 -0.03793303 -0.0232672 -0.01240794 -0.03810653 -0.02375886 -0.01241231 -0.03788546 -0.0242986 -0.01241527 -0.03752208 -0.02274181 -0.01240327 -0.03822743 -0.02220304 -0.0123985 -0.03824352 -0.02167139 -0.01239377 -0.03815416 -0.02116743 -0.01238931 -0.03796281 -0.02071046 -0.01238525 -0.03767682 -0.02031812 -0.01238177 -0.03730716 -0.02391404 -0.009413573 -0.03559991 -0.02489152 -0.009422243 -0.0358581 -0.02478228 -0.009421261 -0.03631021 -0.02387217 -0.009413207 -0.03586549 -0.02378349 -0.009412405 -0.03611932 -0.02433216 -0.008617248 -0.0371156 -0.02348593 -0.008609735 -0.03655977 -0.02347882 -0.009409703 -0.03655977 -0.023651 -0.00941123 -0.03635324 -0.02432513 -0.009417231 -0.0371156 -0.02459136 -0.00941958 -0.03673426 -0.02399285 -0.009414271 -0.03744102 -0.02399995 -0.008614302 -0.03744102 -0.023606 -0.009410827 -0.03769926 -0.02327265 -0.009407887 -0.03673224 -0.02303887 -0.009405791 -0.03686513 -0.02317809 -0.009407036 -0.03788138 -0.02273098 -0.008603052 -0.03798108 -0.02251978 -0.009401211 -0.03699644 -0.02225898 -0.009398881 -0.0379949 -0.02226614 -0.008598925 -0.0379949 -0.02252681 -0.008601228 -0.03699644 -0.02179964 -0.00939481 -0.03792238 -0.02225098 -0.009398822 -0.03699067 -0.0219875 -0.009396477 -0.036937 -0.02136161 -0.009390919 -0.03776603 -0.02174494 -0.008594282 -0.03683718 -0.02151721 -0.008592269 -0.03669437 -0.02096008 -0.009387336 -0.03753122 -0.02151004 -0.009392223 -0.03669437 -0.0217379 -0.009394264 -0.03683718 -0.02060911 -0.009384234 -0.03722614 -0.02032069 -0.009381683 -0.03686129 -0.02114832 -0.009389026 -0.03629949 -0.02011188 -0.008579792 -0.03644935 -0.02103312 -0.008587974 -0.0360601 -0.01997602 -0.00857857 -0.03600453 -0.02094834 -0.009387245 -0.0358027 -0.01996898 -0.009378554 -0.03600453 -0.02010484 -0.009379774 -0.03644935 -0.02091789 -0.009386981 -0.03553557 -0.01991785 -0.009378098 -0.03554226 -0.01992495 -0.008578128 -0.03554226 -0.02094269 -0.008587161 -0.0352673 -0.01996033 -0.008578438 -0.03507851 -0.01995329 -0.009378413 -0.03507851 -0.02055168 -0.009383725 -0.03383594 -0.02055884 -0.008583769 -0.03383594 -0.02146152 -0.008591775 -0.03434993 -0.02089931 -0.008586778 -0.03351914 -0.02168225 -0.008593733 -0.03419648 -0.0212926 -0.008590277 -0.0332709 -0.02128549 -0.009390235 -0.0332709 -0.02089222 -0.009386746 -0.03351914 -0.02191976 -0.00939587 -0.03408491 -0.02167509 -0.009393688 -0.03419648 -0.02171791 -0.009394067 -0.03309979 -0.02172506 -0.008594111 -0.03309979 -0.0221803 -0.009398172 -0.03401879 -0.02217461 -0.009398127 -0.03301176 -0.0226468 -0.008602298 -0.03300984 -0.02271569 -0.009402927 -0.03402991 -0.02244847 -0.009400546 -0.03400026 -0.02263964 -0.009402244 -0.03300984 -0.02309705 -0.009406308 -0.03309411 -0.02297336 -0.00940522 -0.03410678 -0.02353089 -0.009410163 -0.03326164 -0.02353804 -0.008610207 -0.03326164 -0.02321315 -0.009407356 -0.03422841 -0.02392622 -0.009413678 -0.03350664 -0.02393339 -0.008613725 -0.03350664 -0.02322019 -0.008607373 -0.03422841 -0.02342733 -0.009409247 -0.0343909 -0.02360912 -0.009410877 -0.034589 -0.02426933 -0.009416718 -0.03382062 -0.0245554 -0.00861923 -0.03419273 -0.02454836 -0.009419213 -0.03419273 -0.02375959 -0.008612156 -0.03481638 -0.02476069 -0.008621056 -0.03461008 -0.02375256 -0.009412138 -0.03481638 -0.02145436 -0.00939173 -0.03434993 -0.02093565 -0.009387143 -0.0352673 0.003901747 -0.01061063 -0.04827393 0.003908809 -0.01140608 -0.04880545 0.003890381 -0.009327485 -0.05019437 0.003903844 -0.01084511 -0.04834506 0.003888682 -0.009140851 -0.04974377 0.003889294 -0.009211986 -0.04997826 0.003903844 -0.01084511 -0.05065476 0.00390573 -0.0110612 -0.05053925 0.003899565 -0.01036678 -0.04824991 0.00390738 -0.01125062 -0.05038379 0.003897441 -0.01012292 -0.04827393 0.003908809 -0.01140608 -0.05019437 0.003895341 -0.009888431 -0.04834506 0.003909834 -0.01152157 -0.04997826 0.003893396 -0.009672349 -0.04846057 0.003910505 -0.0115927 -0.04974377 0.003891686 -0.009482942 -0.04861603 0.003910697 -0.01161672 -0.04949991 0.003890381 -0.009327485 -0.04880545 0.003910505 -0.0115927 -0.04925605 0.003888682 -0.009140851 -0.04925605 0.003909834 -0.01152157 -0.04902156 0.003889294 -0.009211986 -0.04902156 0.003888491 -0.009116828 -0.04949991 0.003895341 -0.009888431 -0.05065476 0.00390738 -0.01125062 -0.04861603 0.003893396 -0.009672349 -0.05053925 0.003897441 -0.01012292 -0.05072588 0.00390573 -0.0110612 -0.04846057 0.003891686 -0.009482942 -0.05038379 0.003899565 -0.01036678 -0.05074991 0.003901747 -0.01061063 -0.05072588 -0.00390415 -0.01091437 -0.04834506 -0.003898159 -0.01159084 -0.04997826 -0.003918702 -0.00928125 -0.04902156 0.003902909 -0.01084512 -0.04834506 0.003906446 -0.01125064 -0.04861603 0.003909568 -0.0115927 -0.04925605 -0.003898159 -0.01159084 -0.04902156 -0.003917675 -0.009396754 -0.04880545 -0.003897549 -0.01166198 -0.04925605 -0.003919372 -0.009210125 -0.04925605 -0.003897549 -0.01166198 -0.04974377 -0.003897359 -0.011686 -0.04949991 -0.00390415 -0.01091437 -0.05065476 0.0039089 -0.01152158 -0.04902156 0.003907875 -0.01140608 -0.04880545 -0.003906307 -0.01067991 -0.05072588 -0.003902261 -0.01113048 -0.05053925 0.003904796 -0.01106121 -0.04846057 -0.003899247 -0.01147535 -0.05019437 0.003900811 -0.01061063 -0.04827393 -0.003900674 -0.01131991 -0.05038379 0.00389863 -0.01036679 -0.04824991 -0.003908489 -0.01043606 -0.05074991 -0.003910613 -0.0101922 -0.05072588 0.00389863 -0.01036679 -0.05074991 -0.003912711 -0.009957722 -0.05065476 0.003900811 -0.01061063 -0.05072588 -0.003914601 -0.009741609 -0.05053925 0.003904796 -0.01106121 -0.05053925 -0.003917675 -0.009396754 -0.05019437 -0.003916368 -0.009552221 -0.05038379 0.003906446 -0.01125064 -0.05038379 0.003907875 -0.01140608 -0.05019437 -0.003918702 -0.00928125 -0.04997826 0.0039089 -0.01152158 -0.04997826 -0.003919561 -0.009186113 -0.04949991 -0.003919372 -0.009210125 -0.04974377 0.003909568 -0.0115927 -0.04974377 0.00390976 -0.01161672 -0.04949991 -0.003914601 -0.009741609 -0.04846057 -0.003916368 -0.009552221 -0.04861603 -0.003912711 -0.009957722 -0.04834506 -0.003910613 -0.0101922 -0.04827393 0.003902909 -0.01084512 -0.05065476 -0.003908489 -0.01043606 -0.04824991 0.003896506 -0.01012292 -0.05072588 -0.003902261 -0.01113048 -0.04846057 -0.003906307 -0.01067991 -0.04827393 -0.003899247 -0.01147535 -0.04880545 -0.003900674 -0.01131991 -0.04861603</float_array>
          <technique_common>
            <accessor count="1233" source="#cubeverts-array0-array" stride="3">
              <param type="float" name="X" />
              <param type="float" name="Y" />
              <param type="float" name="Z" />
            </accessor>
          </technique_common>
        </source>
        <source id="cubenormals-array0">
          <float_array count="5583" id="cubenormals-array0-array">-0.00863012 0.9999628 -8.68096e-05 -0.009273401 0.999957 1.872883e-05 -0.9912757 -0.007443894 -0.1315943 -0.997901 -0.00705348 0.06437196 -0.9892763 -0.007648308 -0.1458558 -0.9892749 -0.007871838 0.1458533 0.00895723 -0.9999599 -2.844424e-05 0.008830515 -0.999961 9.762012e-06 0.008896702 -0.9999604 0 -0.9050295 -0.007264071 -0.4252868 -0.9465705 -0.006584581 -0.3224296 -0.8654518 -0.006077976 -0.5009553 -0.7720969 -0.006830922 -0.6354681 -0.76897 -0.005793283 -0.6392586 -0.008805058 0.9999613 -2.278951e-05 -0.008631486 0.9999627 -3.398132e-05 -0.008835278 0.999961 -5.557237e-07 -0.751174 -0.005376141 -0.6600823 -0.008911155 0.9999603 -7.537177e-06 -0.009030459 0.9999592 1.203194e-05 -0.6079369 -0.004366953 -0.7939734 -0.6261705 -0.004756549 -0.7796717 -0.4538042 -0.003443919 -0.8910947 -0.4413231 -0.00319022 -0.8973426 0.2576894 0.002287749 0.9662251 0.4413231 0.003912864 0.8973397 0.4414652 0.003919301 0.8972699 0.2577787 0.002285521 0.9662013 0.06435721 0.0005713591 0.9979267 0.06435671 0.0005713711 0.9979268 -0.1315437 -0.00116787 0.9913097 -0.1315487 -0.001168082 0.991309 -0.3224581 -0.002863254 0.9465794 -0.5009677 -0.004441688 0.8654546 -0.3223344 -0.002857887 0.9466215 -0.5009676 -0.004441686 0.8654546 -0.6600029 -0.005851727 0.7512403 -0.6601807 -0.005861041 0.751084 -0.7939771 -0.007048876 0.6079068 -0.8973541 -0.007971457 0.4412393 -0.8973078 -0.007967615 0.4413336 -0.793898 -0.007052426 0.6080101 -0.9661532 -0.008578925 0.2578262 -0.9978899 -0.008863022 0.06432083 -0.9661707 -0.008581298 0.2577606 -0.9978849 -0.008860427 0.06439872 -0.9912604 -0.008801606 -0.1316258 -0.9912644 -0.008800638 -0.1315954 -0.9466102 -0.00840419 -0.3222708 -0.865465 -0.007683772 -0.5009105 -0.8656241 -0.007674809 -0.5006356 -0.9464984 -0.008391857 -0.3225993 -0.7510424 -0.006667905 -0.6602204 -0.6079894 -0.005397852 -0.7939267 -0.7510424 -0.006667905 -0.6602204 0.6079396 0.004570154 0.7939702 0.4537847 0.003227091 0.8911055 0.4413182 0.003297195 0.8973446 -0.008901688 0.9999604 6.899055e-06 -0.00891776 0.9999603 9.535623e-06 -0.008914407 0.9999603 9.319288e-06 -0.008841848 0.9999609 -2.582721e-06 0.5009021 0.00358196 -0.8654966 0.3223982 0.002455049 -0.946601 -0.008846424 0.9999609 -2.287627e-06 -0.008900546 0.9999604 6.590133e-06 0.6601191 0.005134687 -0.7511434 -0.008869031 0.9999607 -1.345098e-05 -0.009049959 0.9999591 1.622635e-05 0.7939272 0.005922248 -0.607984 0.7499046 0.004842321 -0.6615282 -0.008835725 0.999961 -1.559816e-05 -0.008981234 0.9999596 8.267401e-06 0.897301 0.00627678 -0.4413747 -0.009217302 0.9999576 0.0001015483 -0.008433157 0.9999644 -2.706144e-05 0.9662071 0.007287488 -0.2576638 0.9050773 0.006064367 -0.4252039 0.008749112 -0.9999617 4.444524e-05 0.9892635 0.006472031 -0.1459987 0.9912748 0.006929181 0.131629 0.9978917 0.007415959 -0.06447583 0.008947032 -0.99996 -1.523457e-05 0.9892625 0.006694053 0.1459963 0.008843716 -0.9999609 0 0.9050748 0.005858192 0.4252121 0.9465499 0.007138266 0.3224783 0.8654863 0.00647039 0.5008908 0.7766038 0.005440571 0.6299657 0.7511419 0.005665914 0.6601164 0.1316002 0.001264473 -0.9913021 -0.008815133 0.9999612 1.316288e-06 -0.008872631 0.9999607 1.074749e-05 -0.06435034 -0.0004729663 -0.9979272 -0.008954945 0.9999599 1.605599e-05 0.0643519 0.0004730086 0.9979272 -0.008742929 0.9999618 -1.872314e-05 0.2578023 0.001894936 0.9661958 0.2623138 0.001871217 0.9649808 0.0191213 -0.000410617 0.9998171 -0.2646123 -0.002538579 0.9643515 -0.1315892 -0.0006698049 0.9913041 -0.3223901 -0.002284337 0.9466042 -0.008750532 0.9999617 -1.789702e-05 -0.008874906 0.9999605 2.505753e-06 -0.009005941 0.9999595 1.095749e-05 -0.5009222 -0.003781788 0.865484 -0.5267025 -0.004365373 0.8500385 -0.7456756 -0.006597167 0.6662765 -0.7445008 -0.006081144 0.6675938 -0.6601058 -0.004569076 0.7511588 0.6602564 0.005854816 -0.7510175 0.7939075 0.00704846 -0.6079977 0.6600165 0.005863118 -0.7512283 0.7939829 0.00705318 -0.6078993 0.8972956 0.00796636 -0.4413583 0.8972956 0.007966361 -0.4413583 0.9661697 0.008577838 -0.2577645 0.9661405 0.008581271 -0.2578737 0.9978856 0.008863231 -0.06438775 0.9912599 0.008800346 0.1316294 0.9978936 0.00885924 -0.06426366 0.991264 0.0088014 0.1315986 0.9465005 0.008403946 0.3225929 0.9466197 0.008392933 0.3222432 0.8656173 0.007689309 0.5006472 0.8653943 0.00767277 0.5010329 0.7510394 0.006668831 0.6602237 0.7510935 0.006671989 0.6601621 0.6079035 0.00539786 0.7939925 0.6078809 0.00539673 0.7940099 0.5008957 0.004441688 -0.8654962 0.5007538 0.004445786 -0.8655783 0.3224558 0.002862823 -0.9465802 0.3224558 0.002862823 -0.9465802 0.1315631 0.001168042 -0.9913071 0.1316109 0.001166891 -0.9913008 -0.06434071 -0.0005704585 -0.9979278 -0.06434122 -0.0005704794 -0.9979278 -0.2578514 -0.002289517 -0.9661819 -0.2577543 -0.00228537 -0.9662078 -0.441371 -0.003919028 -0.8973162 -0.6079068 -0.005400519 -0.79399 -0.4413155 -0.003920557 -0.8973435 -0.008878168 0.9999606 -1.000091e-05 -0.2578144 -0.001894901 -0.9661926 -0.009133149 0.9999583 3.102568e-05 -0.7940374 -0.005588632 0.6078432 -0.8972839 -0.006731348 0.4414028 -0.008554849 0.9999633 -2.762032e-05 -0.008769203 0.9999615 7.545731e-06 -0.9050272 -0.007055226 0.4252951 -0.9661617 -0.006718716 0.2578499 0.9999606 0.008871302 -6.376156e-05 0.9999605 0.008877742 0 -0.008830163 0.9951472 0.09800035 -0.00883186 0.9951454 0.09801774 -0.008874595 0.9999607 0 -0.00887386 0.9999606 -9.374241e-06 0.9864159 0.008757491 -0.1640336 -0.008879046 0.9999605 1.27947e-05 0.8802882 0.006378548 -0.4743964 0.9852151 0.01024386 -0.1710154 0.00859665 -0.9675413 -0.2525665 0.008588444 -0.9675442 -0.252556 0.8776513 0.007408039 -0.4792424 0.008590464 -0.9675446 -0.2525545 -0.9999606 -0.008875953 5.494177e-06 -0.9948428 -0.008830526 -0.1010434 -0.9920095 -0.007224313 -0.1259571 0.008587182 -0.9675432 -0.2525601 0.008588483 -0.9675441 -0.2525562 -0.999961 -0.008840083 1.089392e-05 0.008586752 -0.9675422 -0.2525634 0.008587596 -0.9675434 -0.2525589 0.008586219 -0.9675403 -0.252571 0.008587249 -0.9675508 -0.2525306 0.9999607 0.008862037 7.437148e-06 0.9999603 0.008912296 0.0001032353 0.9999607 0.008868332 4.0904e-06 0.9999607 0.008873533 0 0.4054678 -0.004088137 -0.9141002 -0.008865464 0.9999607 3.189466e-06 -0.008901717 0.9999604 -3.49369e-06 0.3359964 0.002983422 -0.9418585 0.9999606 0.008878978 2.820584e-06 -0.008865562 0.9999608 0 0.09800292 0.0008691566 0.9951858 0.2902806 0.001663263 0.9569401 0.114289 0.002110821 0.9934453 0.3226441 0.003843902 0.9465126 0.008583543 -0.9675434 -0.2525592 0.008589502 -0.9675434 -0.2525592 0.008589559 -0.9675433 -0.2525592 0.4959496 0.004965689 0.868337 0.008582716 -0.9675437 -0.2525581 0.4714233 0.003220627 0.8819012 0.008597024 -0.9675435 -0.2525581 0.0085489 -0.9675435 -0.2525601 0.008587873 -0.9675441 -0.2525559 0.4993752 0.00529153 -0.8663697 0.6885943 0.00406797 -0.7251354 0.7694162 0.006325982 0.6387164 0.008595619 -0.9675441 -0.2525559 0.6461663 0.005876289 0.763174 0.7729639 0.00671242 0.6344146 -0.008894688 0.9999604 -8.293834e-07 0.634325 0.004875245 0.7730511 -0.008876367 0.9999606 -9.197134e-07 -0.008874676 0.9999607 -7.022463e-08 -0.008876393 0.9999607 -8.00181e-06 0.8724264 0.008081407 0.4886787 0.8819301 0.007082689 0.471327 -0.008878231 0.9999606 -1.944089e-05 0.956925 0.007753253 0.2902315 0.9485296 0.009168008 0.3165556 -0.00887648 0.9999606 -8.68931e-07 -0.008851795 0.9999608 2.70702e-05 0.9936712 0.009669604 0.1119097 0.9951393 0.008827836 0.09808033 -0.008877851 0.9999607 0 0.9999607 0.008870605 -0 0.9944419 0.008826846 -0.1049163 -0.008879248 0.9999606 -1.445905e-06 0.9999605 0.00887583 -0.0002877358 0.991987 0.01019052 -0.1259281 0.9506215 0.007075513 -0.3102723 -0.008900954 0.9999604 -2.088969e-05 -0.008880257 0.9999606 -3.532647e-06 0.008876529 -0.9999606 -7.702581e-06 0.008864058 -0.9999607 -4.834276e-06 0.008909505 -0.9999603 1.399114e-05 0.008875218 -0.9999606 6.165681e-06 -0.4713722 -0.004185036 0.8819245 -0.2902281 -0.002575631 0.9569541 -0.2902619 -0.002577084 0.9569438 -0.4713713 -0.004185061 0.881925 -0.008867164 0.9999607 -5.560369e-07 -0.008884611 0.9999605 -1.221823e-05 -0.6343979 -0.005632444 0.7729862 -0.63434 -0.005629483 0.7730337 -0.008865016 0.9999607 2.567454e-05 -0.7729549 -0.006859629 0.6344237 -0.7730119 -0.006863064 0.6343544 -0.8819196 -0.007833548 0.4713347 -0.008878341 0.9999606 9.803999e-06 -0.8818682 -0.007829527 0.4714308 -0.9568973 -0.008493902 0.2903024 0.008882575 -0.9999605 4.764273e-06 -0.9951525 -0.008833612 0.09794571 -0.9951469 -0.008841719 0.09800251 0.00887596 -0.9999605 9.47497e-07 0.008873597 -0.9999607 0 0.9999607 0.008876295 -0 0.824155 0.007315731 -0.566317 0.9999607 0.008876295 -0 0.7238635 0.006425441 -0.6899133 0.008871913 -0.9999607 -8.314621e-06 0.8241552 0.007315688 -0.5663167 -0.6343526 -0.005630674 0.7730234 -0.7729927 -0.006861399 0.6343777 -0.4713893 -0.004184168 0.8819154 0.008867512 -0.9999607 -1.526762e-05 0.7781897 0.01050138 -0.6279415 0.865025 0.006031021 -0.5016925 0.9252545 0.01050052 -0.3792015 0.008586229 -0.9675482 -0.2525406 0.008873864 -0.9999607 5.479868e-06 -0.09801781 -0.0008700543 0.9951842 0.2902553 0.002572945 0.9569458 0.4713643 0.004178371 0.8819287 0.00888021 -0.9999605 -1.545386e-05 0.008869957 -0.9999607 -7.887999e-06 0.6344117 0.005631224 0.7729748 -0.008860926 0.9999607 -6.544545e-06 -0.008865144 0.9999607 -2.755032e-06 -0.008898724 0.9999604 5.634365e-06 -0.4713896 -0.004187071 -0.8819152 0.008874558 -0.9999606 -3.437241e-07 0.008863295 -0.9999607 4.321657e-06 0.008871775 -0.9999606 -1.256084e-06 0.008866011 -0.9999607 0 0.00886654 -0.9999607 -2.14653e-07 -0.09803099 -0.0008695826 0.9951831 0.09803151 0.0008695872 0.9951829 0.09804314 0.0008700724 0.9951818 0.00889035 -0.9999605 0 0.00886641 -0.9999607 -9.715845e-06 -0.008854124 0.9999608 -7.740894e-06 -0.008890335 0.9999605 5.927852e-06 0.2902599 0.002575877 0.9569444 -0.09804298 -0.0008700828 0.9951818 -0.008850089 0.9999608 1.689721e-06 0.2902611 0.00257593 0.956944 0.4713735 0.004183216 0.8819238 0.008888609 -0.9999605 -1.419428e-05 0.6343382 0.005629332 0.7730352 0.008877805 -0.9999606 -9.725904e-06 0.6343399 0.005629417 0.7730338 0.008874387 -0.9999606 -4.691193e-06 0.4713745 0.004183188 0.8819233 0.7730116 0.006859967 0.6343549 -0.008864368 0.9999607 -2.766894e-05 -0.008883798 0.9999605 1.167287e-05 -0.008881644 0.9999605 1.14143e-05 0.7729637 0.00686129 0.6344131 -0.4836136 -0.004293806 -0.8752711 -0.008868497 0.9999607 -3.746158e-06 -0.1674712 -0.001486908 -0.9858758 -0.1674718 -0.001486708 -0.9858757 0.009072051 -0.9999588 0.000371208 -0.4836128 -0.004294108 -0.8752715 0.008865443 -0.9999607 -2.159237e-05 0.00886785 -0.9999607 -2.092059e-05 -0.6784684 -0.00602163 -0.7346049 -0.7364587 -0.006536312 -0.676451 -0.7431572 -0.008693573 -0.6690603 -0.8543226 -0.005706971 -0.5197119 0.008855109 -0.9999608 -4.682983e-06 0.008870297 -0.9999607 -5.048357e-06 -0.9392925 -0.00499473 -0.3430811 -0.8693916 -0.0114734 -0.4939905 0.008879143 -0.9999605 -3.044929e-06 0.008874939 -0.9999606 -5.937218e-06 -0.9551228 -0.01347515 -0.2959038 0.008878258 -0.9999605 -8.098243e-06 -0.9963575 -0.01467035 -0.08400283 -0.9881731 -0.004395406 -0.1532791 0.9951528 0.008833287 -0.09794378 0.9951529 0.008833385 0.09794266 -0.008872251 0.9999606 -4.738585e-05 -0.008884126 0.9999606 1.231375e-05 0.956897 0.00849381 0.2903033 0.008880037 -0.9999606 -2.58615e-05 -0.9569306 -0.008488498 -0.2901926 0.008869851 -0.9999607 2.788421e-05 0.00886987 -0.9999607 2.525311e-05 0.9569454 0.008496174 0.2901437 0.8818679 0.007829427 0.4714316 0.008881587 -0.9999606 -4.460414e-07 0.9569437 0.008495967 0.2901493 0.00888405 -0.9999606 -1.238464e-05 0.008861435 -0.9999608 2.146156e-05 0.7730125 0.006860023 0.6343537 0.8818192 0.007825618 0.4715227 0.9951294 0.008835187 0.09818052 0.00887671 -0.9999606 -4.323877e-05 0.9951414 0.008831316 0.09805933 0.9951293 0.008831209 -0.09818204 0.00887671 -0.9999606 4.323945e-05 0.9951412 0.008835292 -0.09806084 0.9569451 0.008496171 -0.290145 0.9569467 0.008495994 -0.2901394 0.008869871 -0.9999607 -2.525312e-05 0.008880037 -0.9999606 2.586237e-05 0.008869851 -0.9999607 -2.788402e-05 0.008884051 -0.9999605 1.23841e-05 0.008881587 -0.9999606 4.460481e-07 -0.008885985 0.9999605 -4.987087e-05 0.9568977 0.008488105 -0.2903012 0.008874319 -0.9999606 -8.306396e-06 0.008877288 -0.9999605 -3.80642e-06 -0.9397988 -0.01451862 0.3414197 0.008874795 -0.9999606 3.002309e-06 -0.9911686 -0.0150065 0.1317562 -0.9716026 -0.003453454 0.2365936 0.00887482 -0.9999607 5.916005e-06 -0.9990868 -0.003889748 0.04254946 0.3825766 0.0129041 -0.9238337 0.4714251 -0.0005669239 -0.8819059 0.5991051 0.01158082 -0.8005866 0.6087279 0.005406123 -0.7933607 -0.00886469 0.9999607 6.975212e-06 0.008883997 -0.9999605 0 -0.130524 -0.001159793 -0.9914445 0.09800568 0.0008708465 -0.9951854 0.1304451 0.008286117 -0.991421 -0.008874579 0.9999605 2.729935e-06 -0.008875545 0.9999607 -0.000145062 0.2903129 -0.002177562 -0.9569293 0 0 -1 -0.09801138 -0.0008702539 -0.9951849 -0.1133582 0.004021951 -0.9935461 -0.2902606 -0.005430805 -0.9569322 -0.3827039 0.002302608 -0.9238682 -0.6027656 -0.001406523 -0.7979171 -0.6087498 -0.005406766 -0.7933438 0.9999605 0.008881403 0 -0.4713416 -0.007041671 -0.8819227 0.008876117 -0.9999606 5.473083e-06 -0.9238797 -0.003923994 -0.3826628 -0.9568762 -0.01063235 -0.2903012 -0.8818362 -0.009973599 -0.4714502 -0.773021 -0.006862239 -0.6343432 -0.7933452 -0.003842222 -0.6087601 0.00888313 -0.9999605 1.194791e-07 -0.634353 -0.005631259 -0.7730229 -0.008878539 0.9999606 0 -0.008860542 0.9999608 0 -0.008860542 0.9999607 0 -0.923878 -0.003924417 0.3826669 -0.008904627 0.9999603 0 -0.9914297 -0.00559158 0.1305222 -0.9568769 -0.01063306 0.2902991 -0.9951469 -0.008832769 0.09800266 0.008876118 -0.9999606 -5.472779e-06 0.008883131 -0.9999605 -1.194792e-07 -0.3827076 0.002302693 0.9238667 -0.2902623 -0.005430902 0.9569317 -0.4713446 -0.007041547 0.8819211 -0.09800752 -0.0008702198 0.9951853 -0.1305578 0.003117256 0.9914358 -0.09800555 -0.0008708458 0.9951855 -0 0 1 -0.008875127 0.9999606 0.0001493042 0.09800183 0.0008708123 0.9951859 0.2903147 -0.002177681 0.9569287 -0.008874218 0.9999606 -1.540435e-06 0.1304422 0.008286301 0.9914213 -0.008894539 0.9999604 1.644673e-06 -0.00886469 0.9999607 -6.975205e-06 0.3825803 0.01290433 0.9238321 0.4714282 -0.0005666476 0.8819042 -0.008874479 0.9999607 8.704947e-06 0.5991042 0.01158074 0.8005872 0.6343797 0.005630807 0.7730011 -0.008872845 0.9999607 -1.868754e-05 -0.008876801 0.9999606 1.743186e-05 0.7729573 0.006860839 0.6344209 0.8819373 0.004772663 0.4713427 -0.008871187 0.9999607 -1.478973e-05 0.7932696 0.01162699 0.6087596 -0.008867975 0.9999607 0 -0.008867975 0.9999607 0 0.9237739 0.01430693 0.3826708 -0.008878689 0.9999606 0 0.8819347 0.004772384 -0.4713475 0.9237757 0.01430757 -0.3826666 0.7932717 0.01162618 -0.6087567 -0.008878689 0.9999606 0 -0.008871325 0.9999607 1.48655e-05 -0.008877444 0.9999607 -1.690394e-05 0.7729635 0.006860889 -0.6344132 0.6343809 0.005630815 -0.7730001 -0.008873116 0.9999607 1.901905e-05 0.9569206 0.005435872 -0.2902988 -0.008876074 0.9999605 -2.183599e-06 0.9951469 0.008831917 -0.09800345 -0.008874743 0.9999606 1.386804e-06 0.9913554 0.01338113 -0.1305202 0.9913555 0.0133807 0.1305186 0.9951468 0.008831917 0.09800459 -0.008897129 0.9999604 0 -0.008874487 0.9999607 -6.401866e-07 -0.008874487 0.9999607 -1.360238e-06 -0.008875492 0.9999605 2.36013e-06 0.9569213 0.005434875 0.2902966 -0.008875648 0.9999607 -5.481251e-07 0.608727 0.005406115 0.7933614 -0.008888488 0.9999605 0 0.008874649 -0.9999607 3.50509e-06 0.008873495 -0.9999606 -1.208474e-05 0 0 1 -0.7101499 -0.01115742 0.703962 -0.6898913 -0.006125385 0.723887 -0.8071125 -0.002919562 0.5903906 0.008876944 -0.9999605 4.474618e-06 -0.8446407 -0.01322847 0.53517 0.7729575 0.006860998 -0.6344207 0.6344106 0.005631348 -0.7729758 -0.008898725 0.9999604 -5.63436e-06 0.4713672 0.004184093 -0.8819271 0.290257 0.002576479 -0.9569452 0.008868728 -0.9999607 -6.237236e-07 0.008883351 -0.9999605 9.574594e-06 -0.3496893 -0.007435069 0.9368362 -0.4678122 0.0009015486 0.8838274 -0.5425602 -0.008826287 0.8399706 0.008869691 -0.9999606 6.417801e-06 -0.008865902 0.9999607 7.203997e-06 -0.2480101 0.003022835 0.9687527 -0.008874617 0.9999605 2.351227e-06 -0.008873188 0.9999607 8.459816e-06 -0.0144335 0.004967558 0.9998835 -0.1404961 -0.005600822 0.9900653 0.07521814 -0.003409946 0.9971612 0.008875627 -0.9999606 -7.582274e-06 -0.09801396 -0.0008699976 -0.9951846 0.09800802 0.0008699673 -0.9951853 -0.008878056 0.9999605 5.369364e-07 -0.008850091 0.9999608 -1.689734e-06 -0.290269 -0.002575994 -0.9569416 -0.008880258 0.9999606 3.533032e-06 -0.09801557 -0.0008698396 -0.9951845 -0.09802757 -0.0008695522 -0.9951833 0.008866541 -0.9999607 2.146547e-07 0.09802773 0.0008695537 -0.9951833 0.008866409 -0.9999607 9.71592e-06 0.008890351 -0.9999605 0 0.00886601 -0.9999607 0 -0.2902737 -0.002574831 0.9569402 0.008871775 -0.9999606 1.256089e-06 0.008863295 -0.9999607 -4.321279e-06 -0.4713927 -0.00418142 0.8819135 0.008874558 -0.9999606 3.437247e-07 0.4713795 0.004183234 -0.8819205 0.4713805 0.004183279 -0.88192 0.290267 0.002575983 -0.9569423 0.2902682 0.002575952 -0.9569418 0.00888861 -0.9999605 1.419388e-05 0.6343428 0.005629444 -0.7730313 0.008874388 -0.9999606 4.691976e-06 0.008877805 -0.9999606 9.726243e-06 0.6343445 0.005629389 -0.77303 0.008861434 -0.9999607 -2.146248e-05 0.7730156 0.006860003 -0.6343499 0.008872283 -0.9999606 4.20417e-06 -0.008883796 0.9999605 -1.16732e-05 -0.008864368 0.9999607 2.766865e-05 0.7730147 0.006860043 -0.634351 -0.008890335 0.9999604 -5.927897e-06 -0.008854125 0.9999608 7.741663e-06 0.09801609 0.0008698323 -0.9951845 -0.2902352 -0.002576847 -0.9569519 0.008909507 -0.9999603 -1.399115e-05 0.008876528 -0.9999606 7.702611e-06 -0.4713783 -0.004185122 -0.8819212 0.008875218 -0.9999606 -6.165676e-06 0.008864059 -0.9999607 4.834286e-06 0.008872743 -0.9999606 -4.511959e-06 -0.008867164 0.9999607 5.556545e-07 -0.4713774 -0.004185082 -0.8819216 -0.008884612 0.9999606 1.221779e-05 -0.6343446 -0.005631971 -0.7730299 -0.008865015 0.9999607 -2.567198e-05 -0.773015 -0.006860162 -0.6343507 -0.6344025 -0.005630038 -0.7729824 -0.7729582 -0.006862586 -0.6344199 0.008857093 -0.9999608 1.855014e-05 0.008886128 -0.9999605 -2.238106e-05 0.008877421 -0.9999606 -1.779666e-06 -0.8819162 -0.007829954 -0.4713411 -0.8818648 -0.007833061 -0.4714374 0.008869253 -0.9999607 -1.146139e-05 0.008864969 -0.9999607 9.286787e-06 0.9568981 0.008488148 0.2902998 0.008868651 -0.9999607 -1.000909e-05 -0.008878341 0.9999606 -9.803383e-06 -0.8818617 -0.00782785 -0.4714429 -0.7729865 -0.006856658 -0.6343853 -0.6343515 -0.005630763 -0.7730242 0.008886763 -0.9999605 -9.231801e-06 0.4862659 0.001681239 0.8738092 0.639699 0.008603474 0.7685774 0.6623963 0.004415353 0.7491406 -0.00888636 0.9999605 4.287304e-06 -0.008877132 0.9999607 -2.226516e-06 0.8018025 0.008730357 0.5975255 0.4420951 0.007871435 0.8969336 0.2874357 -0.0009532075 0.9577995 -0.4713922 -0.004184281 -0.8819138 -0.2902739 -0.002576597 -0.9569402 0.8077313 0.007169943 0.5895072 -0.9568979 -0.00849404 -0.2903003 0.008882575 -0.9999605 -4.764246e-06 -0.9951468 -0.008841717 -0.09800364 0.00887596 -0.9999605 -9.475063e-07 -0.9951525 -0.008833611 -0.09794685 -0.008886424 0.9999605 3.544047e-05 -0.008878808 0.9999606 -1.540996e-05 -0.008878808 0.9999606 1.540972e-05 0.9951469 0.008827343 0.09800413 -0.008878382 0.9999606 0 0.008874636 -0.9999606 9.585959e-08 0.9951469 0.008827495 -0.09800298 0.008874637 -0.9999606 -1.715077e-05 0.008877964 -0.9999606 2.322018e-07 -0.9951412 -0.008827368 -0.09806183 0.008868224 -0.9999607 4.920061e-05 -0.9569455 -0.008488554 -0.2901436 0.008881292 -0.9999606 1.649489e-05 -0.9951413 -0.008831348 0.09806032 -0.9951531 -0.008831454 -0.09794062 -0.956944 -0.008499944 0.2901479 0.008868223 -0.9999607 -4.920115e-05 -0.9568428 -0.008487643 0.2904819 -0.9951532 -0.008827474 0.0979391 0.008868651 -0.9999607 1.000916e-05 0.9568974 0.008488202 -0.290302 -0.008886425 0.9999605 -3.544349e-05 -0.9568441 -0.008499056 -0.2904776 -0.008875061 0.9999606 1.788121e-06 0.2199323 0.006622816 0.9754927 -0.008883081 0.9999606 -7.091975e-06 -0.6616007 -0.001285703 0.7498552 -0.9067952 -0.00312766 0.4215598 -0.6343519 -0.005631249 0.7730239 -0.6027646 -0.001406559 0.7979177 -0.6087489 -0.005406758 0.7933446 -0.008877254 0.9999605 0 -0.008877254 0.9999606 0 -0.00887854 0.9999606 0 -0.7933429 -0.003841622 0.6087629 -0.7730148 -0.006862183 0.6343509 -0.8818389 -0.009973441 0.4714454 -0.9951471 -0.008832771 -0.09800152 -0.9914294 -0.00559128 -0.1305237 -0 0 -1 -0.008874875 0.9999607 -7.948114e-06 0.8818157 0.007828964 -0.4715292 0.8818644 0.00782602 -0.4714381 -0.008872251 0.9999606 4.738515e-05 -0.008873678 0.9999606 -1.334346e-05 -0.008885984 0.9999605 4.987049e-05 0.8818842 0.007822703 0.4714012 -0.7593849 -0.006742751 -0.6506067 -0.7782717 -0.004941691 -0.6279082 -0.7705549 -0.003345622 -0.6373647 0.008872285 -0.9999606 -4.20603e-06 -0.008894749 0.9999604 9.228083e-06 -0.9542018 -0.00989119 -0.2990004 -0.9253363 -0.005811325 -0.3791029 -0.8746815 -0.009286603 -0.4846092 -0.008884308 0.9999605 7.008199e-06 0.008585283 -0.9675455 -0.2525508 -0.008851997 0.9999608 2.693516e-05 -0.008893784 0.9999604 -1.265134e-05 0.7411211 0.006578461 -0.671339 0.7238644 0.006425284 -0.6899123 -0.008879089 0.9999605 1.339181e-06 -0.2902721 -0.002576532 0.9569407 -0.008878307 0.9999606 -6.336352e-07 -0.8818592 -0.007822397 0.4714478 0.008864969 -0.9999607 -9.286904e-06 0.008869254 -0.9999607 1.146122e-05 0.008877421 -0.9999606 1.779645e-06 0.00888613 -0.9999605 2.23813e-05 0.008872744 -0.9999606 4.51194e-06 0.008857093 -0.9999608 -1.855022e-05 0.008585216 -0.9675382 -0.2525791 -0.00889321 0.9999604 1.330455e-07 -0.008849054 0.9999608 3.06476e-06 0.9999614 0.008787458 9.347939e-05 0.9999608 0.008848526 7.637148e-06 0.9999596 0.008985111 0.0001357973 0.9999601 0.008930922 -4.183992e-05 -0.9999606 -0.008870542 0 0.6793765 0.006434151 -0.7337617 -0.9999607 -0.00887463 0 -0.008874591 0.9999606 0 0.008588927 -0.9675447 -0.252554 -0.9999608 -0.008861122 -1.177693e-05 -0.9999605 -0.008886212 -1.883614e-05 -0.9999607 -0.008873028 -1.882727e-06 -0.9999606 -0.008882928 9.765245e-05 -0.9999607 -0.008863858 -2.801048e-06 -0.9999608 -0.008855299 -3.012059e-05 -0.999961 -0.008839437 2.704227e-05 -0.9999606 -0.008878055 -3.854952e-06 0.008232341 -0.927612 -0.3734544 -0.9999607 -0.008871336 4.330052e-06 0.008234447 -0.9276124 -0.3734534 0.9999607 0.008862729 -1.129367e-05 0.9999606 0.008878959 4.622655e-06 0.9999607 0.008872909 1.79529e-06 0.9999605 0.008882613 -9.577535e-05 0.9999607 0.008864462 -1.447479e-07 0.9999605 0.008884064 -6.767271e-06 0.999961 0.008840828 6.141207e-05 0.9999608 0.008854119 3.285791e-05 0.9999606 0.008878355 4.14124e-06 0.9999604 0.008893899 -2.197947e-06 -0.00876176 0.9870476 -0.1601887 -0.008760014 0.9870489 -0.16018 -0.008761772 0.9870488 0.1601808 -0.008760002 0.9870474 0.1601894 -0.007860929 0.8857431 0.4641093 0.9999607 0.008869109 1.463697e-05 -0.007862512 0.8857467 0.4641024 -0.008755579 0.9863545 0.1644015 0.9999606 0.008878398 -0 0.9999607 0.00885871 -0 -0.008754701 0.986355 0.1643993 -0.9999607 -0.008859537 -0 0 0 -1 -0.9999606 -0.008877729 -0 0.003046299 -0.343179 -0.9392651 -0 0 -1 0.00304562 -0.3431774 -0.9392656 -0.9999605 -0.008888817 1.747151e-05 -0.9999611 -0.00882639 -2.492603e-05 -0.006860878 0.7729783 0.6343954 -0.007827512 0.8818837 0.4714019 -0.007828227 0.8818871 0.4713957 -0.008494133 0.9569045 0.2902784 -0.008490741 0.9568948 0.2903107 -0.006861562 0.7729825 0.6343902 -0.005631192 0.6343763 0.7730038 0.9999616 0.008756943 -3.178783e-05 -0.004184221 0.471369 0.8819262 -0.004183804 0.471373 0.881924 -0.005630544 0.6343716 0.7730078 0.9999591 0.009050841 2.980377e-05 -0.002576697 0.2902753 0.9569398 -0.0008700608 0.09801582 0.9951844 0.9999614 0.008780576 -0 -0.002576698 0.2902753 0.9569398 -0.9999591 -0.009049793 -2.948613e-05 -0.0008700573 0.09801579 0.9951844 -0.9999614 -0.008782406 -0 -0.008876356 0.9999606 0 -0.008876356 0.9999606 0 -0.9999616 -0.008755052 3.228154e-05 -0.007862463 0.885741 -0.4641132 -0.007860938 0.8857446 -0.4641063 -0.008548724 0.9999635 -4.028834e-05 -0.009026556 0.9999592 2.121184e-05 0.6926935 0.7115595 0.1177227 0.7021337 0.7117244 -0.02136667 0.7022115 0.7116517 -0.0212333 0.6844202 0.711557 -0.1589198 0.05113038 0.9983284 -0.02694761 0.02841267 0.9992418 -0.02662076 0.0899351 0.9948503 -0.04673792 0.04669036 0.9988281 -0.01275243 0.2279931 0.9725884 -0.04572666 0.2278221 0.9726308 -0.04567792 0.120357 0.992417 -0.02495249 0.2092069 0.9724205 -0.1031063 -0.008860203 0.9999607 1.465722e-05 0.03455163 0.9994022 -0.001279611 0.03348085 0.9994144 0.007063775 0.2040863 0.9788675 0.01292698 0.1467237 0.9879068 0.05012171 0.2315819 0.972706 0.01459098 0.220502 0.9725861 0.0738589 0.2204308 0.9726035 0.07384267 0.437032 0.8879385 0.1434167 0.4369092 0.8880033 0.1433896 0.4585674 0.8882091 0.02829161 0.23176 0.9726636 0.01458622 0.6276164 0.7512032 0.2044298 0.6272617 0.751519 0.2043576 0.4591668 0.8879001 0.02827159 0.6585358 0.751471 0.04027186 0.4515254 0.8878312 -0.08877277 0.6585304 0.7514758 0.04027213 0.6476499 0.7513827 -0.1263867 0.4511303 0.8880436 -0.08865758 0.415366 0.8872907 -0.2004649 0.4146548 0.8877183 -0.2000444 0.5954481 0.7510802 -0.2851672 0.6474677 0.7515491 -0.1263307 0.8054715 0.5715858 -0.1565413 0.804951 0.5723674 -0.1563633 0.7405532 0.5718069 -0.3530125 0.5947651 0.751779 -0.2847506 0.7405925 0.5717401 -0.3530382 0.6293957 0.5707768 -0.5273281 0.5056935 0.7502923 -0.425835 0.5052095 0.7508994 -0.4253392 0.2660253 0.8864012 -0.3788448 0.3836739 0.7492092 -0.5398888 0.2659564 0.8864715 -0.3787289 0.3515513 0.887256 -0.2986445 0.1326347 0.9717242 -0.1953461 0.1327537 0.9716681 -0.1955444 0.3522157 0.8867689 -0.2993074 0.176784 0.9721094 -0.1541126 0.1423003 0.9818296 -0.1255437 0.1769258 0.9720613 -0.1542527 0.1004282 0.9834276 -0.1509443 0.01985588 0.9993388 -0.03045959 -0.008863728 0.9999607 8.83672e-06 -0.008858155 0.9999608 1.140994e-05 -0.008876819 0.9999606 -1.268268e-06 0.0159862 0.9990832 -0.03971467 0.01652076 0.9976266 -0.06684537 0.02683545 0.9955106 -0.09076586 4.898974e-06 0.9986057 -0.05278817 0.009103827 0.9894875 -0.1443322 -0.01013266 0.9990233 -0.04301083 -0.01845965 0.9950535 -0.09761037 -0.02420914 0.9950029 -0.09686721 -0.01846826 0.9989644 -0.04158096 -0.008873985 0.9999607 -1.100741e-05 -0.06226595 0.9890023 -0.1341538 -0.03085429 0.998322 -0.04900165 -0.008838961 0.9999609 -1.450204e-05 -0.05051481 0.9970099 -0.05847658 -0.06675079 0.994612 -0.07931808 -0.04323167 0.9985408 -0.03236146 -0.04459123 0.9987551 -0.02235764 -0.1534128 0.9809559 -0.1191218 -0.2269496 0.9685374 -0.1021229 -0.1891999 0.978302 -0.08443129 -0.1946922 0.9688267 -0.1531985 -0.1946884 0.9688278 -0.1531959 -0.3689387 0.8806214 -0.2973051 -0.1507191 0.9692225 -0.1946575 -0.2835524 0.8814666 -0.3776436 -0.2836858 0.8813586 -0.3777954 -0.3994593 0.7422546 -0.5380431 -0.1810086 0.8823651 -0.434359 -0.2532751 0.7436646 -0.6187202 -0.2532848 0.7436459 -0.6187388 -0.3105486 0.5623199 -0.7663916 -0.1361973 0.7467851 -0.6509703 -0.1496746 0.6320902 -0.7603022 -0.1659277 0.5659367 -0.8075789 -0.1683412 0.4696181 -0.8666718 -0.05876386 0.6329852 -0.7719303 -0.06484037 0.4704693 -0.880031 -0.05386663 0.567148 -0.8218524 0.09646835 0.5661918 -0.818609 0.1119964 0.3530088 -0.9288927 0.1120081 0.3533953 -0.9287443 -0.05949279 0.3535153 -0.9335349 0.2969157 0.5676084 -0.7678943 0.3393399 0.3552837 -0.8709891 0.3393281 0.3554596 -0.8709219 0.09646684 0.5658556 -0.8188416 0.2969025 0.5676869 -0.7678415 0.2371428 0.7479523 -0.619944 0.07529703 0.7465121 -0.6610976 0.07529422 0.7466277 -0.6609673 -0.0375098 0.8810266 -0.4715773 -0.04915287 0.7721919 -0.6334853 0.04969034 0.8842558 -0.4643517 -0.04612975 0.7475734 -0.6625754 -0.03593243 0.8847501 -0.4646786 -0.06193909 0.9563575 -0.2855589 -0.09831849 0.884423 -0.4562121 -0.09848308 0.8805302 -0.4636459 -0.02915942 0.9566605 -0.2897422 -0.09798801 0.9696058 -0.2241943 -0.09792963 0.9696385 -0.2240779 -0.1809314 0.8824559 -0.4342067 -0.05848266 0.9703346 -0.2345854 0.04967715 0.8844609 -0.4639624 -0.01975397 0.9708064 -0.2390499 0.02103095 0.9707903 -0.239006 0.07961749 0.9712356 -0.2244155 0.02104243 0.9707161 -0.2393065 0.1632105 0.8854867 -0.4350582 0.1632086 0.8854902 -0.4350518 -0.1263373 0.7715127 -0.623544 0.2371556 0.7479103 -0.6199898 0.4784088 0.5692945 -0.6686021 0.4786457 0.5685785 -0.6690416 0.3836858 0.7491883 -0.5399094 0.5450764 0.35777 -0.7582166 0.6298772 0.5697612 -0.5278513 0.7165321 0.358599 -0.5983213 0.7163264 0.3594418 -0.5980619 0.5220872 0.4450385 -0.7275753 0.6818182 -0.1130781 -0.722729 0.6833429 0.4545372 -0.5713479 0.5451684 0.3571955 -0.7584212 0.685642 0.006104923 -0.7279133 0.685738 0.00607483 -0.7278231 0.8137529 -0.04774477 -0.5792466 0.8144505 0.007215072 -0.5801882 0.8144964 0.007234161 -0.5801234 0.912013 0.008100275 -0.4100812 0.847069 0.3471295 -0.4024615 0.8990234 0.1668313 -0.4048756 0.9120485 0.008080346 -0.4100027 0.9703431 0.09219821 -0.2234585 0.9744952 0.008633596 -0.2242426 0.9744959 0.008632855 -0.2242395 0.9995177 0.008854519 -0.02976419 0.9962615 -0.08114183 -0.0296465 0.9031314 0.3919757 -0.175239 0.9159088 0.3599312 -0.1776533 0.914983 0.3624731 -0.1772552 0.9302251 0.3626055 0.0565545 0.8843043 0.4637979 0.05382668 0.8607695 0.4259129 0.2787009 0.8874145 0.3606493 0.2871022 0.9811172 -0.1016079 0.1645751 0.9308277 0.361071 0.05645731 0.7800573 0.572225 0.2531187 0.88734 0.3608374 0.2870958 0.8183416 0.5725663 0.04985027 0.8189529 0.5716959 0.04980049 0.780497 0.5715925 0.2531928 0.7880135 0.3598935 0.4995112 0.6928415 0.5708339 0.4405897 0.7880892 0.3596914 0.4995372 0.6390058 0.3583056 0.6806531 0.61536 0.4365412 0.656326 0.808854 0.2886799 0.5122686 0.7279254 -0.002040414 0.6856533 0.7278765 0.006447592 0.6856779 0.7278749 0.006447022 0.6856797 0.5801377 0.005138467 0.8145022 0.5773011 -0.1099664 0.8090926 0.5801437 0.005140261 0.8144979 0.409992 0.003632661 0.9120819 0.4095398 -0.06979143 0.9096188 0.4269133 0.4584088 0.7794911 0.2366259 0.2904238 0.9271796 0.2275757 0.3713531 0.90017 0.4497254 0.3560957 0.819111 0.4495888 0.3566074 0.8189634 0.2339047 0.3545834 0.9052951 -0.003199591 0.3523024 0.9358807 -0.003543226 0.3577091 0.9338264 0.009836759 0.2886712 0.9573778 -0.000491751 0.468468 0.8834803 0.2160045 0.4704254 0.8555945 -0.005490886 0.5649894 0.8250799 -0.002393462 0.6315466 0.7753342 0.1876252 0.6332372 0.7508711 0.2043489 0.5669965 0.7979702 0.3941585 0.5684956 0.7221162 0.1623135 0.7473903 0.6442531 0.3157013 0.7486084 0.5830249 0.3155362 0.7488578 0.5827941 0.5612317 0.5698687 0.6002238 0.3941857 0.568432 0.7221514 0.4502789 0.75008 0.484385 0.4505904 0.7497235 0.4846472 0.5615277 0.5693329 0.6004553 0.693139 0.5703714 0.4407208 0.5565643 0.7508938 0.3555203 0.5568272 0.7506386 0.3556474 0.3868744 0.88782 0.2492063 0.3874204 0.8875046 0.2494815 0.3125266 0.8871055 0.3396631 0.1952076 0.9722871 0.1286547 0.1949644 0.9723523 0.1285297 0.3129901 0.8867871 0.3400674 0.1567896 0.9719462 0.1753214 0.1570097 0.9718754 0.1755167 0.1081376 0.9714454 0.2111873 0.2182782 0.8860229 0.4090454 0.2183698 0.8859389 0.4091785 0.108155 0.9714379 0.2112131 0.05405181 0.9710329 0.232752 0.1105457 0.8851096 0.4520627 0.06402511 0.9569616 0.2830639 0.02263519 0.9919577 0.1245294 0.01311607 0.9953403 0.09552834 -0.005884652 0.9951684 0.09800559 -0.007696437 0.9916677 0.1285916 -0.01029367 0.9706101 0.2404373 -0.006912702 0.9563248 0.2922244 -0.06795898 0.9700207 0.2333271 -0.1230763 0.8828902 0.4531635 -0.1231125 0.8827622 0.4534029 -0.00785618 0.883766 0.467863 -0.1707225 0.7444835 0.6454441 -0.1707232 0.7444792 0.6454489 -0.006911894 0.7460304 0.665876 -0.004873964 0.770564 0.637344 -0.007247835 0.8801509 0.4746386 0.1526757 0.7718626 0.617186 0.1118542 0.8811445 0.4594269 -0.2083363 0.5631362 0.7996709 -0.4007903 0.561384 0.724027 -0.3260769 0.7431069 0.5843509 -0.4007319 0.5616351 0.7238646 -0.5682797 0.5602162 0.602674 -0.6423403 0.3459246 0.6839116 -0.6423952 0.3456273 0.6840104 -0.4521061 0.3477818 0.8213695 -0.6576111 0.2761763 0.7009097 -0.5304025 -0.01285668 0.8476484 -0.4367558 0.4268441 0.7918639 -0.4520242 0.348634 0.8210533 -0.3515021 -0.1191294 0.9285766 -0.2235348 0.4521552 0.8634742 -0.2337341 0.3498246 0.9071885 -0.2337339 0.3502945 0.9070073 -0.1646568 -0.07424029 0.983553 -0.1657413 -0.001476133 0.9861681 -0.3549273 -0.003160248 0.9348885 -0.1657397 -0.001475734 0.9861684 -0.1659454 0.07157945 0.9835337 0.02986124 0.000264513 0.999554 0.02985511 0.000265897 0.9995542 0.007874659 -0.3696086 0.9291542 0.03057909 -0.09695813 0.9948186 0.2330049 -0.286615 0.9292796 0.005925814 -0.2881524 0.9575662 0.2240092 -0.09486946 0.9699585 0.2242 0.001996433 0.9745411 0.2400087 -0.3557615 0.9032328 0.4083328 0.07633071 0.9096361 0.4100623 0.003651479 0.9120502 0.2402052 -0.3500505 0.9054093 0.4559464 -0.3479973 0.8191525 0.4350016 -0.4505162 0.779621 0.2243023 -0.4666691 0.8555165 0.2143798 -0.5632445 0.7979956 0.4559358 -0.3481054 0.8191124 0.4042792 -0.5611666 0.7222537 0.3288008 -0.743137 0.5827842 0.175558 -0.7444165 0.6442231 0.4042164 -0.561433 0.7220817 0.1988664 -0.6296649 0.7509822 0.006338127 -0.7461776 0.6657168 0.008801608 -0.7705742 0.6372896 0.1663072 -0.7691762 0.617017 0.008824373 -0.6315467 0.7752876 -0.1573781 -0.7476308 0.6451978 -0.1575096 -0.747307 0.6455408 -0.1983344 -0.5665773 0.7997834 0.004542639 -0.5650125 0.8250698 0.007826084 -0.4684556 0.8834524 -0.2274914 -0.3539454 0.9071771 -0.1982351 -0.5669402 0.799551 0.003045344 -0.3520806 0.9359648 -0.4459175 -0.355823 0.8213084 -0.2274793 -0.354011 0.9071545 -0.3906647 -0.5687042 0.7238485 -0.3909641 -0.5679999 0.7242398 -0.5586905 -0.5693302 0.6030986 -0.558512 -0.5696549 0.6029575 -0.6359092 -0.357909 0.6837548 -0.4458215 -0.356185 0.8212036 -0.6360205 -0.3575713 0.6838279 -0.6527541 -0.2870968 0.7010617 -0.5305935 0.004016646 0.8476169 -0.429062 -0.434653 0.7918223 -0.7621337 -0.4246667 0.4886825 -0.7854981 -0.3602216 0.5032228 -0.7860086 -0.3588565 0.5034009 -0.6628678 -0.2491863 0.7060542 -0.8141583 -0.02696371 0.5800165 -0.9120484 -0.008099898 0.4100025 -0.8144476 -0.007233105 0.5801921 -0.9074224 0.1022766 0.4075832 -0.912011 -0.008077974 0.4100862 -0.8144922 -0.007215444 0.5801296 -0.9056769 -0.1167719 0.4075705 -0.849075 0.4499375 0.2768177 -0.9698491 -0.09750976 0.2233486 -0.9744964 -0.008631429 0.224237 -0.9245897 0.3761865 0.06014662 -0.9967294 0.07509859 0.02984442 -0.9995121 -0.008852978 0.02995314 -0.9744964 -0.008631405 0.2242371 -0.9995176 -0.00889966 0.02975499 -0.9953603 -0.09153479 0.02965162 -0.917577 -0.3929832 0.06013788 -0.9714707 0.07971883 0.2233602 -0.9165136 -0.3605865 -0.1731479 -0.9168995 -0.359525 -0.173312 -0.9215024 -0.3471343 -0.1741581 -0.9723396 -0.1666001 -0.1637073 -0.930689 -0.360694 0.06097459 -0.8056082 -0.5724527 -0.1526214 -0.8058348 -0.5721135 -0.1526976 -0.8183394 -0.5722187 0.05372548 -0.9308745 -0.3602199 0.06094539 -0.8182892 -0.5722902 0.05372934 -0.8864055 -0.3597867 0.291271 -0.885821 -0.3612657 0.2912183 -0.7790328 -0.5719562 0.2568538 -0.6579445 -0.7518178 0.0433472 -0.657726 -0.7520086 0.04335687 -0.779743 -0.5709324 0.2569768 -0.6262819 -0.7515438 0.2072511 -0.6255054 -0.7522347 0.2070894 -0.6907657 -0.5707778 0.4439092 -0.6911062 -0.5702473 0.4440611 -0.5542294 -0.7515226 0.3578316 -0.4371257 -0.8875281 0.1456543 -0.4358462 -0.8882043 0.1453663 -0.5550513 -0.7507243 0.3582335 -0.3868399 -0.8871266 0.2517171 -0.2206119 -0.9724723 0.07501908 -0.2203085 -0.9725466 0.0749485 -0.3858596 -0.8876949 0.2512171 -0.1944578 -0.972313 0.1295901 -0.1562005 -0.9718649 0.1762951 -0.19486 -0.9722046 0.1297993 -0.3111126 -0.8869913 0.3412557 -0.3113396 -0.8868347 0.3414556 -0.3128828 -0.7486515 0.5844873 -0.2163638 -0.8859738 0.4101671 -0.3128667 -0.7486758 0.5844646 -0.4482091 -0.7498688 0.4866267 -0.1559312 -0.9719519 0.1760539 -0.2161946 -0.88613 0.4099188 -0.1069508 -0.971514 0.2114759 -0.05186924 -0.996539 0.06495959 -0.01709255 -0.9989923 0.04150041 -0.07441152 -0.985557 0.1521195 -0.1071546 -0.9714252 0.2117807 -0.006065847 -0.9992068 0.03935505 -0.05086376 -0.9709373 0.2338666 -0.0507667 -0.9710088 0.2335908 -0.04252933 -0.9785736 0.2014574 0.001490884 -0.9990332 0.04393896 0.009935183 -0.9917194 0.1280389 0.006941486 -0.9705644 0.2407414 0.008880462 -0.9999605 2.324982e-05 0.01174593 -0.9950696 0.0984816 0.00885032 -0.9999608 5.677377e-06 0.008873441 -0.9999607 8.869481e-06 0.008876001 -0.9999607 1.676623e-05 0.008893971 -0.9999604 5.843814e-08 0.008890089 -0.9999605 3.929692e-06 0.00887733 -0.9999605 3.926277e-05 0.008879598 -0.9999605 -2.27203e-07 0.3853351 0.003414787 -0.9227704 0.3853439 0.003424464 -0.9227667 -0.6064396 -0.005389292 -0.7951113 -0.6064396 -0.005389258 -0.7951113 -0.991776 -0.008813635 0.127682 -0.99178 -0.00878428 0.1276529 0.008871972 -0.9999607 -2.044872e-05 0.008874555 -0.9999607 -3.733002e-07 -0.3853369 -0.003412962 0.9227697 0.008880358 -0.9999605 1.135615e-05 0.008879719 -0.9999605 6.397851e-06 -0.3853153 -0.003435984 0.9227785 0.6064336 0.005407769 0.7951158 0.6064461 0.005392213 0.7951062 0.008885026 -0.9999605 2.129684e-06 0.9917801 0.00878902 -0.1276517 0.008858594 -0.9999608 1.689575e-06 0.9917761 0.008818377 -0.1276808 0.008884902 -0.9999605 5.088975e-06 0.00888361 -0.9999605 6.849777e-06 0.008892428 -0.9999605 2.347455e-06 0.008885286 -0.9999605 3.328006e-05 0.008871229 -0.9999607 1.162248e-05 -0.04760762 -0.9988647 0.001694982 -0.1231793 -0.9923468 0.008641166 -0.03401057 -0.9993733 0.009811105 0.008902184 -0.9999604 -5.582822e-05 -0.1991182 -0.9776117 0.06802429 -0.03023652 -0.9993881 0.01758496 0.008883811 -0.9999605 -3.311698e-07 -0.1274363 -0.9880344 0.08687919 -0.03231342 -0.9990453 0.02940279 0.008893782 -0.9999604 5.078786e-05 -0.04510815 -0.9973418 0.05722465 0.008830706 -0.999961 -4.257376e-07 -0.05537485 -0.9984077 -0.01075194 -0.09888347 -0.9948921 -0.02028744 -0.228204 -0.972591 -0.04460615 -0.2320774 -0.9725699 0.01574287 -0.2318527 -0.9726234 0.01574781 -0.4520377 -0.8877846 -0.08660487 -0.4591396 -0.8878419 0.03045385 -0.2281221 -0.9726112 -0.04458323 -0.4580146 -0.8884217 0.03048616 -0.4156998 -0.8876547 -0.1981487 -0.2102399 -0.9722725 -0.1023988 -0.2096104 -0.9724466 -0.1020353 -0.451686 -0.8879735 -0.08650415 -0.4152447 -0.8879269 -0.1978826 -0.5967556 -0.7511629 -0.2822004 -0.6480049 -0.7515927 -0.1232796 -0.6476606 -0.7519066 -0.1231755 -0.3525525 -0.8875105 -0.2967015 -0.5078678 -0.7501115 -0.42356 -0.3527655 -0.8873555 -0.2969121 -0.5970366 -0.7508758 -0.2823701 -0.5081687 -0.7497351 -0.4238653 -0.6320186 -0.5704595 -0.5245269 -0.7424479 -0.5713963 -0.3496817 -0.7421886 -0.5718354 -0.3495143 -0.6316434 -0.5712456 -0.5241232 -0.8448491 -0.3589713 -0.3966983 -0.8448074 -0.3591043 -0.3966667 -0.7195848 -0.3580711 -0.5949646 -0.4812974 -0.569814 -0.6660817 -0.719483 -0.3584862 -0.5948376 -0.4815033 -0.5691983 -0.6664592 -0.5487298 -0.3569845 -0.7559482 -0.3005503 -0.5676041 -0.7664822 -0.5486119 -0.3577139 -0.7556889 -0.3434001 -0.355712 -0.8692211 -0.3005342 -0.5676976 -0.7664192 -0.2399064 -0.7483588 -0.6183882 -0.1228603 -0.7493356 -0.6506931 -0.1558585 -0.5687953 -0.8075766 -0.1383994 -0.6347638 -0.7602109 -0.03546816 -0.7728128 -0.6336421 -0.1127453 -0.7734492 -0.6237505 -0.03289098 -0.7482383 -0.6626143 -0.04754712 -0.6339654 -0.7718984 0.08853846 -0.7450868 -0.6610647 -0.04380759 -0.5678918 -0.8219367 0.08857237 -0.7449515 -0.6612126 0.1064882 -0.5642006 -0.8187417 0.1065216 -0.5640072 -0.8188705 0.118265 -0.3510326 -0.9288646 -0.05321953 -0.3544647 -0.9335537 -0.05649067 -0.4714757 -0.8800679 -0.1787384 -0.3555889 -0.9173926 -0.1767543 -0.2912724 -0.9401693 -0.1599894 -0.4724005 -0.8667417 -0.06203027 -0.2902283 -0.954945 -0.1914655 -0.099496 -0.9764433 -0.06033122 -0.09829747 -0.9933267 -0.2242619 -0.001986525 -0.9745269 -0.02983569 -0.0002642863 -0.9995547 -0.2242626 -0.001986696 -0.9745268 -0.03057659 0.1003661 -0.9944806 -0.2240175 0.09868252 -0.9695762 -0.4100064 -0.003632165 -0.9120755 -0.4090466 -0.0537052 -0.9109318 -0.3353322 -0.4057515 -0.8502459 -0.5801331 -0.005139297 -0.8145055 -0.4100064 -0.003632175 -0.9120754 -0.5666103 -0.2052656 -0.7980093 -0.5801345 -0.005138877 -0.8145045 -0.7278751 -0.006447579 -0.6856795 -0.7277687 0.02670033 -0.6853027 -0.5573712 -0.3174113 -0.7671944 -0.57021 0.1947432 -0.7980825 -0.7278734 -0.006448118 -0.6856813 -0.7271638 -0.04007524 -0.6852933 -0.562985 0.3071169 -0.7672855 -0.4099416 0.04613725 -0.9109441 -0.3425193 0.3995651 -0.8503106 -0.5549206 0.3477171 -0.7557486 -0.5550292 0.3473319 -0.755846 -0.349671 0.3491662 -0.8693752 -0.3497592 0.348746 -0.8695083 -0.1850324 0.3523315 -0.9174016 -0.1818979 0.2878838 -0.9402319 -0.1931775 0.09609167 -0.976447 -0.2222247 -0.1028019 -0.9695606 -0.0620684 0.09719571 -0.993328 -0.06716616 0.2890839 -0.9549446 -0.4916682 0.5604036 -0.6664909 -0.641704 0.5597656 -0.5242886 -0.6421716 0.5589584 -0.5245771 -0.7254375 0.3463426 -0.5948001 -0.5207872 0.7413099 -0.423368 -0.3993435 0.7424097 -0.537915 -0.5210543 0.7410213 -0.4235443 -0.4914048 0.5609611 -0.6662161 -0.3687814 0.8807233 -0.2971981 -0.6103061 0.7401567 -0.2823025 -0.43156 0.8800529 -0.1981482 -0.4313495 0.8801732 -0.1980725 -0.4675316 0.8797265 -0.08657679 -0.2454656 0.9683782 -0.0446129 -0.2455124 0.9683662 -0.04461755 -0.2269674 0.9685326 -0.1021294 -0.1402192 0.9900833 0.008574041 -0.06560271 0.9978443 0.001711247 -0.07346882 0.997238 -0.01089228 -0.2491108 0.9683478 0.01569112 -0.1150623 0.9931565 -0.02001833 -0.05146042 0.9985442 -0.01616638 -0.7051622 0.6992406 -0.1175114 -0.6688069 0.69955 -0.2516492 -0.6689406 0.699464 -0.2515327 -0.6070589 0.7001247 -0.3759053 -0.6070425 0.7000113 -0.3761431 -0.5221771 0.7008019 -0.486012 -0.5222166 0.7008734 -0.4858665 -0.417375 0.7017274 -0.5773879 -0.3822841 0.7020501 0.6008198 -0.3822788 0.7020527 0.6008202 -0.4922299 0.7010865 0.5159337 -0.008957577 0.9999598 -1.013622e-07 -0.4923295 0.7010362 0.5159069 -0.5835748 0.7002262 0.4112466 -0.5835642 0.7001867 0.4113289 -0.009035396 0.9999592 9.91796e-06 -0.008729824 0.9999619 8.069111e-07 -0.6528187 0.6995633 0.2905836 -0.008801245 0.9999612 9.994445e-06 -0.008990669 0.9999595 1.564246e-05 -0.6526347 0.6996762 0.2907255 -0.6969113 0.6992947 0.1590642 -0.009299093 0.9999568 5.533952e-05 -0.7147672 0.6990469 0.02100855 -0.6970209 0.6992141 0.1589387 -0.7146398 0.6991704 0.02123084 -0.00886956 0.9999607 -3.486465e-05 -0.008859431 0.9999607 -1.832202e-05 -0.05133728 0.9986338 0.009743833 -0.04781962 0.998702 0.0175371 -0.2126645 0.9748377 0.06682292 -0.1433331 0.9859439 0.0858496 -0.2377576 0.9684202 0.07505824 -0.2377082 0.9684339 0.07503711 -0.2118357 0.9686691 0.1296379 -0.4018219 0.8805578 0.2513109 -0.4519179 0.8801287 0.1454087 -0.2118982 0.9686489 0.1296861 -0.4523354 0.879884 0.1455913 -0.3271419 0.8810515 0.3416525 -0.1731832 0.969023 0.1760742 -0.4020897 0.8803754 0.2515209 -0.17324 0.9689996 0.176147 -0.1242078 0.9694623 0.2114598 -0.0695882 0.9954572 0.06498009 -0.03481657 0.998533 0.04147016 -0.09223678 0.9839509 0.1527518 -0.06800839 0.9699433 0.2336342 -0.06001462 0.9775597 0.2019288 -0.0238553 0.9989344 0.03951208 -0.124245 0.969439 0.2115451 -0.008866791 0.9999607 8.990328e-06 -0.008883704 0.9999605 -3.955902e-06 -0.01630147 0.9988903 0.04418511 -0.008895629 0.9999604 -2.072205e-06 -0.1237092 0.7043277 0.6990125 -0.2578332 0.7031466 0.6626514 -0.2578654 0.7031308 0.6626557 -0.1237233 0.7043205 0.6990173 -0.1652063 0.7039866 -0.6907312 -0.2969224 0.702802 -0.6464568 -0.1652402 0.7039695 -0.6907407 -0.2969312 0.7028087 -0.6464455 -0.4174 0.7017539 -0.5773377 -0.0273605 0.7052172 -0.7084631 0.1112704 0.7064158 -0.6989962 0.1111957 0.7064525 -0.6989709 -0.02740895 0.7051908 -0.7084876 0.1526346 0.7068234 0.6907266 0.01492144 0.7055672 0.7084859 0.01487149 0.7055933 0.708461 0.1526413 0.7068202 0.6907285 -0.008913667 0.9999602 2.366313e-05 -0.008872815 0.9999605 -8.266833e-06 -0.008906027 0.9999604 2.901596e-06 -0.008868073 0.9999607 -8.739905e-06 0.009452247 0.999126 0.04071701 0.01564552 0.999284 0.03444764 0.09204553 0.9789445 0.1821951 0.1114643 0.9855714 0.1273758 0.02710697 0.9990585 0.03387148 0.06715081 0.9965896 0.04795802 0.05971735 0.9972926 0.04291104 0.0395686 0.9990473 0.01840205 0.6562791 0.7113529 0.2515445 0.6926092 0.7116821 0.1174778 0.5945174 0.7106518 0.3761954 0.5945302 0.7107521 0.3759859 0.6563706 0.7112965 0.2514659 -0.008858918 0.9999608 2.13173e-06 0.5096365 0.7098928 0.4861306 0.4049884 0.7090332 0.5772835 0.509672 0.7099597 0.4859954 0.4049709 0.7090139 0.5773196 0.2842998 0.7079418 0.646523 0.3698732 0.7086636 -0.6008241 0.2451333 0.7076593 -0.6626673 0.2453178 0.7075726 -0.6626916 0.4797409 0.7096741 -0.5159566 0.3697881 0.7087033 -0.6008297 0.5710388 0.7105718 -0.411099 -0.008860581 0.9999608 2.345584e-06 0.5710372 0.7105652 -0.4111127 0.4796038 0.7097402 -0.5159931 0.6400285 0.7111977 -0.2907945 0.6402459 0.7110697 -0.2906287 -0.008837472 0.999961 1.655343e-06 -0.008978266 0.9999596 1.977601e-05 0.2843837 0.7080088 0.6464128 -0.008851925 0.9999608 9.174171e-07 -0.05071139 0.9982685 0.02980436 -0.06376786 0.99626 0.05830512 -0.4613921 0.7418621 0.4865777 -0.3270449 0.8811367 0.3415259 -0.568229 0.7407641 0.3583074 -0.5680951 0.7409195 0.3581986 -0.4614424 0.7417863 0.4866457 -0.5682499 0.5602934 0.6026303 -0.7003626 0.5592312 0.4435684 -0.7005472 0.5588715 0.44373 -0.7890486 0.5580921 0.2567791 -0.7924911 0.3440872 0.5035492 -0.8929343 0.343071 0.2914973 -0.892672 0.3438904 0.291335 -0.9371592 0.3435306 0.06098605 -0.789264 0.5577378 0.2568871 -0.9367062 0.3447884 0.06084763 -0.8285412 0.5573491 0.05368013 -0.9225193 0.3449131 -0.1731849 -0.8286118 0.5572425 0.05369524 -0.9228935 0.3439182 -0.1731701 -0.8161025 0.5573655 -0.1527101 -0.6713887 0.7398319 0.04342759 -0.6706696 0.7404914 0.04329952 -0.8158622 0.5577201 -0.1526995 -0.6613072 0.7399134 -0.1232921 -0.6610067 0.7401858 -0.1232689 -0.4744556 0.8797519 0.03047079 -0.4745706 0.8796892 0.03048936 -0.4673601 0.8798191 -0.08656088 -0.7520372 0.5588825 -0.3494142 -0.6097891 0.7406502 -0.2821252 -0.752442 0.5582596 -0.3495387 -0.8510751 0.3441309 -0.3965415 -0.8509043 0.3445964 -0.3965038 -0.8133971 0.4416752 -0.3785607 -0.8405485 -0.1262259 -0.5268255 -0.7257757 0.3453344 -0.5949738 -0.6969546 0.4343661 -0.5705965 -0.934856 -0.008306762 -0.3549301 -0.9329972 -0.06254738 -0.3544066 -0.8476024 -0.007531462 -0.5305784 -0.9348838 -0.008325568 -0.3548563 -0.8476538 -0.007509234 -0.5304966 -0.8427961 0.1103325 -0.526803 -0.8052983 -0.4562494 -0.3785909 -0.9339404 0.0470958 -0.3543125 -0.9861224 -0.008781872 -0.1657874 -0.9861234 -0.008780399 -0.1657812 -0.974956 0.1505829 -0.1636629 -0.9271167 0.3318934 -0.1740727 -0.6390643 0.7407529 0.2070796 -0.6396908 0.7401316 0.2073665 -0.3261332 0.7429724 0.5844906 -0.2321195 0.8819364 0.4102543 -0.2321378 0.8819116 0.4102974 -0.2492335 0.968316 0.01571001 -0.7051522 0.6992557 -0.1174815 -0.3105241 0.562393 -0.7663478 -0.6888856 -0.4474336 -0.570298 -0.02984169 -0.0002657537 -0.9995546 0.1161474 -0.401817 -0.9083242 0.1659749 -0.04848263 -0.9849374 0.1657418 0.001476004 -0.9861681 0.1657381 0.001476855 -0.9861687 0.3548985 0.00316242 -0.9348995 0.3495321 -0.1970573 -0.9159672 0.3549395 0.003152475 -0.934884 0.5304813 0.00472338 -0.8476835 0.530524 0.004711967 -0.8476568 0.5299055 0.03745496 -0.8472292 0.3503572 -0.3095921 -0.8839698 0.3456369 -0.3489393 -0.8710778 0.5515072 -0.3470161 -0.7585641 0.5512958 -0.3477695 -0.7583728 0.5297256 -0.4361377 -0.727444 0.6915464 -0.4417622 -0.5714978 0.6797531 0.1256898 -0.7225911 0.7226384 -0.3463848 -0.5981734 0.7230392 -0.3451864 -0.5983817 0.8127282 0.06222863 -0.5793103 0.8492849 -0.3439632 -0.4005052 0.8530499 -0.3321034 -0.4025084 0.8486257 -0.3457591 -0.4003561 0.7511016 -0.5577925 -0.3531485 0.8155299 -0.5571299 -0.1565803 0.9215854 -0.3452294 -0.1774742 0.8152729 -0.5575093 -0.1565678 0.6606215 -0.7400103 -0.1263491 0.6714956 -0.7399114 0.04030885 0.828757 -0.5573806 0.04988663 0.6711256 -0.7402505 0.04024475 0.6402681 -0.7405037 0.204233 0.829004 -0.5570086 0.0499382 0.6406952 -0.7400808 0.2044262 0.7906673 -0.5573894 0.2533027 0.5699362 -0.7407376 0.3556411 0.789993 -0.5584964 0.2529684 0.5698585 -0.7408274 0.3555786 0.7024515 -0.5592019 0.4402897 0.4637029 -0.7417741 0.484511 0.4636089 -0.7419153 0.4843846 0.7025458 -0.5590191 0.4403715 0.5711197 -0.5601434 0.6000513 0.6454353 -0.3461827 0.6808604 0.7946195 -0.3447605 0.49972 0.7945614 -0.3449821 0.4996595 0.5711915 -0.5599585 0.6001556 0.813967 -0.2738134 0.5123319 0.8243692 -0.2356119 0.5146868 0.8683624 -0.4101782 0.2787481 0.9348482 -0.01096722 0.3548784 0.8939507 -0.3440582 0.2871864 0.9348181 0.008303544 0.3550297 0.9348508 0.008282357 0.3549443 0.8476474 0.007529248 0.5305066 0.8476009 0.007508121 0.5305812 0.8202102 0.249718 0.5146806 0.9344817 0.02725206 0.3549666 0.8915397 -0.4497551 0.05364187 0.9791489 0.1188349 0.1647596 0.9369243 -0.3449455 0.05643811 0.8935596 -0.3452716 0.2869474 0.9375708 -0.3431527 0.05663228 0.9222971 -0.3433362 -0.1774494 0.9948551 0.09681202 -0.02984604 0.9097641 -0.3764482 -0.1749741 0.9861264 0.008736636 0.1657664 0.9861573 0.008781449 0.1655797 0.9995115 0.008900365 -0.02995922 0.6231512 -0.4251259 0.6564682 0.7277651 0.01548234 0.6856517 0.6453922 -0.3464138 0.6807837 0.3287532 -0.881034 0.3401479 0.2340426 -0.881925 0.4091849 0.3288327 -0.7430617 0.5828622 0.2340425 -0.8819252 0.4091846 0.1262383 -0.8829347 0.4522058 0.08093923 -0.9557096 0.2829627 0.07112625 -0.9700677 0.2321843 0.12512 -0.9695045 0.2107274 0.02725784 -0.9987922 0.04087947 0.04032509 -0.991364 0.1247851 0.1252798 -0.969405 0.2110896 0.1094071 -0.9771455 0.182255 0.1741193 -0.9689717 0.1754316 0.1277298 -0.9837565 0.1261277 0.1741078 -0.9689764 0.1754169 0.03322674 -0.9988614 0.03423485 0.2125228 -0.9686387 0.1287371 0.4032467 -0.8803833 0.2496345 0.4032189 -0.8804021 0.2496129 0.3287298 -0.8810543 0.3401177 0.2380772 -0.9684254 0.07396954 0.2124878 -0.9686499 0.1287104 0.452927 -0.8799294 0.1434619 0.4530736 -0.8798437 0.1435253 0.2491402 -0.9683578 0.01457144 0.4744961 -0.8798039 0.02826076 0.4747813 -0.8796485 0.02830541 0.2379649 -0.9684567 0.07392205 0.2491256 -0.9683616 0.01456926 0.2227666 -0.9747856 0.01297192 0.1617258 -0.9856036 0.04929879 0.05092947 -0.9986773 0.007057393 0.008871653 -0.9999607 4.235186e-06 0.008870783 -0.9999606 -9.487944e-06 0.05658798 -0.998233 0.01812782 0.07640241 -0.9961794 0.0422988 0.008865933 -0.9999607 1.203593e-05 0.08347654 -0.9953955 0.04711143 0.0442149 -0.9984676 0.03328252 0.008898104 -0.9999604 3.172472e-07 0.05244631 -0.998623 -0.001283051 0.008890352 -0.9999605 2.066353e-05 0.06452816 -0.9978337 -0.01280019 0.008866785 -0.9999607 1.576011e-05 0.1388144 -0.9899997 -0.02512301 0.008873258 -0.9999607 7.221303e-06 0.06896156 -0.9972524 -0.02705461 0.2452673 -0.9683771 -0.04571467 0.106641 -0.9932188 -0.04630437 0.2265841 -0.9685089 -0.1031994 0.2264691 -0.9685403 -0.1031567 0.4302557 -0.8802661 -0.2000293 0.4307112 -0.8800055 -0.2001955 0.4672553 -0.8796571 -0.08874556 0.2451879 -0.9683976 -0.04570641 0.6083393 -0.7407735 -0.2849176 0.6087437 -0.740387 -0.2850583 0.6602284 -0.7403665 -0.1263169 0.4668643 -0.8798686 -0.08870742 0.5189312 -0.7411852 -0.4258578 0.6391423 -0.5599805 -0.5271802 0.7502499 -0.5591058 -0.352882 0.6394657 -0.5594211 -0.5273818 0.4883606 -0.5607755 -0.6686066 0.4883799 -0.5607343 -0.668627 0.5187097 -0.741425 -0.42571 0.3967954 -0.7424654 -0.5397209 0.3069233 -0.5623295 -0.7678435 0.3070005 -0.5620969 -0.7679829 0.3969255 -0.74229 -0.5398663 0.2503661 -0.7436783 -0.6198866 0.1789741 -0.88238 -0.4351711 0.2503784 -0.7436543 -0.6199104 0.2817986 -0.8814725 -0.3789404 0.281837 -0.8814412 -0.3789845 0.1498257 -0.9692225 -0.1953458 0.1788842 -0.8824866 -0.4349917 0.1499608 -0.96917 -0.1955024 0.09693062 -0.9696146 -0.2246153 0.09690726 -0.9696278 -0.2245682 0.03832196 -0.9701431 -0.2394867 0.06538095 -0.8833773 -0.4640798 0.06531245 -0.8835488 -0.4637627 -0.002465087 -0.9710523 -0.2388544 0.03820121 -0.9702885 -0.2389158 -0.02028446 -0.8853239 -0.4645321 -0.01227346 -0.9568443 -0.2903417 -0.04496956 -0.9571135 -0.2862017 -0.08263379 -0.885697 -0.4568506 -0.08283181 -0.8824011 -0.4631493 -0.0218434 -0.8818201 -0.4710799 -0.0411778 -0.9713548 -0.2340387 -0.08055963 -0.9713251 -0.2236911 -0.1653163 -0.885425 -0.4343881 -0.1654577 -0.8851657 -0.4348625 -0.2678887 -0.8863233 -0.3777123 -0.3863124 -0.7490828 -0.5381799 -0.240071 -0.7478278 -0.6189665 -0.3864817 -0.7487867 -0.5384703 -0.08060966 -0.9712829 -0.2238562 -0.1334823 -0.971761 -0.1945846 -0.2675353 -0.8866807 -0.3771237 -0.04553601 -0.9896228 -0.1362833 -0.01321572 -0.9987057 -0.04911514 -0.1336564 -0.9716795 -0.1948715 -0.04928927 -0.9956062 -0.07961626 -0.03289169 -0.9977385 -0.05861909 0.008883673 -0.9999605 8.851021e-06 0.008884823 -0.9999605 5.666839e-06 -0.02563026 -0.9991426 -0.03251369 -0.1776878 -0.9720598 -0.1533842 -0.1364309 -0.983412 -0.11953 -0.1778918 -0.971991 -0.1535837 0.008892246 -0.9999605 3.033233e-07 -0.00080589 -0.9991126 -0.04211071 0.008852084 -0.9999608 5.4729e-06 -0.0007386805 -0.9952535 -0.09731342 -0.006528175 -0.9953059 -0.09655868 0.007547573 -0.9990285 -0.04341888 0.008882284 -0.9999605 2.307994e-05 0.02683095 -0.9889416 -0.1458585 0.01775209 -0.9984456 -0.052833 0.008863234 -0.9999607 -4.608818e-06 0.03422619 -0.9971746 -0.06686931 0.008865303 -0.9999608 1.772864e-06 0.03383885 -0.9986306 -0.03989785 0.00888167 -0.9999605 -3.030133e-06 0.04469464 -0.9948255 -0.09123892 0.1186189 -0.9812375 -0.1519949 0.03787786 -0.9988077 -0.03080052 0.008872866 -0.9999606 -3.853959e-06 0.008902764 -0.9999604 2.042348e-05 0.1618747 -0.9785607 -0.1273404 0.04600032 -0.9985921 -0.02641856 0.1940096 -0.9688176 -0.154119 0.1940691 -0.9687992 -0.1541604 0.3674204 -0.8807159 -0.2989007 0.3672677 -0.8808153 -0.2987958 0.008888851 -0.9999605 -5.088954e-05 0.008373158 -0.8800918 0.4747297 0.007808146 -0.8838549 0.4676959 0.1274195 -0.8791298 0.4592333 0.01003749 -0.9563619 0.2920124 0.9719416 -0.07337826 -0.2234838 0.9020741 -0.1494059 -0.4048953 0.3456076 -0.3490801 -0.871033 0.3460112 0.2023238 -0.9161558 0.3448594 0.3153871 -0.8840832 0.5305229 -0.0287813 -0.8471818 0.1650981 0.05099159 -0.9849581 0.1090156 0.4035133 -0.9084563 -0.0288025 -0.1008427 -0.9944854 0.1182343 -0.3512829 -0.9287739 -0.3434433 -0.3550797 -0.8694625 -0.02682986 -0.9993903 -0.02234287 -0.1727091 -0.9813142 -0.08481736 -0.03428175 -0.9992779 -0.01638022 0.008887135 -0.9999605 4.850546e-06 0.03093915 -0.9949003 0.09600054 -0.107452 -0.8847987 0.4534152 -0.1072588 -0.8850953 0.4528818 -0.4482666 -0.7498026 0.4866754 -0.841105 -0.464711 0.2767417 -0.7924948 0.3440733 0.503553 -0.7692696 0.4119882 0.4883544 -0.8144671 0.01211827 0.5800833 -0.6673763 0.236792 0.7060726 -0.6857306 -0.00610624 0.7278299 -0.6856335 -0.006073904 0.7279216 -0.5305364 -0.004724278 0.8476491 -0.5304925 -0.004711706 0.8476765 -0.3535365 0.1127148 0.9286051 -0.3548961 -0.003152101 0.9349003 -0.215483 -0.4559374 0.8635324 0.5752389 0.1205851 0.8090485 0.2242434 0.00198636 0.9745311 0.2223172 0.09925088 0.9699094 0.02884852 0.09751448 0.9948159 -0.2083434 0.5630257 0.7997468 0.6391857 0.3577621 0.6807702 0.8427368 0.3597549 -0.4004636 0.8428809 0.3592943 -0.4005738 -0.150854 0.9691703 -0.1948126 0.07965888 0.9712001 -0.2245545 0.2094709 0.9723473 -0.1032604 0.6845793 0.7114442 -0.1587399 0.008864287 -0.9999608 1.858326e-05 0.008884524 -0.9999605 1.444637e-05 0.008898648 -0.9999604 -7.062653e-06 -0.008872827 0.9999606 -5.932412e-06 0.008887801 -0.9999605 -2.44748e-05 0.008863092 -0.9999607 1.03302e-05 0.008832955 -0.999961 3.125951e-05 -0.008879438 0.9999606 -1.160242e-05 0.008898984 -0.9999604 4.864812e-06 0.008881963 -0.9999605 1.619396e-06 0.008887674 -0.9999605 -1.190337e-05 0.008854551 -0.9999608 -2.124822e-05 0.00886758 -0.9999607 -9.239643e-06 -0.008893389 0.9999604 -3.004737e-05 0.008869175 -0.9999607 -2.183101e-05 -0.008877836 0.9999606 -8.971803e-06 -0.008856746 0.9999608 -2.139254e-05 -0.008890852 0.9999605 9.05218e-06 0.5337328 0.004740364 0.8456399 0.008909109 -0.9999602 -1.931482e-05 0.008866673 -0.9999607 1.37522e-05 0.3679114 0.003290445 0.929855 0.3678751 0.003267303 0.9298694 0.008888011 -0.9999605 -4.710891e-06 0.00885291 -0.9999608 -5.131294e-06 0.004125836 3.692969e-05 0.9999915 -0.1811725 -0.001621646 0.9834499 0.00888432 -0.9999605 7.914139e-06 0.008897688 -0.9999604 2.126722e-05 -0.526728 -0.004712084 0.8500209 -0.008901105 0.9999604 4.140491e-06 0.008908042 -0.9999604 5.221083e-05 0.008867637 -0.9999607 -7.450225e-06 0.008890742 -0.9999605 3.734682e-05 -0.00888967 0.9999605 -6.418088e-07 0.008857003 -0.9999608 -4.262663e-05 -0.4148701 -0.003712402 -0.9098731 0.008869269 -0.9999607 -2.520121e-06 0.008886682 -0.9999605 -1.523075e-06 0.0088643 -0.9999607 -1.020137e-05 -0.5312282 -0.004759954 0.8472154 0.008860992 -0.9999607 2.703715e-05 -0.002579278 0.2902839 -0.9569371 -0.008501228 0.9568962 -0.2903056 -0.004187188 0.4713885 0.8819157 -0.0008708147 0.0980088 -0.9951852 -0.005634697 0.6343685 0.7730102 0.00257813 -0.290272 -0.9569408 -0.007835789 0.8819054 0.4713612 0.004188404 -0.4713982 -0.8819106 -0.005637029 0.6343961 0.7729875 -0.008842201 0.995142 0.09805239 -0.008502196 0.9569086 -0.2902648 -0.00783496 0.8819013 0.471369 -0.002579025 0.2902553 0.9569458 -0.00783604 0.8819038 -0.4713642 -0.008841315 0.9951431 -0.09804083 -0.006865798 0.7729692 -0.6344065 0.00686826 -0.7729599 0.6344177 0.00087105 -0.09803528 0.9951826 0.9999604 0.008901409 -1.957172e-05 -0.9999607 -0.008877884 0 -0.9999603 -0.008902259 1.963222e-05 -0.007823504 0.9569123 0.2902718 0.01117259 -0.9951224 -0.0980133 -0.008676031 0.7729554 -0.634401 -0.004809923 0.4713725 -0.8819211 0 0.2902952 -0.9569372 0.005824273 -0.6343604 -0.7730155 -0.001000117 0.09801143 -0.9951848 -0.005518255 0.7729499 -0.634443 -0.007123947 0.6343548 0.7730092 -0.009004171 0.8818944 0.4713609 -0.008136157 0.9951537 -0.09799451 0.0009730246 0.9569502 0.2902503 0 0.9951811 0.09805319 -0.004529438 0.6344449 0.7729548 0.001013564 0.9951811 -0.09804851 -0.004809593 0.4713401 0.8819384 -0.009774345 0.9569083 -0.2902254 -0.002071352 0.2902851 0.956938 -0.0006993261 0.09800556 0.9951856 0.004814621 -0.4713514 0.8819324 0.002371569 -0.2902949 0.9569343 0.00709706 -0.7729881 0.6343809 0.0006003982 -0.098015 0.9951847 0.007199292 -0.8819133 0.4713567 0.009764103 -0.9568822 -0.2903123 -0.008994219 0.8818831 0.4713821 0.9999604 0.00889135 3.914729e-05 0.9999605 0.008887181 0.000214905 0.9999602 0.008925233 0.0001230354 -0.9999571 -0.009256158 -8.467436e-05 -0.999963 -0.008593326 0 -0.9999681 -0.007979102 0 -0.9999593 -0.009027716 -0.0001317858 -0.9999776 -0.006495737 0.001560076 -0.9999588 -0.009081588 -6.747885e-05 -0.9999617 -0.008751947 1.562459e-05 0.9999605 0.008887161 -0.0002149467 0.9999625 0.00862529 -0.0008471659 -0.002579277 0.2902839 -0.9569371 -0.004188327 0.471374 0.8819235 0.000870776 -0.09800444 -0.9951856 -0.006865798 0.7729692 0.6344065 -0.008502196 0.9569086 0.2902648 -0.00686826 0.7729599 0.6344177 -0.008842201 0.995142 -0.09805239 -0.008501228 0.9568962 0.2903056 -0.008502494 0.9569097 -0.2902612 -0.002579025 0.2902553 0.9569457 -0.008841315 0.9951431 0.09804083 -0.007835789 0.8819054 -0.4713612 0.004188512 -0.4714103 0.8819041 0.005637029 -0.6343961 0.7729875 0.002577877 -0.2902434 0.9569494 -0.005634697 0.6343685 -0.7730102 -0.004187081 0.4713764 -0.8819221 -0.00783496 0.8819013 -0.471369 -0.0008710887 0.09803963 0.9951822 -0.9999629 -0.008604852 -0.0002500192 -0.9999725 -0.007283151 -0.001334709 -0.9999617 -0.008744526 -0.0003582942 -0.9999604 -0.008900721 9.739677e-05 -0.9999604 -0.008900722 -9.739678e-05 -0.9999617 -0.00874452 0.000358294 -0.9999725 -0.007283151 0.001334709 -0.9999629 -0.008604845 0.0002500257 -0.9999602 -0.00882429 0.001245832 -0.9999603 -0.00882905 0.00122191 -0.9999599 -0.008948693 7.060744e-06 -0.9999687 -0.007649222 -0.002049887 -0.9999717 -0.007487988 -0.0007515704 -0.9999481 -0.01018121 0.0002291821 -0.9999481 -0.01018121 -0.0002291825 -0.9999717 -0.007487986 0.0007515704 -0.9999687 -0.007649329 0.002049766 -0.9999623 -0.008594339 0.001161086 -0.9999602 -0.008824368 -0.001245444 -0.9999647 -0.008411128 -0 -0.9999599 -0.00895159 -0.0001008247 -0.9999645 -0.008436274 -0.0001178908 -0.999961 -0.008820821 4.140355e-05 -0.9999592 -0.009024326 -0.0002750703 -0.99996 -0.008948694 0.0001051606 -0.9999598 -0.008948692 -0.000620451 -0.9999608 -0.008854864 0 -0.9999599 -0.008948694 -9.383111e-05 -0.9999603 -0.008919401 6.101389e-05 0.009764103 -0.9568822 0.2903123 -0.005518255 0.7729499 0.634443 0.01117259 -0.9951224 0.0980133 0.002371336 -0.2902664 -0.9569429 -0.009004171 0.8818944 -0.4713609 0.0006005871 -0.09804584 -0.9951817 0.004814744 -0.4713635 -0.8819259 -0.007123947 0.6343548 -0.7730092 0.007199292 -0.8819133 -0.4713567 0.00709706 -0.7729881 -0.6343809 -0.0006995461 0.09803639 -0.9951826 -0.002071148 0.2902566 -0.9569467 0.0009000886 -0.09803464 0.9951826 -0.004809717 0.4713522 -0.881932 -0.001000431 0.09804227 0.9951818 -0.004529438 0.6344449 -0.7729548 -0.004810047 0.4713846 0.8819146 -0.008994219 0.8818831 -0.4713821 -0.008676031 0.7729554 0.634401 -0.007823504 0.9569123 -0.2902718 -0.009774345 0.9569083 0.2902254 -0.008136157 0.9951537 0.09799451 0.001013564 0.9951811 0.09804851 0 0.9951811 -0.09805319 0.0009730246 0.9569502 -0.2902503 0 0.2902666 0.9569458 0.005824273 -0.6343604 0.7730155</float_array>
          <technique_common>
            <accessor count="1861" source="#cubenormals-array0-array" stride="3">
              <param type="float" name="X" />
              <param type="float" name="Y" />
              <param type="float" name="Z" />
            </accessor>
          </technique_common>
        </source>
        <vertices id="cubeverts-array0-vertices">
          <input semantic="POSITION" source="#cubeverts-array0" />
        </vertices>
        <triangles count="1861" material="ref_DOBOT_Magician_mit_TOOLS_Greifer_001">
          <input offset="0" semantic="VERTEX" source="#cubeverts-array0-vertices" />
          <input offset="1" semantic="NORMAL" source="#cubenormals-array0" />
          <p>0 0 1 0 2 0 0 1 2 1 3 1 3 2 4 2 0 2 4 3 1 3 0 3 3 4 5 4 4 4 4 5 6 5 1 5 6 6 4 6 7 6 7 7 4 7 5 7 8 8 7 8 5 8 5 9 9 9 8 9 3 10 9 10 5 10 8 11 9 11 11 11 12 12 8 12 13 12 13 13 8 13 11 13 9 14 14 14 11 14 11 15 14 15 15 15 11 16 15 16 16 16 13 17 11 17 16 17 16 18 17 18 18 18 15 19 17 19 16 19 19 20 16 20 18 20 19 21 13 21 16 21 22 22 19 22 18 22 22 23 18 23 24 23 25 24 26 24 27 24 28 25 29 25 25 25 29 26 20 26 25 26 28 27 25 27 27 27 30 28 27 28 26 28 32 29 30 29 26 29 32 30 33 30 30 30 33 31 31 31 30 31 33 32 34 32 31 32 34 33 37 33 38 33 34 34 38 34 31 34 37 35 39 35 38 35 37 36 41 36 39 36 41 37 40 37 39 37 42 38 40 38 41 38 43 39 44 39 42 39 44 40 45 40 42 40 43 41 42 41 41 41 44 42 49 42 45 42 49 43 48 43 50 43 49 44 50 44 45 44 48 45 51 45 50 45 48 46 53 46 51 46 53 47 52 47 51 47 54 48 52 48 53 48 56 49 55 49 54 49 57 50 56 50 54 50 57 51 54 51 53 51 56 52 59 52 55 52 60 53 61 53 59 53 59 54 61 54 55 54 62 55 63 55 64 55 65 56 62 56 64 56 65 57 64 57 66 57 67 58 66 58 64 58 68 59 67 59 64 59 68 60 64 60 63 60 69 61 68 61 63 61 68 62 69 62 35 62 68 63 35 63 67 63 69 64 63 64 70 64 71 65 69 65 70 65 71 66 46 66 69 66 72 67 71 67 73 67 71 68 70 68 73 68 72 69 47 69 71 69 47 70 46 70 71 70 72 71 73 71 74 71 75 72 72 72 74 72 72 73 75 73 47 73 76 74 75 74 77 74 75 75 74 75 77 75 78 76 75 76 76 76 47 77 75 77 78 77 78 78 79 78 47 78 79 79 78 79 76 79 74 80 79 80 77 80 79 81 76 81 77 81 47 82 79 82 80 82 74 83 80 83 79 83 81 84 47 84 80 84 80 85 73 85 81 85 74 86 73 86 80 86 81 87 73 87 70 87 58 88 81 88 70 88 58 89 70 89 63 89 67 90 36 90 82 90 67 91 82 91 66 91 82 92 83 92 66 92 84 93 82 93 23 93 82 94 84 94 83 94 83 95 85 95 86 95 84 96 85 96 83 96 86 97 66 97 83 97 86 98 65 98 66 98 86 99 85 99 90 99 92 100 90 100 93 100 90 101 85 101 93 101 92 102 93 102 17 102 18 103 17 103 93 103 18 104 93 104 24 104 24 105 93 105 85 105 15 106 92 106 17 106 15 107 96 107 92 107 10 108 96 108 7 108 96 109 14 109 7 109 15 110 14 110 96 110 98 111 95 111 97 111 97 112 99 112 100 112 101 113 98 113 97 113 101 114 97 114 100 114 100 115 99 115 102 115 103 116 100 116 102 116 103 117 102 117 104 117 106 118 103 118 104 118 106 119 104 119 105 119 107 120 105 120 108 120 107 121 106 121 105 121 109 122 107 122 108 122 109 123 108 123 110 123 108 124 111 124 110 124 112 125 110 125 113 125 110 126 111 126 113 126 114 127 112 127 21 127 112 128 113 128 21 128 114 129 21 129 20 129 29 130 114 130 20 130 98 131 115 131 95 131 115 132 94 132 95 132 116 133 94 133 115 133 91 134 94 134 116 134 91 135 116 135 117 135 91 136 117 136 89 136 117 137 88 137 89 137 118 138 88 138 117 138 87 139 118 139 119 139 88 140 118 140 87 140 120 141 87 141 119 141 120 142 61 142 60 142 120 143 60 143 87 143 24 144 85 144 84 144 23 145 24 145 84 145 9 146 121 146 14 146 14 147 121 147 7 147 7 148 121 148 2 148 3 149 2 149 121 149 3 150 121 150 9 150 6 151 7 151 2 151 6 152 2 152 1 152 122 153 123 153 124 153 125 154 123 154 122 154 126 155 122 155 124 155 127 156 122 156 126 156 122 157 127 157 125 157 125 158 127 158 128 158 125 159 128 159 123 159 128 160 127 160 129 160 128 161 129 161 130 161 123 162 128 162 130 162 131 163 123 163 130 163 130 164 132 164 131 164 130 165 129 165 133 165 132 166 130 166 133 166 134 167 135 167 132 167 132 168 136 168 134 168 137 169 136 169 132 169 132 170 138 170 137 170 139 171 132 171 133 171 132 172 140 172 131 172 139 173 141 173 132 173 132 174 141 174 142 174 143 175 132 175 142 175 143 176 138 176 132 176 151 177 154 177 152 177 156 178 157 178 154 178 154 179 158 179 160 179 160 180 171 180 174 180 175 181 176 181 174 181 174 182 176 182 177 182 174 183 177 183 178 183 179 184 175 184 174 184 174 185 180 185 179 185 160 186 174 186 178 186 160 187 178 187 154 187 178 188 177 188 186 188 178 189 186 189 154 189 177 190 187 190 186 190 186 191 187 191 175 191 186 192 175 192 179 192 154 193 186 193 179 193 188 194 189 194 187 194 189 195 190 195 187 195 177 196 188 196 187 196 187 197 190 197 175 197 191 198 190 198 189 198 133 199 190 199 191 199 190 200 176 200 175 200 133 201 176 201 190 201 191 202 192 202 139 202 139 203 133 203 191 203 191 204 189 204 193 204 191 205 193 205 192 205 192 206 193 206 129 206 193 207 189 207 188 207 129 208 193 208 188 208 192 209 129 209 134 209 192 210 134 210 194 210 192 211 141 211 139 211 192 212 194 212 141 212 195 213 194 213 134 213 194 214 195 214 142 214 194 215 142 215 141 215 196 216 195 216 134 216 197 217 195 217 196 217 195 218 143 218 142 218 197 219 143 219 195 219 197 220 198 220 199 220 197 221 199 221 143 221 199 222 200 222 138 222 198 223 200 223 199 223 143 224 199 224 138 224 138 225 200 225 202 225 202 226 200 226 203 226 203 227 200 227 201 227 201 228 209 228 207 228 211 229 208 229 210 229 212 230 210 230 205 230 212 231 211 231 210 231 213 232 212 232 205 232 213 233 214 233 212 233 211 234 212 234 209 234 212 235 207 235 209 235 214 236 207 236 212 236 204 237 207 237 214 237 214 238 216 238 215 238 213 239 217 239 214 239 217 240 216 240 214 240 218 241 216 241 219 241 217 242 220 242 216 242 220 243 219 243 216 243 222 244 219 244 223 244 221 245 219 245 222 245 223 246 219 246 220 246 221 247 229 247 227 247 229 248 230 248 227 248 225 249 227 249 231 249 227 250 232 250 231 250 227 251 230 251 232 251 232 252 230 252 235 252 230 253 236 253 235 253 230 254 234 254 224 254 224 255 236 255 230 255 238 256 234 256 239 256 237 257 239 257 234 257 224 258 234 258 238 258 204 259 240 259 237 259 215 260 237 260 233 260 206 261 240 261 204 261 242 262 243 262 241 262 239 263 241 263 244 263 241 264 203 264 244 264 203 265 241 265 202 265 245 266 202 266 241 266 243 267 245 267 241 267 196 268 243 268 242 268 248 269 249 269 247 269 250 270 249 270 248 270 249 271 250 271 245 271 250 272 253 272 245 272 254 273 252 273 250 273 255 274 256 274 251 274 255 275 251 275 257 275 261 276 259 276 251 276 262 277 251 277 258 277 258 278 264 278 262 278 258 279 265 279 264 279 263 280 265 280 258 280 266 281 267 281 263 281 263 282 267 282 265 282 267 283 211 283 268 283 267 284 268 284 269 284 265 285 267 285 269 285 266 286 208 286 267 286 267 287 208 287 211 287 259 288 269 288 248 288 268 289 246 289 269 289 265 290 269 290 259 290 211 291 209 291 268 291 198 292 268 292 209 292 264 293 265 293 259 293 264 294 259 294 270 294 262 295 264 295 270 295 271 296 270 296 272 296 270 297 271 297 260 297 270 298 261 298 272 298 262 299 270 299 260 299 259 300 261 300 270 300 271 301 272 301 273 301 273 302 272 302 274 302 272 303 261 303 254 303 274 304 279 304 278 304 274 305 280 305 252 305 281 306 279 306 256 306 254 307 256 307 279 307 282 308 279 308 281 308 278 309 279 309 282 309 283 310 284 310 281 310 283 311 281 311 256 311 282 312 281 312 285 312 281 313 284 313 285 313 284 314 283 314 253 314 253 315 285 315 284 315 253 316 286 316 285 316 286 317 287 317 285 317 282 318 285 318 287 318 288 319 282 319 287 319 289 320 288 320 287 320 286 321 289 321 287 321 291 322 289 322 290 322 280 323 289 323 286 323 289 324 291 324 288 324 292 325 291 325 290 325 291 326 294 326 295 326 291 327 295 327 288 327 293 328 296 328 297 328 298 329 293 329 292 329 301 330 300 330 298 330 301 331 298 331 302 331 290 332 298 332 292 332 303 333 299 333 304 333 275 334 276 334 299 334 276 335 305 335 299 335 299 336 305 336 304 336 304 337 305 337 301 337 305 338 306 338 300 338 276 339 306 339 305 339 305 340 300 340 301 340 277 341 306 341 276 341 277 342 271 342 306 342 306 343 271 343 273 343 306 344 273 344 300 344 304 345 301 345 307 345 307 346 303 346 304 346 301 347 302 347 307 347 308 348 307 348 302 348 307 349 308 349 303 349 309 350 308 350 302 350 309 351 310 351 308 351 310 352 311 352 308 352 308 353 311 353 312 353 308 354 312 354 303 354 311 355 313 355 312 355 317 356 316 356 313 356 311 357 317 357 313 357 320 358 310 358 315 358 315 359 321 359 297 359 321 360 322 360 323 360 321 361 323 361 324 361 324 362 323 362 325 362 297 363 324 363 294 363 294 364 324 364 326 364 324 365 325 365 326 365 326 366 325 366 327 366 294 367 326 367 295 367 328 368 329 368 330 368 331 369 329 369 328 369 331 370 328 370 335 370 328 371 333 371 335 371 330 372 336 372 328 372 339 373 337 373 338 373 341 374 340 374 342 374 340 375 343 375 342 375 340 376 330 376 343 376 278 377 343 377 329 377 342 378 343 378 278 378 330 379 329 379 343 379 278 380 337 380 342 380 337 381 339 381 342 381 339 382 341 382 342 382 339 383 344 383 341 383 344 384 345 384 341 384 346 385 345 385 347 385 348 386 345 386 346 386 349 387 345 387 348 387 347 388 345 388 344 388 351 389 352 389 353 389 353 390 354 390 355 390 352 391 354 391 353 391 356 392 353 392 355 392 357 393 356 393 346 393 356 394 355 394 346 394 358 395 347 395 344 395 357 396 346 396 347 396 359 397 346 397 355 397 360 398 359 398 355 398 360 399 355 399 354 399 361 400 359 400 360 400 362 401 360 401 354 401 363 402 360 402 362 402 363 403 361 403 360 403 364 404 363 404 362 404 363 405 365 405 361 405 368 406 370 406 369 406 371 407 350 407 370 407 371 408 370 408 372 408 370 409 350 409 369 409 373 410 374 410 372 410 371 411 372 411 375 411 372 412 374 412 375 412 374 413 373 413 318 413 376 414 374 414 318 414 375 415 374 415 376 415 376 416 377 416 378 416 376 417 318 417 377 417 375 418 376 418 378 418 378 419 379 419 375 419 378 420 334 420 380 420 378 421 377 421 334 421 334 422 377 422 381 422 318 423 381 423 377 423 382 424 334 424 381 424 382 425 381 425 383 425 383 426 381 426 318 426 383 427 318 427 384 427 384 428 382 428 383 428 384 429 385 429 386 429 318 430 385 430 384 430 384 431 386 431 382 431 387 432 388 432 386 432 387 433 386 433 389 433 386 434 385 434 389 434 388 435 382 435 386 435 388 436 390 436 391 436 387 437 390 437 388 437 335 438 388 438 391 438 388 439 335 439 382 439 390 440 278 440 391 440 278 441 392 441 391 441 335 442 391 442 392 442 331 443 335 443 392 443 331 444 392 444 278 444 393 445 390 445 387 445 390 446 393 446 278 446 393 447 394 447 395 447 278 448 393 448 395 448 393 449 387 449 394 449 394 450 389 450 396 450 394 451 396 451 395 451 394 452 387 452 389 452 314 453 396 453 318 453 395 454 396 454 314 454 396 455 385 455 318 455 389 456 385 456 396 456 296 457 278 457 395 457 332 458 334 458 382 458 335 459 332 459 382 459 373 460 397 460 398 460 325 461 397 461 373 461 318 462 373 462 398 462 398 463 399 463 400 463 398 464 400 464 318 464 398 465 397 465 399 465 322 466 399 466 323 466 399 467 397 467 323 467 401 468 322 468 402 468 404 469 401 469 403 469 409 470 407 470 403 470 404 471 403 471 410 471 411 472 410 472 412 472 410 473 413 473 414 473 404 474 410 474 414 474 414 475 413 475 415 475 414 476 415 476 406 476 400 477 414 477 406 477 404 478 414 478 400 478 412 479 415 479 416 479 413 480 416 480 415 480 406 481 415 481 408 481 417 482 416 482 418 482 419 483 418 483 416 483 413 484 419 484 416 484 419 485 420 485 418 485 421 486 420 486 419 486 422 487 421 487 423 487 421 488 411 488 417 488 423 489 418 489 424 489 423 490 427 490 429 490 427 491 430 491 431 491 427 492 425 492 430 492 427 493 431 493 432 493 429 494 427 494 432 494 433 495 434 495 432 495 429 496 432 496 434 496 432 497 431 497 428 497 432 498 428 498 435 498 433 499 432 499 435 499 408 500 436 500 433 500 433 501 436 501 434 501 434 502 436 502 437 502 405 503 436 503 408 503 437 504 436 504 405 504 437 505 438 505 407 505 409 506 437 506 407 506 409 507 439 507 437 507 439 508 434 508 437 508 438 509 437 509 405 509 407 510 438 510 440 510 438 511 405 511 441 511 440 512 438 512 441 512 442 513 407 513 440 513 317 514 440 514 316 514 442 515 440 515 317 515 440 516 441 516 316 516 407 517 442 517 402 517 442 518 320 518 319 518 320 519 442 519 317 519 429 520 439 520 412 520 439 521 409 521 408 521 439 522 429 522 434 522 430 523 443 523 431 523 431 524 443 524 426 524 431 525 426 525 428 525 444 526 443 526 430 526 443 527 444 527 445 527 443 528 445 528 426 528 444 529 447 529 445 529 451 530 430 530 446 530 451 531 444 531 430 531 452 532 451 532 449 532 451 533 452 533 444 533 453 534 452 534 454 534 452 535 453 535 455 535 452 536 455 536 444 536 453 537 456 537 455 537 444 538 455 538 447 538 455 539 456 539 457 539 455 540 457 540 447 540 458 541 456 541 453 541 459 542 456 542 458 542 456 543 459 543 460 543 456 544 460 544 457 544 461 545 460 545 462 545 459 546 462 546 460 546 458 547 453 547 461 547 465 548 463 548 461 548 463 549 466 549 454 549 466 550 450 550 449 550 466 551 467 551 468 551 469 552 468 552 448 552 468 553 470 553 448 553 468 554 467 554 470 554 448 555 470 555 449 555 454 556 470 556 236 556 467 557 236 557 470 557 469 558 448 558 424 558 420 559 469 559 424 559 471 560 425 560 450 560 471 561 422 561 425 561 235 562 236 562 467 562 472 563 465 563 464 563 465 564 472 564 235 564 232 565 472 565 231 565 472 566 232 566 235 566 472 567 464 567 231 567 474 568 458 568 464 568 475 569 474 569 473 569 475 570 473 570 476 570 462 571 477 571 473 571 473 572 236 572 224 572 478 573 477 573 479 573 478 574 225 574 477 574 479 575 477 575 480 575 480 576 477 576 462 576 474 577 479 577 480 577 459 578 480 578 462 578 459 579 474 579 480 579 481 580 478 580 479 580 479 581 475 581 481 581 475 582 479 582 474 582 222 583 223 583 481 583 481 584 223 584 478 584 222 585 481 585 476 585 481 586 475 586 476 586 223 587 226 587 478 587 478 588 226 588 225 588 225 589 222 589 476 589 459 590 458 590 474 590 425 591 424 591 448 591 420 592 424 592 418 592 402 593 318 593 406 593 400 594 406 594 318 594 323 595 397 595 325 595 366 596 369 596 482 596 369 597 350 597 482 597 350 598 349 598 482 598 349 599 348 599 482 599 482 600 348 600 346 600 359 601 482 601 346 601 482 602 359 602 367 602 366 603 482 603 367 603 367 604 359 604 361 604 364 605 362 605 352 605 362 606 354 606 352 606 282 607 337 607 278 607 331 608 278 608 329 608 310 609 320 609 311 609 320 610 317 610 311 610 310 611 309 611 314 611 302 612 296 612 309 612 300 613 273 613 275 613 290 614 280 614 275 614 283 615 256 615 255 615 253 616 283 616 245 616 245 617 283 617 255 617 260 618 271 618 277 618 257 619 248 619 136 619 257 620 136 620 137 620 257 621 137 621 245 621 257 622 245 622 255 622 246 623 134 623 136 623 245 624 137 624 202 624 203 625 204 625 244 625 204 626 483 626 244 626 239 627 244 627 483 627 483 628 238 628 239 628 215 629 238 629 483 629 198 630 242 630 206 630 218 631 224 631 238 631 218 632 233 632 229 632 220 633 228 633 226 633 223 634 220 634 226 634 217 635 484 635 228 635 220 636 217 636 228 636 213 637 205 637 484 637 217 638 213 638 484 638 137 639 138 639 202 639 176 640 129 640 188 640 176 641 188 641 177 641 179 642 492 642 491 642 179 643 497 643 154 643 154 644 499 644 152 644 488 645 492 645 179 645 131 646 486 646 127 646 129 647 176 647 133 647 127 648 172 648 134 648 129 649 127 649 134 649 505 650 123 650 131 650 126 651 131 651 127 651 506 652 507 652 131 652 508 653 506 653 131 653 509 654 508 654 131 654 509 655 131 655 510 655 131 656 511 656 510 656 131 657 507 657 512 657 513 658 131 658 512 658 514 659 131 659 513 659 126 660 511 660 131 660 505 661 131 661 514 661 515 662 505 662 516 662 505 663 517 663 516 663 515 664 518 664 505 664 518 665 519 665 505 665 505 666 519 666 520 666 124 667 123 667 505 667 521 668 124 668 505 668 521 669 505 669 520 669 514 670 517 670 505 670 522 671 517 671 514 671 512 672 507 672 517 672 507 673 516 673 517 673 512 674 517 674 522 674 523 675 512 675 522 675 523 676 522 676 524 676 524 677 522 677 514 677 525 678 523 678 524 678 524 679 526 679 525 679 527 680 524 680 514 680 527 681 528 681 524 681 528 682 526 682 524 682 525 683 526 683 529 683 528 684 529 684 526 684 525 685 529 685 513 685 527 686 513 686 529 686 527 687 529 687 528 687 514 688 513 688 527 688 525 689 513 689 523 689 513 690 512 690 523 690 510 691 520 691 519 691 511 692 520 692 510 692 521 693 520 693 511 693 521 694 511 694 126 694 521 695 126 695 124 695 509 696 510 696 519 696 509 697 519 697 518 697 515 698 530 698 518 698 518 699 530 699 531 699 508 700 518 700 531 700 508 701 509 701 518 701 515 702 532 702 530 702 531 703 530 703 532 703 533 704 532 704 534 704 515 705 534 705 532 705 533 706 531 706 532 706 533 707 506 707 531 707 535 708 533 708 534 708 535 709 506 709 533 709 535 710 515 710 506 710 534 711 515 711 535 711 531 712 506 712 508 712 515 713 516 713 506 713 506 714 516 714 507 714 536 715 537 715 538 715 536 716 538 716 539 716 536 717 539 717 540 717 537 718 536 718 541 718 536 719 540 719 541 719 537 720 541 720 542 720 545 721 544 721 546 721 545 722 547 722 548 722 545 723 546 723 547 723 549 724 546 724 544 724 550 725 546 725 551 725 552 726 551 726 546 726 549 727 552 727 546 727 546 728 550 728 547 728 543 729 553 729 549 729 549 730 553 730 552 730 553 731 554 731 555 731 552 732 553 732 555 732 555 733 554 733 556 733 557 734 552 734 555 734 556 735 558 735 555 735 557 736 555 736 558 736 559 737 557 737 558 737 560 738 557 738 559 738 557 739 560 739 551 739 551 740 552 740 557 740 561 741 560 741 562 741 559 742 562 742 560 742 563 743 551 743 560 743 560 744 561 744 563 744 551 745 563 745 550 745 564 746 563 746 561 746 563 747 564 747 565 747 565 748 550 748 563 748 566 749 567 749 565 749 550 750 565 750 567 750 565 751 568 751 566 751 568 752 565 752 564 752 564 753 569 753 568 753 569 754 570 754 568 754 568 755 570 755 571 755 568 756 571 756 566 756 570 757 572 757 571 757 572 758 573 758 571 758 571 759 573 759 574 759 566 760 571 760 574 760 575 761 576 761 574 761 574 762 573 762 575 762 574 763 576 763 577 763 566 764 574 764 577 764 578 765 577 765 579 765 577 766 576 766 579 766 567 767 566 767 577 767 577 768 578 768 567 768 548 769 547 769 578 769 547 770 567 770 578 770 579 771 580 771 578 771 548 772 578 772 580 772 581 773 582 773 580 773 582 774 548 774 580 774 581 775 580 775 583 775 583 776 580 776 579 776 583 777 584 777 585 777 583 778 579 778 584 778 584 779 589 779 585 779 589 780 584 780 591 780 591 781 590 781 589 781 593 782 590 782 591 782 593 783 594 783 590 783 594 784 595 784 590 784 596 785 592 785 595 785 595 786 594 786 597 786 597 787 598 787 595 787 596 788 595 788 598 788 599 789 598 789 597 789 600 790 599 790 597 790 601 791 599 791 600 791 602 792 601 792 603 792 603 793 601 793 600 793 603 794 604 794 605 794 605 795 602 795 603 795 600 796 606 796 603 796 604 797 603 797 606 797 606 798 607 798 604 798 606 799 600 799 608 799 608 800 609 800 606 800 607 801 606 801 609 801 609 802 610 802 607 802 609 803 608 803 611 803 611 804 612 804 609 804 610 805 609 805 612 805 612 806 613 806 610 806 612 807 611 807 614 807 615 808 612 808 614 808 613 809 612 809 615 809 616 810 613 810 615 810 614 811 617 811 615 811 616 812 615 812 618 812 617 813 618 813 615 813 618 814 617 814 619 814 620 815 621 815 618 815 619 816 620 816 618 816 621 817 616 817 618 817 619 818 622 818 623 818 623 819 624 819 619 819 620 820 619 820 624 820 622 821 619 821 617 821 625 822 623 822 622 822 622 823 626 823 625 823 626 824 622 824 627 824 617 825 627 825 622 825 628 826 629 826 627 826 628 827 627 827 614 827 627 828 630 828 626 828 627 829 617 829 614 829 630 830 627 830 629 830 593 831 629 831 631 831 611 832 631 832 629 832 628 833 611 833 629 833 593 834 630 834 629 834 597 835 594 835 631 835 608 836 597 836 631 836 631 837 611 837 608 837 593 838 631 838 594 838 632 839 626 839 630 839 593 840 591 840 630 840 591 841 632 841 630 841 632 842 584 842 576 842 584 843 632 843 591 843 626 844 632 844 575 844 576 845 575 845 632 845 628 846 614 846 611 846 575 847 625 847 626 847 633 848 623 848 625 848 633 849 625 849 573 849 573 850 625 850 575 850 633 851 634 851 623 851 633 852 573 852 572 852 633 853 572 853 635 853 633 854 635 854 634 854 634 855 636 855 624 855 637 856 636 856 634 856 635 857 637 857 634 857 624 858 623 858 634 858 638 859 636 859 637 859 639 860 638 860 637 860 640 861 637 861 635 861 639 862 637 862 641 862 637 863 640 863 641 863 641 864 640 864 642 864 640 865 635 865 643 865 640 866 643 866 642 866 644 867 641 867 642 867 643 868 645 868 642 868 644 869 642 869 645 869 646 870 644 870 645 870 646 871 645 871 647 871 648 872 647 872 645 872 643 873 648 873 645 873 570 874 648 874 643 874 648 875 570 875 569 875 569 876 649 876 648 876 648 877 649 877 647 877 650 878 649 878 651 878 649 879 652 879 651 879 649 880 650 880 647 880 652 881 649 881 569 881 652 882 561 882 653 882 653 883 651 883 652 883 561 884 652 884 564 884 569 885 564 885 652 885 562 886 653 886 561 886 651 887 653 887 654 887 653 888 562 888 655 888 655 889 654 889 653 889 654 890 655 890 656 890 656 891 657 891 654 891 654 892 658 892 651 892 657 893 658 893 654 893 659 894 658 894 657 894 660 895 659 895 657 895 660 896 657 896 661 896 661 897 657 897 656 897 662 898 660 898 661 898 662 899 661 899 663 899 663 900 661 900 664 900 664 901 661 901 656 901 665 902 666 902 664 902 666 903 663 903 664 903 664 904 656 904 667 904 664 905 667 905 668 905 665 906 664 906 668 906 665 907 669 907 670 907 665 908 670 908 671 908 665 909 671 909 666 909 665 910 672 910 669 910 672 911 665 911 668 911 669 912 672 912 673 912 672 913 674 913 673 913 674 914 672 914 675 914 672 915 668 915 675 915 668 916 676 916 675 916 674 917 675 917 677 917 677 918 675 918 678 918 676 919 678 919 675 919 667 920 679 920 676 920 667 921 676 921 668 921 678 922 676 922 680 922 679 923 680 923 676 923 655 924 679 924 667 924 679 925 655 925 562 925 562 926 559 926 679 926 679 927 559 927 680 927 681 928 680 928 558 928 559 929 558 929 680 929 680 930 681 930 678 930 681 931 556 931 682 931 558 932 556 932 681 932 681 933 683 933 678 933 681 934 682 934 683 934 682 935 684 935 683 935 685 936 683 936 684 936 677 937 683 937 685 937 683 938 677 938 678 938 686 939 685 939 684 939 687 940 685 940 686 940 685 941 688 941 677 941 687 942 688 942 685 942 687 943 686 943 689 943 687 944 689 944 690 944 690 945 691 945 687 945 687 946 691 946 692 946 687 947 692 947 693 947 687 948 693 948 688 948 693 949 692 949 694 949 694 950 695 950 693 950 693 951 695 951 696 951 693 952 696 952 688 952 697 953 673 953 696 953 695 954 697 954 696 954 673 955 674 955 696 955 674 956 698 956 696 956 696 957 698 957 688 957 698 958 674 958 677 958 698 959 677 959 688 959 699 960 673 960 697 960 700 961 699 961 697 961 695 962 701 962 697 962 701 963 700 963 697 963 701 964 702 964 700 964 700 965 703 965 704 965 702 966 703 966 700 966 700 967 704 967 699 967 704 968 703 968 705 968 704 969 705 969 706 969 706 970 707 970 704 970 704 971 707 971 699 971 707 972 706 972 708 972 670 973 707 973 708 973 670 974 669 974 707 974 669 975 699 975 707 975 670 976 708 976 671 976 671 977 708 977 709 977 708 978 706 978 710 978 708 979 710 979 709 979 710 980 711 980 709 980 709 981 712 981 713 981 671 982 709 982 713 982 711 983 714 983 709 983 714 984 712 984 709 984 715 985 716 985 714 985 715 986 714 986 711 986 714 987 716 987 712 987 716 988 663 988 712 988 717 989 716 989 715 989 662 990 716 990 717 990 716 991 662 991 663 991 718 992 717 992 715 992 717 993 718 993 719 993 719 994 662 994 717 994 720 995 718 995 715 995 721 996 718 996 720 996 722 997 719 997 718 997 718 998 721 998 722 998 721 999 723 999 724 999 725 1000 723 1000 721 1000 721 1001 724 1001 722 1001 725 1002 721 1002 720 1002 726 1003 725 1003 727 1003 728 1004 725 1004 726 1004 725 1005 728 1005 723 1005 725 1006 720 1006 727 1006 727 1007 729 1007 726 1007 729 1008 727 1008 730 1008 727 1009 731 1009 730 1009 727 1010 720 1010 731 1010 720 1011 715 1011 731 1011 731 1012 711 1012 732 1012 730 1013 731 1013 732 1013 731 1014 715 1014 711 1014 733 1015 732 1015 734 1015 732 1016 711 1016 734 1016 730 1017 732 1017 735 1017 735 1018 732 1018 733 1018 736 1019 735 1019 733 1019 737 1020 736 1020 733 1020 733 1021 738 1021 737 1021 738 1022 733 1022 734 1022 739 1023 737 1023 738 1023 740 1024 739 1024 738 1024 740 1025 738 1025 741 1025 741 1026 738 1026 734 1026 742 1027 743 1027 739 1027 743 1028 744 1028 739 1028 737 1029 739 1029 744 1029 740 1030 745 1030 739 1030 742 1031 739 1031 745 1031 746 1032 747 1032 742 1032 746 1033 742 1033 748 1033 749 1034 743 1034 742 1034 747 1035 749 1035 742 1035 742 1036 745 1036 748 1036 747 1037 746 1037 750 1037 747 1038 750 1038 751 1038 747 1039 751 1039 752 1039 747 1040 752 1040 749 1040 752 1041 751 1041 753 1041 752 1042 753 1042 754 1042 752 1043 754 1043 755 1043 752 1044 755 1044 749 1044 754 1045 756 1045 755 1045 755 1046 756 1046 757 1046 758 1047 755 1047 757 1047 749 1048 755 1048 758 1048 759 1049 757 1049 760 1049 761 1050 760 1050 757 1050 762 1051 761 1051 757 1051 762 1052 757 1052 756 1052 759 1053 758 1053 757 1053 763 1054 759 1054 760 1054 764 1055 759 1055 763 1055 759 1056 764 1056 765 1056 765 1057 758 1057 759 1057 766 1058 765 1058 764 1058 758 1059 765 1059 743 1059 744 1060 743 1060 765 1060 765 1061 766 1061 744 1061 767 1062 766 1062 768 1062 764 1063 768 1063 766 1063 769 1064 744 1064 766 1064 766 1065 767 1065 769 1065 770 1066 769 1066 767 1066 736 1067 737 1067 769 1067 744 1068 769 1068 737 1068 769 1069 770 1069 736 1069 770 1070 771 1070 772 1070 767 1071 771 1071 770 1071 770 1072 773 1072 736 1072 770 1073 772 1073 773 1073 772 1074 771 1074 774 1074 775 1075 772 1075 774 1075 772 1076 776 1076 773 1076 775 1077 776 1077 772 1077 776 1078 777 1078 778 1078 775 1079 777 1079 776 1079 773 1080 776 1080 779 1080 778 1081 779 1081 776 1081 730 1082 779 1082 729 1082 779 1083 778 1083 729 1083 779 1084 730 1084 735 1084 735 1085 773 1085 779 1085 777 1086 780 1086 778 1086 781 1087 729 1087 778 1087 778 1088 780 1088 781 1088 782 1089 780 1089 777 1089 782 1090 783 1090 780 1090 780 1091 783 1091 784 1091 784 1092 781 1092 780 1092 783 1093 785 1093 784 1093 781 1094 784 1094 786 1094 787 1095 786 1095 784 1095 784 1096 785 1096 787 1096 785 1097 788 1097 787 1097 787 1098 788 1098 789 1098 786 1099 787 1099 789 1099 790 1100 788 1100 785 1100 789 1101 788 1101 791 1101 791 1102 788 1102 790 1102 783 1103 792 1103 790 1103 783 1104 790 1104 785 1104 793 1105 791 1105 790 1105 794 1106 793 1106 790 1106 794 1107 790 1107 795 1107 795 1108 790 1108 796 1108 792 1109 797 1109 790 1109 790 1110 797 1110 798 1110 799 1111 790 1111 798 1111 796 1112 790 1112 799 1112 796 1113 799 1113 800 1113 800 1114 799 1114 801 1114 797 1115 799 1115 798 1115 801 1116 799 1116 797 1116 800 1117 801 1117 802 1117 803 1118 804 1118 801 1118 803 1119 801 1119 797 1119 802 1120 801 1120 804 1120 802 1121 804 1121 805 1121 805 1122 804 1122 803 1122 806 1123 802 1123 805 1123 792 1124 805 1124 797 1124 805 1125 792 1125 807 1125 797 1126 805 1126 803 1126 805 1127 808 1127 809 1127 810 1128 808 1128 805 1128 806 1129 805 1129 809 1129 810 1130 805 1130 811 1130 805 1131 807 1131 811 1131 812 1132 811 1132 807 1132 807 1133 774 1133 812 1133 774 1134 807 1134 813 1134 792 1135 813 1135 807 1135 775 1136 774 1136 813 1136 775 1137 813 1137 814 1137 814 1138 813 1138 792 1138 775 1139 814 1139 777 1139 777 1140 814 1140 815 1140 814 1141 792 1141 815 1141 782 1142 777 1142 815 1142 792 1143 782 1143 815 1143 810 1144 811 1144 812 1144 816 1145 810 1145 812 1145 812 1146 817 1146 816 1146 812 1147 774 1147 771 1147 817 1148 812 1148 771 1148 817 1149 768 1149 818 1149 768 1150 817 1150 767 1150 818 1151 816 1151 817 1151 771 1152 767 1152 817 1152 818 1153 819 1153 820 1153 820 1154 821 1154 818 1154 816 1155 818 1155 821 1155 819 1156 818 1156 768 1156 822 1157 820 1157 819 1157 819 1158 763 1158 822 1158 763 1159 819 1159 764 1159 768 1160 764 1160 819 1160 823 1161 822 1161 824 1161 822 1162 825 1162 824 1162 820 1163 822 1163 823 1163 822 1164 763 1164 825 1164 826 1165 824 1165 825 1165 825 1166 827 1166 826 1166 827 1167 825 1167 760 1167 763 1168 760 1168 825 1168 826 1169 827 1169 828 1169 760 1170 761 1170 827 1170 827 1171 761 1171 829 1171 827 1172 829 1172 828 1172 826 1173 828 1173 830 1173 831 1174 828 1174 829 1174 832 1175 830 1175 828 1175 828 1176 831 1176 832 1176 830 1177 832 1177 833 1177 834 1178 832 1178 831 1178 832 1179 834 1179 835 1179 835 1180 833 1180 832 1180 833 1181 836 1181 830 1181 836 1182 833 1182 837 1182 833 1183 835 1183 838 1183 837 1184 833 1184 838 1184 839 1185 837 1185 840 1185 839 1186 836 1186 837 1186 840 1187 837 1187 841 1187 841 1188 837 1188 838 1188 842 1189 840 1189 841 1189 843 1190 841 1190 838 1190 841 1191 844 1191 842 1191 844 1192 841 1192 843 1192 843 1193 845 1193 844 1193 845 1194 843 1194 846 1194 846 1195 843 1195 847 1195 843 1196 838 1196 847 1196 848 1197 847 1197 835 1197 849 1198 847 1198 848 1198 847 1199 838 1199 835 1199 846 1200 847 1200 849 1200 849 1201 848 1201 850 1201 850 1202 846 1202 849 1202 851 1203 850 1203 852 1203 850 1204 851 1204 853 1204 852 1205 850 1205 854 1205 850 1206 853 1206 846 1206 848 1207 854 1207 850 1207 855 1208 852 1208 854 1208 834 1209 855 1209 854 1209 834 1210 854 1210 848 1210 855 1211 856 1211 857 1211 855 1212 857 1212 852 1212 856 1213 855 1213 834 1213 857 1214 856 1214 858 1214 858 1215 856 1215 859 1215 859 1216 856 1216 831 1216 831 1217 856 1217 834 1217 860 1218 857 1218 858 1218 861 1219 858 1219 859 1219 862 1220 858 1220 861 1220 858 1221 862 1221 860 1221 852 1222 857 1222 860 1222 852 1223 860 1223 863 1223 862 1224 864 1224 860 1224 865 1225 860 1225 864 1225 863 1226 860 1226 865 1226 863 1227 865 1227 613 1227 616 1228 863 1228 613 1228 616 1229 866 1229 863 1229 863 1230 866 1230 851 1230 852 1231 863 1231 851 1231 866 1232 621 1232 851 1232 866 1233 616 1233 621 1233 867 1234 865 1234 864 1234 868 1235 869 1235 864 1235 867 1236 864 1236 869 1236 864 1237 862 1237 868 1237 870 1238 607 1238 867 1238 867 1239 607 1239 610 1239 870 1240 867 1240 869 1240 610 1241 865 1241 867 1241 870 1242 604 1242 607 1242 870 1243 869 1243 871 1243 870 1244 871 1244 872 1244 872 1245 604 1245 870 1245 871 1246 873 1246 872 1246 873 1247 874 1247 872 1247 605 1248 872 1248 874 1248 604 1249 872 1249 605 1249 875 1250 874 1250 876 1250 874 1251 875 1251 877 1251 878 1252 874 1252 877 1252 876 1253 874 1253 873 1253 878 1254 605 1254 874 1254 878 1255 602 1255 605 1255 879 1256 880 1256 881 1256 879 1257 881 1257 882 1257 881 1258 883 1258 882 1258 884 1259 882 1259 885 1259 882 1260 883 1260 885 1260 886 1261 884 1261 887 1261 884 1262 885 1262 887 1262 886 1263 887 1263 888 1263 891 1264 889 1264 890 1264 892 1265 891 1265 890 1265 892 1266 890 1266 893 1266 893 1267 885 1267 883 1267 894 1268 892 1268 893 1268 894 1269 893 1269 895 1269 893 1270 896 1270 895 1270 896 1271 893 1271 883 1271 896 1272 883 1272 881 1272 895 1273 896 1273 897 1273 897 1274 896 1274 881 1274 897 1275 881 1275 898 1275 899 1276 895 1276 897 1276 899 1277 897 1277 900 1277 900 1278 897 1278 898 1278 901 1279 900 1279 898 1279 901 1280 899 1280 900 1280 880 1281 901 1281 898 1281 875 1282 904 1282 902 1282 902 1283 904 1283 903 1283 876 1284 904 1284 875 1284 906 1285 905 1285 904 1285 904 1286 876 1286 906 1286 905 1287 906 1287 907 1287 906 1288 876 1288 908 1288 909 1289 906 1289 908 1289 907 1290 906 1290 909 1290 909 1291 910 1291 911 1291 910 1292 909 1292 912 1292 911 1293 907 1293 909 1293 908 1294 912 1294 909 1294 911 1295 913 1295 914 1295 914 1296 915 1296 911 1296 913 1297 911 1297 910 1297 907 1298 911 1298 915 1298 915 1299 914 1299 916 1299 915 1300 917 1300 907 1300 918 1301 917 1301 915 1301 916 1302 918 1302 915 1302 916 1303 694 1303 692 1303 692 1304 919 1304 916 1304 919 1305 918 1305 916 1305 694 1306 916 1306 914 1306 921 1307 918 1307 919 1307 920 1308 919 1308 691 1308 691 1309 919 1309 692 1309 922 1310 920 1310 691 1310 925 1311 923 1311 924 1311 923 1312 889 1312 891 1312 925 1313 889 1313 923 1313 925 1314 924 1314 926 1314 927 1315 928 1315 929 1315 930 1316 931 1316 927 1316 930 1317 927 1317 929 1317 931 1318 888 1318 927 1318 931 1319 886 1319 888 1319 932 1320 929 1320 928 1320 933 1321 934 1321 932 1321 934 1322 588 1322 932 1322 933 1323 932 1323 928 1323 936 1324 937 1324 935 1324 924 1325 936 1325 926 1325 937 1326 936 1326 924 1326 935 1327 937 1327 939 1327 938 1328 922 1328 690 1328 940 1329 689 1329 941 1329 690 1330 689 1330 940 1330 941 1331 689 1331 943 1331 686 1332 943 1332 689 1332 684 1333 944 1333 943 1333 686 1334 684 1334 943 1334 944 1335 684 1335 682 1335 682 1336 945 1336 944 1336 682 1337 556 1337 945 1337 556 1338 946 1338 945 1338 554 1339 946 1339 556 1339 948 1340 947 1340 539 1340 539 1341 947 1341 540 1341 950 1342 949 1342 948 1342 951 1343 950 1343 948 1343 951 1344 948 1344 539 1344 951 1345 952 1345 950 1345 950 1346 954 1346 949 1346 956 1347 957 1347 954 1347 954 1348 957 1348 949 1348 942 1349 957 1349 956 1349 942 1350 956 1350 935 1350 955 1351 953 1351 586 1351 934 1352 955 1352 588 1352 955 1353 586 1353 588 1353 953 1354 952 1354 587 1354 953 1355 587 1355 586 1355 958 1356 959 1356 952 1356 951 1357 958 1357 952 1357 959 1358 960 1358 952 1358 952 1359 960 1359 587 1359 958 1360 538 1360 959 1360 538 1361 542 1361 959 1361 539 1362 958 1362 951 1362 539 1363 538 1363 958 1363 942 1364 935 1364 939 1364 922 1365 691 1365 690 1365 907 1366 961 1366 905 1366 917 1367 961 1367 907 1367 913 1368 962 1368 963 1368 963 1369 914 1369 913 1369 910 1370 964 1370 913 1370 962 1371 913 1371 964 1371 701 1372 963 1372 962 1372 962 1373 702 1373 701 1373 702 1374 962 1374 965 1374 964 1375 965 1375 962 1375 965 1376 964 1376 966 1376 965 1377 750 1377 702 1377 750 1378 965 1378 751 1378 966 1379 751 1379 965 1379 751 1380 966 1380 753 1380 967 1381 966 1381 964 1381 968 1382 753 1382 966 1382 966 1383 967 1383 968 1383 753 1384 968 1384 969 1384 970 1385 968 1385 967 1385 971 1386 969 1386 968 1386 968 1387 970 1387 971 1387 972 1388 970 1388 912 1388 967 1389 912 1389 970 1389 971 1390 970 1390 973 1390 970 1391 972 1391 973 1391 973 1392 972 1392 871 1392 873 1393 972 1393 908 1393 912 1394 908 1394 972 1394 972 1395 873 1395 871 1395 973 1396 869 1396 868 1396 869 1397 973 1397 871 1397 868 1398 971 1398 973 1398 974 1399 971 1399 868 1399 969 1400 971 1400 974 1400 975 1401 969 1401 974 1401 975 1402 974 1402 861 1402 974 1403 868 1403 862 1403 974 1404 862 1404 861 1404 975 1405 976 1405 977 1405 977 1406 969 1406 975 1406 975 1407 861 1407 976 1407 976 1408 762 1408 977 1408 861 1409 859 1409 976 1409 976 1410 859 1410 829 1410 761 1411 976 1411 829 1411 762 1412 976 1412 761 1412 977 1413 762 1413 756 1413 754 1414 977 1414 756 1414 977 1415 754 1415 753 1415 977 1416 753 1416 969 1416 912 1417 967 1417 910 1417 964 1418 910 1418 967 1418 963 1419 701 1419 695 1419 914 1420 963 1420 694 1420 695 1421 694 1421 963 1421 908 1422 876 1422 873 1422 880 1423 898 1423 881 1423 865 1424 610 1424 613 1424 829 1425 859 1425 831 1425 853 1426 851 1426 978 1426 979 1427 846 1427 853 1427 980 1428 979 1428 853 1428 981 1429 853 1429 978 1429 981 1430 980 1430 853 1430 981 1431 982 1431 980 1431 980 1432 983 1432 979 1432 980 1433 982 1433 983 1433 638 1434 983 1434 636 1434 983 1435 982 1435 636 1435 983 1436 638 1436 984 1436 979 1437 983 1437 984 1437 979 1438 984 1438 985 1438 985 1439 984 1439 986 1439 987 1440 986 1440 984 1440 984 1441 638 1441 987 1441 987 1442 639 1442 988 1442 638 1443 639 1443 987 1443 986 1444 987 1444 989 1444 988 1445 989 1445 987 1445 639 1446 641 1446 988 1446 989 1447 988 1447 990 1447 988 1448 641 1448 991 1448 991 1449 990 1449 988 1449 990 1450 992 1450 989 1450 992 1451 990 1451 993 1451 990 1452 991 1452 994 1452 994 1453 993 1453 990 1453 993 1454 995 1454 992 1454 995 1455 993 1455 996 1455 993 1456 994 1456 997 1456 997 1457 996 1457 993 1457 996 1458 997 1458 998 1458 999 1459 997 1459 994 1459 1000 1460 998 1460 997 1460 997 1461 999 1461 1000 1461 998 1462 1000 1462 1001 1462 1002 1463 1000 1463 999 1463 1003 1464 1001 1464 1000 1464 1000 1465 1002 1465 1003 1465 1001 1466 1003 1466 1004 1466 1004 1467 1003 1467 724 1467 1005 1468 1003 1468 1002 1468 1003 1469 1005 1469 724 1469 1005 1470 1006 1470 722 1470 1007 1471 1006 1471 1005 1471 1002 1472 1007 1472 1005 1472 724 1473 1005 1473 722 1473 659 1474 1006 1474 1007 1474 659 1475 1007 1475 1008 1475 1009 1476 1007 1476 1010 1476 1007 1477 1009 1477 1008 1477 1010 1478 1007 1478 1002 1478 650 1479 1011 1479 1008 1479 1009 1480 650 1480 1008 1480 1008 1481 1011 1481 658 1481 659 1482 1008 1482 658 1482 658 1483 1011 1483 651 1483 651 1484 1011 1484 650 1484 1012 1485 1010 1485 1013 1485 1010 1486 1012 1486 1009 1486 1013 1487 1010 1487 999 1487 999 1488 1010 1488 1002 1488 994 1489 1013 1489 999 1489 991 1490 1013 1490 994 1490 1013 1491 646 1491 1012 1491 646 1492 1013 1492 991 1492 1009 1493 1012 1493 650 1493 1012 1494 647 1494 650 1494 1012 1495 646 1495 647 1495 1006 1496 660 1496 719 1496 659 1497 660 1497 1006 1497 719 1498 722 1498 1006 1498 1014 1499 1001 1499 1004 1499 1015 1500 1014 1500 1004 1500 723 1501 1004 1501 724 1501 723 1502 1015 1502 1004 1502 1016 1503 1015 1503 723 1503 1015 1504 1016 1504 789 1504 789 1505 1017 1505 1015 1505 1015 1506 1017 1506 1014 1506 794 1507 1017 1507 793 1507 1017 1508 789 1508 793 1508 1017 1509 1018 1509 1014 1509 794 1510 1018 1510 1017 1510 1018 1511 1019 1511 1014 1511 795 1512 1020 1512 1018 1512 1020 1513 1019 1513 1018 1513 795 1514 1018 1514 794 1514 1019 1515 1020 1515 1021 1515 1021 1516 998 1516 1019 1516 1001 1517 1019 1517 998 1517 1019 1518 1001 1518 1014 1518 1021 1519 1022 1519 1023 1519 1022 1520 1021 1520 1020 1520 998 1521 1021 1521 996 1521 1023 1522 996 1522 1021 1522 1023 1523 1024 1523 1025 1523 1025 1524 995 1524 1023 1524 996 1525 1023 1525 995 1525 1024 1526 1023 1526 1022 1526 1026 1527 1025 1527 1024 1527 1027 1528 1026 1528 1024 1528 1028 1529 1024 1529 1022 1529 1027 1530 1024 1530 1028 1530 1028 1531 1029 1531 796 1531 1028 1532 796 1532 1027 1532 1028 1533 1022 1533 1029 1533 1030 1534 1029 1534 1022 1534 796 1535 1029 1535 1030 1535 1030 1536 1022 1536 1020 1536 1030 1537 1020 1537 795 1537 795 1538 796 1538 1030 1538 1027 1539 1031 1539 1026 1539 796 1540 1031 1540 1027 1540 1031 1541 1032 1541 1033 1541 800 1542 1032 1542 1031 1542 1026 1543 1031 1543 1033 1543 796 1544 800 1544 1031 1544 1033 1545 1032 1545 1034 1545 1035 1546 1026 1546 1033 1546 1034 1547 1036 1547 1033 1547 1036 1548 1037 1548 1033 1548 1035 1549 1033 1549 1037 1549 1038 1550 1035 1550 1037 1550 1039 1551 1035 1551 1038 1551 1035 1552 1039 1552 1025 1552 1025 1553 1026 1553 1035 1553 992 1554 1039 1554 1040 1554 1038 1555 1040 1555 1039 1555 1039 1556 992 1556 995 1556 995 1557 1025 1557 1039 1557 1040 1558 1038 1558 1041 1558 989 1559 1040 1559 986 1559 1040 1560 989 1560 992 1560 1041 1561 986 1561 1040 1561 985 1562 1041 1562 1042 1562 986 1563 1041 1563 985 1563 1041 1564 1038 1564 1043 1564 1041 1565 1043 1565 1042 1565 985 1566 1042 1566 845 1566 844 1567 845 1567 1042 1567 1044 1568 1042 1568 1043 1568 1042 1569 1044 1569 844 1569 1044 1570 1045 1570 842 1570 842 1571 844 1571 1044 1571 1043 1572 1046 1572 1044 1572 1045 1573 1044 1573 1046 1573 1046 1574 1047 1574 1045 1574 1048 1575 842 1575 1045 1575 1049 1576 1045 1576 1047 1576 1045 1577 1049 1577 1048 1577 1050 1578 1048 1578 1049 1578 1051 1579 1048 1579 1050 1579 1048 1580 1051 1580 840 1580 840 1581 842 1581 1048 1581 1052 1582 1053 1582 1051 1582 1050 1583 1052 1583 1051 1583 1054 1584 840 1584 1051 1584 1053 1585 1054 1585 1051 1585 1053 1586 1055 1586 1054 1586 1055 1587 836 1587 1054 1587 839 1588 1054 1588 836 1588 839 1589 840 1589 1054 1589 1053 1590 1056 1590 1055 1590 1055 1591 1056 1591 1057 1591 1057 1592 1058 1592 1055 1592 1055 1593 1058 1593 836 1593 1058 1594 1057 1594 824 1594 1058 1595 826 1595 830 1595 1058 1596 830 1596 836 1596 824 1597 826 1597 1058 1597 1059 1598 1057 1598 1056 1598 1059 1599 823 1599 1057 1599 823 1600 824 1600 1057 1600 1060 1601 1059 1601 1056 1601 1061 1602 1059 1602 1060 1602 1062 1603 823 1603 1059 1603 1059 1604 806 1604 1062 1604 1061 1605 806 1605 1059 1605 802 1606 1061 1606 1060 1606 806 1607 1061 1607 802 1607 806 1608 809 1608 1062 1608 823 1609 1062 1609 820 1609 1062 1610 809 1610 821 1610 821 1611 820 1611 1062 1611 1063 1612 802 1612 1060 1612 1060 1613 1056 1613 1063 1613 1063 1614 1064 1614 802 1614 1052 1615 1063 1615 1053 1615 1053 1616 1063 1616 1056 1616 1064 1617 1063 1617 1052 1617 802 1618 1064 1618 1065 1618 1064 1619 1052 1619 1050 1619 1064 1620 1050 1620 1065 1620 1066 1621 802 1621 1065 1621 1050 1622 1066 1622 1065 1622 1066 1623 800 1623 802 1623 1049 1624 1067 1624 1066 1624 1066 1625 1067 1625 800 1625 1066 1626 1050 1626 1049 1626 1067 1627 1049 1627 1047 1627 1047 1628 1068 1628 1067 1628 800 1629 1067 1629 1068 1629 1034 1630 800 1630 1068 1630 1068 1631 1047 1631 1036 1631 1036 1632 1034 1632 1068 1632 1047 1633 1046 1633 1036 1633 1037 1634 1036 1634 1046 1634 1046 1635 1043 1635 1037 1635 1038 1636 1037 1636 1043 1636 1034 1637 1032 1637 800 1637 728 1638 726 1638 1016 1638 726 1639 786 1639 1016 1639 723 1640 728 1640 1016 1640 1016 1641 786 1641 789 1641 991 1642 644 1642 646 1642 641 1643 644 1643 991 1643 979 1644 985 1644 845 1644 982 1645 981 1645 620 1645 624 1646 982 1646 620 1646 636 1647 982 1647 624 1647 620 1648 981 1648 978 1648 620 1649 978 1649 621 1649 621 1650 978 1650 851 1650 979 1651 845 1651 846 1651 834 1652 848 1652 835 1652 809 1653 808 1653 821 1653 821 1654 808 1654 816 1654 808 1655 810 1655 816 1655 783 1656 782 1656 792 1656 789 1657 791 1657 793 1657 786 1658 726 1658 781 1658 729 1659 781 1659 726 1659 773 1660 735 1660 736 1660 749 1661 758 1661 743 1661 702 1662 750 1662 703 1662 750 1663 746 1663 703 1663 746 1664 748 1664 703 1664 703 1665 748 1665 705 1665 705 1666 748 1666 740 1666 748 1667 745 1667 740 1667 705 1668 740 1668 741 1668 706 1669 705 1669 741 1669 741 1670 734 1670 710 1670 706 1671 741 1671 710 1671 710 1672 734 1672 711 1672 660 1673 662 1673 719 1673 663 1674 713 1674 712 1674 713 1675 663 1675 666 1675 671 1676 713 1676 666 1676 673 1677 699 1677 669 1677 667 1678 656 1678 655 1678 572 1679 643 1679 635 1679 643 1680 572 1680 570 1680 597 1681 608 1681 600 1681 576 1682 584 1682 579 1682 567 1683 547 1683 550 1683 538 1684 537 1684 542 1684 1069 1685 1070 1685 1072 1685 1076 1686 1077 1686 1078 1686 1076 1687 1078 1687 1080 1687 1081 1688 1074 1688 1075 1688 1083 1689 1080 1689 1082 1689 1084 1690 1082 1690 1085 1690 1083 1691 1076 1691 1080 1691 1089 1692 1086 1692 1090 1692 1093 1693 1092 1693 1091 1693 1093 1694 1091 1694 1094 1694 1092 1695 1087 1695 1088 1695 1098 1696 1097 1696 1100 1696 1099 1697 1093 1697 1094 1697 1105 1698 1103 1698 1104 1698 1106 1699 1107 1699 1109 1699 1111 1700 1112 1700 1113 1700 1118 1701 1116 1701 1117 1701 1120 1702 1118 1702 1119 1702 1118 1703 1120 1703 1121 1703 1123 1704 1124 1704 1121 1704 1123 1705 1121 1705 1125 1705 1125 1706 1121 1706 1126 1706 1121 1707 1120 1707 1126 1707 1127 1708 1125 1708 1128 1708 1131 1709 1128 1709 1132 1709 1132 1710 1128 1710 1129 1710 1132 1711 1129 1711 1133 1711 1130 1712 1132 1712 1133 1712 1137 1713 1134 1713 1135 1713 1135 1714 1136 1714 1139 1714 1139 1715 1136 1715 1140 1715 1142 1716 1141 1716 1143 1716 1141 1717 1138 1717 1143 1717 1142 1718 1143 1718 1145 1718 1147 1719 1144 1719 1146 1719 1148 1720 1142 1720 1145 1720 1124 1721 1123 1721 1119 1721 1149 1722 1115 1722 1122 1722 1150 1723 1110 1723 1114 1723 1102 1724 1101 1724 1108 1724 1098 1725 1096 1725 1095 1725 1073 1726 1071 1726 1079 1726 157 1727 1154 1727 1151 1727 181 1728 1156 1728 1155 1728 491 1729 1157 1729 1158 1729 158 1730 1151 1730 1159 1730 493 1731 1158 1731 1160 1731 162 1732 1161 1732 1163 1732 496 1733 1162 1733 1164 1733 163 1734 1163 1734 1165 1734 165 1735 1167 1735 1165 1735 498 1736 1166 1736 1168 1736 152 1737 1170 1737 1172 1737 169 1738 1173 1738 1169 1738 488 1739 1157 1739 492 1739 152 1740 1152 1740 151 1740 173 1741 1155 1741 1174 1741 153 1742 1152 1742 1176 1742 183 1743 1153 1743 1180 1743 485 1744 1178 1744 1181 1744 149 1745 140 1745 167 1745 150 1746 166 1746 502 1746 1183 1747 1185 1747 1184 1747 168 1748 1192 1748 1185 1748 145 1749 1194 1749 1193 1749 1176 1750 1197 1750 1187 1750 1154 1751 1200 1751 1186 1751 1151 1752 1186 1752 1202 1752 494 1753 1203 1753 1199 1753 1159 1754 1202 1754 1204 1754 502 1755 1213 1755 1212 1755 1158 1756 1214 1756 1160 1756 1162 1757 1217 1757 1164 1757 504 1758 1219 1758 1218 1758 1164 1759 1220 1759 1166 1759 1168 1760 1220 1760 1221 1760 166 1761 1223 1761 1222 1761 1168 1762 1188 1762 1170 1762 164 1763 1222 1763 1224 1763 1172 1764 1188 1764 1196 1764 161 1765 1224 1765 1225 1765 159 1766 1225 1766 1227 1766 149 1767 1183 1767 1229 1767 148 1768 1230 1768 1183 1768 150 1769 1232 1769 1231 1769 135 1770 1227 1770 1230 1770 147 1771 1231 1771 1189 1771 146 1772 1193 1772 1184 1772 167 1773 1185 1773 1190 1773 151 1774 497 1774 182 1774 1178 1775 1175 1775 1177 1775 1177 1776 1180 1776 1178 1776 1153 1777 1167 1777 1156 1777 1156 1778 1171 1778 1155 1778 1155 1779 1171 1779 1174 1779 1171 1780 1167 1780 1173 1780 1173 1781 1167 1781 1169 1781 1167 1782 1153 1782 1165 1782 1171 1783 1156 1783 1167 1783 1165 1784 1163 1784 1161 1784 1161 1785 1159 1785 1165 1785 157 1786 156 1786 1154 1786 491 1787 492 1787 1157 1787 158 1788 1159 1788 1161 1788 493 1789 1160 1789 1162 1789 496 1790 1164 1790 1166 1790 165 1791 1169 1791 1167 1791 498 1792 1168 1792 1170 1792 169 1793 1171 1793 1173 1793 152 1794 499 1794 1170 1794 488 1795 1182 1795 1157 1795 170 1796 1174 1796 1171 1796 152 1797 1172 1797 1152 1797 184 1798 1177 1798 1175 1798 183 1799 1180 1799 1177 1799 185 1800 1175 1800 1178 1800 153 1801 1176 1801 1179 1801 155 1802 1179 1802 1154 1802 181 1803 1153 1803 1156 1803 485 1804 1181 1804 1182 1804 1183 1805 1189 1805 1229 1805 1229 1806 1189 1806 1232 1806 1232 1807 1189 1807 1231 1807 1189 1808 1194 1808 1191 1808 1194 1809 1184 1809 1193 1809 1184 1810 1203 1810 1201 1810 1203 1811 1184 1811 1199 1811 1199 1812 1184 1812 1195 1812 1195 1813 1205 1813 1198 1813 1205 1814 1195 1814 1206 1814 1206 1815 1195 1815 1208 1815 1208 1816 1213 1816 1210 1816 1213 1817 1216 1817 1212 1817 1216 1818 1218 1818 1219 1818 1218 1819 1185 1819 1192 1819 1185 1820 1223 1820 1190 1820 1223 1821 1224 1821 1222 1821 1224 1822 1227 1822 1225 1822 1227 1823 1183 1823 1230 1823 1189 1824 1184 1824 1194 1824 1208 1825 1184 1825 1213 1825 1213 1826 1218 1826 1216 1826 1185 1827 1218 1827 1213 1827 1185 1828 1183 1828 1223 1828 1223 1829 1183 1829 1224 1829 1224 1830 1183 1830 1227 1830 1183 1831 1184 1831 1189 1831 1184 1832 1208 1832 1195 1832 1213 1833 1184 1833 1185 1833 144 1834 1189 1834 1191 1834 166 1835 1190 1835 1223 1835 145 1836 1191 1836 1194 1836 489 1837 1195 1837 1198 1837 1152 1838 1172 1838 1196 1838 486 1839 1198 1839 1205 1839 490 1840 1199 1840 1195 1840 1179 1841 1176 1841 1187 1841 495 1842 1184 1842 1201 1842 494 1843 1201 1843 1203 1843 487 1844 1205 1844 1206 1844 500 1845 1206 1845 1208 1845 1178 1846 1228 1846 1207 1846 501 1847 1208 1847 1210 1847 1181 1848 1207 1848 1209 1848 502 1849 1210 1849 1213 1849 1157 1850 1226 1850 1211 1850 503 1851 1212 1851 1216 1851 1160 1852 1214 1852 1215 1852 504 1853 1216 1853 1219 1853 1164 1854 1217 1854 1220 1854 168 1855 1218 1855 1192 1855 1168 1856 1166 1856 1220 1856 1168 1857 1221 1857 1188 1857 1172 1858 1170 1858 1188 1858 1182 1859 1209 1859 1226 1859 150 1860 1229 1860 1232 1860</p>
        </triangles>
      </mesh>
    </geometry>
  </library_geometries>
  <library_materials>
    <material id="mat_DOBOT_Magician_mit_TOOLS_Greifer_001" name="DOBOT_Magician_mit_TOOLS_Greifer_001">
      <instance_effect url="#effect_DOBOT_Magician_mit_TOOLS_Greifer_001" />
    </material>
  </library_materials>
  <library_visual_scenes>
    <visual_scene id="scene">
      <node id="node0" name="node0">
        <instance_geometry url="#geometry0">
          <bind_material>
            <technique_common>
              <instance_material symbol="ref_DOBOT_Magician_mit_TOOLS_Greifer_001" target="#mat_DOBOT_Magician_mit_TOOLS_Greifer_001" />
            </technique_common>
          </bind_material>
        </instance_geometry>
      </node>
    </visual_scene>
  </library_visual_scenes>
  <scene>
    <instance_visual_scene url="#scene" />
  </scene>
</COLLADA>
