<COLLADA xmlns="http://www.collada.org/2005/11/COLLADASchema" version="1.4.1">
  <asset>
    <contributor />
    <created>2026-05-16T22:22:31.163114</created>
    <modified>2026-05-16T22:22:31.163118</modified>
    <unit name="meter" meter="1.0" />
    <up_axis>Z_UP</up_axis>
  </asset>
  <library_effects>
    <effect id="effect_DOBOT_Magician_mit_TOOLS_Greifer_025" name="effect_DOBOT_Magician_mit_TOOLS_Greifer_025">
      <profile_COMMON>
        <technique sid="common">
          <phong>
            <emission>
              <color>0.0 0.0 0.0 1.0</color>
            </emission>
            <ambient>
              <color>0.0 0.0 0.0 1.0</color>
            </ambient>
            <diffuse>
              <color>0.33000001311302185 0.3400000035762787 0.32499998807907104 1.0</color>
            </diffuse>
            <specular>
              <color>1 1 1 1.0</color>
            </specular>
            <shininess>
              <float>0.0</float>
            </shininess>
            <reflective>
              <color>0.0 0.0 0.0 1.0</color>
            </reflective>
            <reflectivity>
              <float>0.0</float>
            </reflectivity>
            <transparent>
              <color>0.0 0.0 0.0 1.0</color>
            </transparent>
            <transparency>
              <float>1.0</float>
            </transparency>
          </phong>
        </technique>
        <extra>
          <technique profile="GOOGLEEARTH">
            <double_sided>0</double_sided>
          </technique>
        </extra>
      </profile_COMMON>
    </effect>
    <effect id="effect_DOBOT_Magician_mit_TOOLS_Greifer_024" name="effect_DOBOT_Magician_mit_TOOLS_Greifer_024">
      <profile_COMMON>
        <technique sid="common">
          <phong>
            <emission>
              <color>0.0 0.0 0.0 1.0</color>
            </emission>
            <ambient>
              <color>0.0 0.0 0.0 1.0</color>
            </ambient>
            <diffuse>
              <color>0.18000000715255737 0.18000000715255737 0.18000000715255737 1.0</color>
            </diffuse>
            <specular>
              <color>1 1 1 1.0</color>
            </specular>
            <shininess>
              <float>0.0</float>
            </shininess>
            <reflective>
              <color>0.0 0.0 0.0 1.0</color>
            </reflective>
            <reflectivity>
              <float>0.0</float>
            </reflectivity>
            <transparent>
              <color>0.0 0.0 0.0 1.0</color>
            </transparent>
            <transparency>
              <float>1.0</float>
            </transparency>
          </phong>
        </technique>
        <extra>
          <technique profile="GOOGLEEARTH">
            <double_sided>0</double_sided>
          </technique>
        </extra>
      </profile_COMMON>
    </effect>
  </library_effects>
  <library_geometries>
    <geometry id="geometry0" name="DOBOT_Magician-mit-TOOLS_Greifer.024_001">
      <mesh>
        <source id="cubeverts-array0">
          <float_array count="3780" id="cubeverts-array0-array">-0.01254856 0.05689167 -0.0473095 -0.01211637 0.05689555 -0.04707848 -0.01173764 0.05689884 -0.04676764 -0.01000553 0.05691422 -0.04999988 -0.01211726 0.008293752 -0.0473095 -0.01301765 0.05688744 -0.04745184 -0.01258623 0.008289573 -0.04745184 -0.009574116 0.00831628 -0.04999988 -0.01168513 0.008297558 -0.04707848 -0.01130628 0.008300903 -0.04676764 -0.008074224 0.008329631 -0.04849987 -0.01099538 0.00830364 -0.04638879 -0.01142662 0.0569017 -0.04638879 -0.01076436 0.008305729 -0.0459566 -0.01119565 0.05690366 -0.0459566 -0.01062214 0.00830698 -0.04548764 -0.0105741 0.008307398 -0.04499982 -0.0110054 0.05690527 -0.04499982 -0.0110535 0.05690497 -0.04548764 -0.008505583 0.05692762 -0.04849987 -0.008505583 0.05692762 -0.0454921 -0.008200586 0.02257549 -0.04571508 -0.0110535 0.05690497 -0.04451214 -0.01119565 0.05690366 -0.04404317 -0.01173764 0.05689884 -0.04323213 -0.01076436 0.008305729 -0.04404317 -0.0107482 0.05690773 -0.04385178 -0.01062214 0.00830698 -0.04451214 -0.01101619 0.01334423 -0.0436558 -0.01042574 0.008308705 -0.04408751 -0.01068633 0.008306445 -0.04389702 -0.01094263 0.008304123 -0.0437095 -0.01107752 0.01755142 -0.04361091 -0.01099538 0.00830364 -0.04361091 -0.01130628 0.008300903 -0.04323213 -0.01136082 0.03031748 -0.04340373 -0.01142662 0.0569017 -0.04361091 -0.01168513 0.008297558 -0.04292123 -0.011074 0.008302984 -0.0389999 -0.008074224 0.008329631 -0.0389999 -0.01159542 0.04088033 -0.04323213 -0.01172196 0.04242938 -0.0431395 -0.01202052 0.04609496 -0.04292123 -0.01211637 0.05689555 -0.04292123 -0.01254856 0.05689167 -0.04269014 -0.012214 0.03806298 -0.04277973 -0.01301765 0.05688744 -0.04254787 -0.01210653 0.05689562 -0.04285829 -0.0125122 0.05689203 -0.04256151 -0.01233643 0.03298223 -0.04269014 -0.01258623 0.008289573 -0.04254787 -0.01307398 0.008285228 -0.04249982 -0.01257318 0.008289697 -0.04251705 -0.01293331 0.008286484 -0.04225366 -0.0124917 0.008290413 -0.04257653 -0.01350528 0.05688309 -0.04249982 -0.01356166 0.008280869 -0.04254787 -0.0144155 0.008273308 -0.04116956 -0.01322788 0.008283853 -0.0420382 -0.01425898 0.008274734 -0.03894405 -0.0150907 0.008267344 -0.04050003 -0.01480169 0.00826991 -0.0408871 -0.01495897 0.008268476 -0.040772 -0.01403069 0.008276697 -0.04269014 -0.01489412 0.05687076 -0.04292123 -0.01446205 0.05687476 -0.04269014 -0.01446276 0.008272884 -0.04292123 -0.01399308 0.05687886 -0.04254787 -0.01484161 0.008269549 -0.04323213 -0.01503437 0.00826782 -0.04071693 -0.0162099 0.008257394 -0.04186378 -0.01518076 0.008266504 -0.04060989 -0.01518172 0.008426608 -0.04060916 -0.01510834 0.01026719 -0.04050003 -0.01519191 0.01026648 -0.04060171 -0.01622766 0.0102573 -0.04186378 -0.0142768 0.01027459 -0.03894405 -0.01768392 0.0102443 -0.03877906 -0.01549386 0.0102638 -0.04038089 -0.01798468 0.01024168 -0.038559 -0.01870238 0.0102353 -0.039389 -0.01801849 0.01024132 -0.03855555 -0.01798957 0.006992046 -0.03855555 -0.01801031 0.01024144 -0.03854035 -0.0179882 0.006745699 -0.03855656 -0.01798737 0.00674158 -0.03855555 -0.01751023 0.01024585 -0.03760461 -0.01801306 0.006741284 -0.03853832 -0.01747918 0.006746 -0.03760461 -0.0179882 0.006741584 -0.03855656 -0.01799196 0.006741469 -0.03855376 -0.02006602 0.006723044 -0.03716665 -0.01983511 0.006725137 -0.03720574 -0.02001613 0.006723527 -0.0370733 -0.01978875 0.006725613 -0.03664796 -0.01716613 0.006748859 -0.03657291 -0.02018505 0.03320145 -0.03694979 -0.02019256 0.05222362 -0.03664796 -0.01961809 0.006727102 -0.0360851 -0.02066069 0.05221952 -0.03660178 -0.02002185 0.05222517 -0.0360851 -0.02030634 0.05222261 -0.036861 -0.02059769 0.05221999 -0.03664796 -0.02573568 0.05217438 -0.03664796 -0.02590638 0.05217295 -0.0360851 -0.02136713 0.05221325 -0.0360851 -0.02157658 0.05221134 -0.03593205 -0.02596396 0.05217242 -0.03549986 -0.01996421 0.05222559 -0.03549986 -0.02216739 0.05220604 -0.03549986 -0.02251024 0.05220306 -0.03524916 -0.02002185 0.05222517 -0.03491466 -0.01956045 0.00672758 -0.03549986 -0.01961809 0.006727102 -0.03491466 -0.01706045 0.006749746 -0.03549986 -0.01716613 0.006748859 -0.03442685 -0.01978875 0.006725613 -0.03435187 -0.02019256 0.05222362 -0.03435187 -0.01747918 0.006746 -0.0333951 -0.02006602 0.006723044 -0.03383319 -0.02342606 0.05219495 -0.03457932 -0.02373707 0.05219215 -0.03435187 -0.02428865 0.05218732 -0.03394835 -0.02046972 0.05222117 -0.03383319 -0.02506506 0.05218041 -0.03338055 -0.02084285 0.05221791 -0.03337852 -0.02043902 0.006719769 -0.03337852 -0.02444618 0.05218595 -0.03383319 -0.02508533 0.05218029 -0.03337852 -0.0250678 0.05218035 -0.03337852 -0.02545839 0.05217695 -0.03383319 -0.02505457 0.006678761 -0.03383319 -0.0250678 0.05019814 -0.03337852 -0.0250771 0.05218029 -0.03337179 -0.02463079 0.05218429 -0.03300552 -0.02468151 0.006682093 -0.03337852 -0.02482635 0.006680847 -0.03355507 -0.02548789 0.006674949 -0.0330712 -0.0264492 0.00666648 -0.03161084 -0.02713317 0.006660341 -0.03244423 -0.02683759 0.00666302 -0.03208416 -0.02561581 0.006673871 -0.03092682 -0.02648019 0.01016628 -0.03161084 -0.02422696 0.006686151 -0.03300552 -0.02684849 0.008617284 -0.03207616 -0.0289551 0.01014436 -0.029136 -0.02822023 0.01015084 -0.03107297 -0.02564692 0.01017361 -0.03092682 -0.02685701 0.01016288 -0.0320699 -0.02716422 0.0101602 -0.03244423 -0.02767247 0.01015567 -0.0333951 -0.03007411 0.01013439 -0.03049981 -0.03090597 0.01012694 -0.03205578 -0.02764135 0.00665581 -0.0333951 -0.0279854 0.01015294 -0.03442685 -0.03141796 0.01012242 -0.03374408 -0.03140033 0.008122561 -0.03374408 -0.03157317 0.008121012 -0.03549986 -0.03159088 0.01012092 -0.03549986 -0.02809107 0.01015204 -0.03549986 -0.0279854 0.01015294 -0.03657291 -0.03141796 0.01012242 -0.0372557 -0.03140033 0.008122561 -0.0372557 -0.03088815 0.008127095 -0.03894405 -0.03407318 0.008098843 -0.0389999 -0.03450441 0.05669684 -0.0389999 -0.03450441 0.05669684 -0.03199994 -0.0375042 0.05667012 -0.0389999 -0.03707301 0.008072195 -0.0389999 -0.03707301 0.008072195 -0.04849987 -0.03005653 0.00813448 -0.04050003 -0.03407318 0.008098843 -0.03199994 -0.03090597 0.01012694 -0.03894405 -0.02893728 0.008144442 -0.04186378 -0.03007411 0.01013439 -0.04050003 -0.02716422 0.0101602 -0.03855555 -0.02648019 0.01016628 -0.039389 -0.0289551 0.01014436 -0.04186378 -0.02757352 0.008156543 -0.0429831 -0.02759128 0.01015645 -0.0429831 -0.02564692 0.01017361 -0.0400729 -0.02601749 0.008170366 -0.04381476 -0.0260353 0.01017028 -0.04381476 -0.024696 0.01018214 -0.04058121 -0.02366424 0.01019132 -0.04089413 -0.02432937 0.008185328 -0.04432688 -0.02434707 0.01018524 -0.04432688 -0.02607346 0.00816983 -0.04699986 -0.0225736 0.008200882 -0.04449992 -0.01907379 0.008231992 -0.04699986 -0.02650481 0.05676777 -0.04699986 -0.03557312 0.008085552 -0.04999988 -0.02607346 0.00816983 -0.04999988 -0.01950514 0.05682981 -0.04699986 -0.01558387 0.05686474 -0.04361091 -0.01527303 0.05686748 -0.04323213 -0.0375042 0.05667012 -0.04849987 -0.02650481 0.05676777 -0.04999988 -0.03600436 0.05668354 -0.04999988 -0.0158149 0.05686272 -0.04404317 -0.01600515 0.05686104 -0.04499982 -0.01538354 0.00826472 -0.04404317 -0.01515257 0.008266747 -0.04361091 -0.01757371 0.008245291 -0.0429831 -0.01552581 0.008263469 -0.04451214 -0.01557385 0.00826305 -0.04499982 -0.01912957 0.00823146 -0.04381476 -0.01914728 0.01023131 -0.04381476 -0.01759135 0.01024521 -0.0429831 -0.01560175 0.01140451 -0.04499982 -0.01552581 0.008263469 -0.04548764 -0.01595723 0.05686147 -0.04548764 -0.0158149 0.05686272 -0.0459566 -0.01538354 0.00826472 -0.0459566 -0.01515257 0.008266747 -0.04638879 -0.01484161 0.008269549 -0.04676764 -0.01558387 0.05686474 -0.04638879 -0.01527303 0.05686748 -0.04676764 -0.01950514 0.05682981 -0.04999988 -0.01489412 0.05687076 -0.04707848 -0.01350528 0.05688309 -0.04749989 -0.01446276 0.008272884 -0.04707848 -0.01907379 0.008231992 -0.04999988 -0.01403069 0.008276697 -0.0473095 -0.01446205 0.05687476 -0.0473095 -0.01356166 0.008280869 -0.04745184 -0.01307398 0.008285228 -0.04749989 -0.01399308 0.05687886 -0.04745184 -0.02048665 0.01021951 -0.04058121 -0.01953577 0.01022791 -0.0400729 -0.02045553 0.006719591 -0.04058121 -0.01950484 0.006728052 -0.0400729 -0.02141232 0.006711124 -0.03827153 -0.02089363 0.006715715 -0.03799431 -0.01867133 0.006735441 -0.039389 -0.02043902 0.006719769 -0.03762119 -0.02129745 0.05221384 -0.03799431 -0.02084285 0.05221791 -0.03762119 -0.02508533 0.05218029 -0.03762119 -0.02545839 0.05217695 -0.03716665 -0.02046972 0.05222117 -0.03716665 -0.02505457 0.006678761 -0.03716665 -0.02468151 0.006682093 -0.03762119 -0.02713317 0.006660341 -0.03855555 -0.02764135 0.00665581 -0.03760461 -0.02533186 0.006676314 -0.03664796 -0.0264492 0.00666648 -0.039389 -0.02561581 0.006673871 -0.0400729 -0.02422696 0.006686151 -0.03799431 -0.02370828 0.006690802 -0.03827153 -0.02411211 0.05218888 -0.03827153 -0.02463079 0.05218429 -0.03799431 -0.02237881 0.05220432 -0.03844224 -0.02181614 0.05220919 -0.03827153 -0.02354937 0.05219389 -0.03844224 -0.0231455 0.00669575 -0.03844224 -0.02256023 0.006700933 -0.03849989 -0.02296406 0.05219901 -0.03849989 -0.02197504 0.00670618 -0.03844224 -0.02148736 0.006710407 -0.04089413 -0.02151834 0.01021028 -0.04089413 -0.02256023 0.006700933 -0.04099982 -0.02259135 0.01020079 -0.04099982 -0.02083551 0.01021641 -0.04432688 -0.02081788 0.008216503 -0.04432688 -0.02259135 0.01020079 -0.04449992 -0.02363325 0.006691396 -0.04089413 -0.02466493 0.006682214 -0.04058121 -0.02550257 0.006674822 -0.0360851 -0.02795433 0.006653067 -0.03657291 -0.02806001 0.006652181 -0.03549986 -0.02767247 0.01015567 -0.03760461 -0.02795433 0.006653067 -0.03442685 -0.02550257 0.006674822 -0.03491466 -0.02556014 0.00667435 -0.03549986 -0.02560127 0.01131576 -0.03549986 -0.02590638 0.05217295 -0.03491466 -0.02296751 0.05219901 -0.03491466 -0.02573568 0.05217438 -0.03435187 -0.02533186 0.006676314 -0.03435187 -0.01595723 0.05686147 -0.04451214 -0.02528506 0.05677861 -0.03321968 -0.01454854 0.05687386 -0.04107223 -0.03113121 0.05672681 -0.0289437 -0.0307368 0.05673027 -0.02776764 -0.01150542 0.05690092 -0.03199994 -0.0304259 0.05673307 -0.02738879 -0.01436263 0.05687552 -0.04120814 -0.01150542 0.05690092 -0.0389999 -0.03000456 0.0567367 -0.02599996 -0.01000553 0.05691422 -0.02099996 -0.008505583 0.05692762 -0.0224999 -0.008505583 0.05692762 -0.03199994 -0.008074224 0.008329631 -0.03199994 -0.03005267 0.05673636 -0.02648758 -0.03019488 0.05673504 -0.02695667 -0.011074 0.008302984 -0.03199994 -0.01378118 0.05688071 -0.04163335 -0.01367664 0.05688166 -0.04170988 -0.01349741 0.05688321 -0.04184101 -0.01323741 0.05688555 -0.04203109 -0.01290196 0.05688853 -0.04227649 -0.008074224 0.008329631 -0.0224999 -0.0150907 0.008267344 -0.03049981 -0.01357394 0.008280812 -0.03549986 -0.01374685 0.008279265 -0.03374408 -0.01425898 0.008274734 -0.03205578 -0.0142768 0.01027459 -0.03205578 -0.0162099 0.008257394 -0.029136 -0.01510834 0.01026719 -0.03049981 -0.01801849 0.01024132 -0.03244423 -0.01870238 0.0102353 -0.03161084 -0.01622766 0.0102573 -0.029136 -0.01867133 0.006735441 -0.03161084 -0.01798737 0.00674158 -0.03244423 -0.01751023 0.01024585 -0.0333951 -0.01719731 0.01024872 -0.03442685 -0.01376456 0.01027911 -0.03374408 -0.01709151 0.01024967 -0.03549986 -0.0135917 0.0102806 -0.03549986 -0.01376456 0.01027911 -0.0372557 -0.01719731 0.01024872 -0.03657291 -0.01374685 0.008279265 -0.0372557 -0.02089363 0.006715715 -0.03300552 -0.01950484 0.006728052 -0.03092682 -0.01953577 0.01022791 -0.03092682 -0.01759135 0.01024521 -0.02801667 -0.02048665 0.01021951 -0.03041857 -0.01757371 0.008245291 -0.02801667 -0.01912957 0.00823146 -0.02718501 -0.01914728 0.01023131 -0.02718501 -0.009574116 0.00831628 -0.02099996 -0.02081788 0.008216503 -0.02667282 -0.0225736 0.008200882 -0.02649992 -0.02083551 0.01021641 -0.02667282 -0.02259135 0.01020079 -0.02649992 -0.02151834 0.01021028 -0.03010551 -0.02259135 0.01020079 -0.02999991 -0.02045553 0.006719591 -0.03041857 -0.02148736 0.006710407 -0.03010551 -0.02197504 0.00670618 -0.03255747 -0.02256023 0.006700933 -0.03249984 -0.02256023 0.006700933 -0.02999991 -0.02363325 0.006691396 -0.03010551 -0.02366424 0.01019132 -0.03010551 -0.02466493 0.006682214 -0.03041857 -0.02434707 0.01018524 -0.02667282 -0.0260353 0.01017028 -0.02718501 -0.024696 0.01018214 -0.03041857 -0.02759128 0.01015645 -0.02801667 -0.02893728 0.008144442 -0.029136 -0.02757352 0.008156543 -0.02801667 -0.02601749 0.008170366 -0.02718501 -0.02957333 0.008138777 -0.02599996 -0.02962136 0.008138359 -0.02648758 -0.02976351 0.008137104 -0.02695667 -0.02999455 0.008135084 -0.02738879 -0.0303055 0.008132282 -0.02776764 -0.03111566 0.05672688 -0.0280786 -0.0306843 0.008128941 -0.0280786 -0.03133733 0.05672491 -0.02879309 -0.03157979 0.05672276 -0.02861576 -0.03154778 0.056723 -0.02830963 -0.03186631 0.0567202 -0.02840625 -0.03111654 0.008125065 -0.02830963 -0.03158551 0.008120957 -0.02845184 -0.03132289 0.008123273 -0.02880363 -0.03063334 0.008129353 -0.02930795 -0.03180379 0.03272218 -0.02845184 -0.0318417 0.04726755 -0.02842419 -0.03201676 0.05671888 -0.02845184 -0.03250443 0.05671465 -0.02849988 -0.0317893 0.01889461 -0.02846246 -0.0320732 0.008116599 -0.02849988 -0.03177791 0.00811923 -0.02847086 -0.03256089 0.008112248 -0.02845184 -0.03088815 0.008127095 -0.03205578 -0.03299224 0.05671031 -0.02845184 -0.03005653 0.00813448 -0.03049981 -0.03030283 0.008132342 -0.02954964 -0.02966171 0.008138002 -0.03001862 -0.02966559 0.008847775 -0.03001582 -0.02967274 0.01013791 -0.03001051 -0.03302985 0.008108142 -0.02830963 -0.03346122 0.05670607 -0.02830963 -0.0338934 0.0567022 -0.0280786 -0.03346204 0.008104261 -0.0280786 -0.03427219 0.05669892 -0.02776764 -0.03384096 0.008100929 -0.02776764 -0.03458316 0.05669606 -0.02738879 -0.0375042 0.05667012 -0.03199994 -0.03499252 0.05669249 -0.02611958 -0.03481406 0.0566941 -0.02695667 -0.03495627 0.05669277 -0.02648758 -0.03415179 0.008098127 -0.02738879 -0.03707301 0.008072195 -0.03199994 -0.03438276 0.008096101 -0.02695667 -0.03452504 0.008094847 -0.02648758 -0.03479409 0.03592903 -0.0262649 -0.03707301 0.008072195 -0.02459806 -0.03455632 0.00809455 -0.02643871 -0.03452784 0.00809479 -0.02645957 -0.03452962 0.008284334 -0.02645825 -0.03500432 0.05669236 -0.02599996 -0.03460104 0.01123589 -0.02599996 -0.03536593 0.05668921 -0.02584647 -0.0375042 0.05667012 -0.0224999 -0.03495627 0.05669277 -0.02551215 -0.03452504 0.008094847 -0.02551215 -0.03457307 0.00809443 -0.02599996 -0.03707301 0.008072195 -0.0224999 -0.03481406 0.0566941 -0.02504318 -0.03438276 0.008096101 -0.02504318 -0.03415179 0.008098127 -0.02461099 -0.03458316 0.05669606 -0.02461099 -0.03427219 0.05669892 -0.02423214 -0.03384096 0.008100929 -0.02423214 -0.03346204 0.008104261 -0.02392118 -0.0338934 0.0567022 -0.02392118 -0.03557312 0.008085552 -0.02099996 -0.03600436 0.05668354 -0.02099996 -0.03111654 0.008125065 -0.02369021 -0.03256089 0.008112248 -0.02354799 -0.0320732 0.008116599 -0.02349995 -0.03158551 0.008120957 -0.02354799 -0.03302985 0.008108142 -0.02369021 -0.0306843 0.008128941 -0.02392118 -0.03154778 0.056723 -0.02369021 -0.0303055 0.008132282 -0.02423214 -0.0307368 0.05673027 -0.02423214 -0.03111566 0.05672688 -0.02392118 -0.03250443 0.05671465 -0.02349995 -0.03299224 0.05671031 -0.02354799 -0.03201676 0.05671888 -0.02354799 -0.03005267 0.05673636 -0.02551215 -0.03346122 0.05670607 -0.02369021 -0.0304259 0.05673307 -0.02461099 -0.03019488 0.05673504 -0.02504318 -0.02976351 0.008137104 -0.02504318 -0.02962136 0.008138359 -0.02551215 -0.02999455 0.008135084 -0.02461099 -0.02432937 0.008185328 -0.02667282 -0.03742057 0.0472374 -0.0243439 -0.0375042 0.05667012 -0.02428262 -0.03171432 0.05672151 -0.02851741 -0.0231455 0.00669575 -0.03255747 -0.02370828 0.006690802 -0.0327283 -0.02411211 0.05218888 -0.0327283 -0.02354937 0.05219389 -0.03255747 -0.02129745 0.05221384 -0.03300552 -0.02181614 0.05220919 -0.0327283 -0.02237881 0.05220432 -0.03255747 -0.02141232 0.006711124 -0.0327283 -0.02296406 0.05219901 -0.03249984 -0.01267445 0.008288806 -0.02310042 -0.0131622 0.008284453 -0.02314846 -0.01363122 0.008280282 -0.02329074 -0.03504646 0.005090121 -0.02099996 -0.009547531 0.005316436 -0.02099996 -0.009184063 0.008319736 -0.02103841 -0.03507317 0.00808996 -0.02099996 -0.0121867 0.008293089 -0.02314846 -0.01171773 0.008297267 -0.02329074 -0.01128566 0.008301081 -0.0235217 -0.01090681 0.008304477 -0.02383261 -0.00915742 0.005319774 -0.02103841 -0.008782207 0.005323113 -0.02115213 -0.008808792 0.008323069 -0.02115213 -0.01088023 0.005304516 -0.02383261 -0.008436441 0.005326272 -0.02133703 -0.008133352 0.005328954 -0.02158575 -0.008463085 0.008326112 -0.02133703 -0.008159997 0.008328856 -0.02158575 -0.008030178 0.008329988 -0.0219659 -0.008022488 0.006832064 -0.02173697 -0.008030178 0.008329988 -0.02174389 -0.007961871 0.008330585 -0.0218271 -0.00793618 0.005892336 -0.02183197 -0.007961871 0.008330585 -0.02192163 -0.007961871 0.008330585 -0.02235286 -0.008030178 0.008329988 -0.02238719 -0.007961871 0.008330585 -0.02239679 -0.007961871 0.008330585 -0.02279727 -0.008030178 0.008329988 -0.02244375 -0.008030178 0.008329988 -0.02283399 -0.01059585 0.008307219 -0.02421152 -0.008030178 0.008329988 -0.02318273 -0.007961871 0.008330585 -0.02315532 -0.007961871 0.008330585 -0.02322827 -0.008030178 0.008329988 -0.02326844 -0.007961871 0.008330585 -0.02455907 -0.008030178 0.008329988 -0.02456151 -0.007961871 0.008330585 -0.02462844 -0.01022273 0.008310498 -0.02511268 -0.01036489 0.008309242 -0.02464365 -0.008030178 0.008329988 -0.02464318 -0.008014798 0.005330026 -0.02456194 -0.01056927 0.005307376 -0.02421152 -0.01033818 0.005309344 -0.02464365 -0.01019603 0.005310595 -0.02511268 -0.01019603 0.005310595 -0.02608811 -0.008014798 0.005330026 -0.02327512 -0.008014798 0.005330026 -0.0231872 -0.008014798 0.005330026 -0.02284001 -0.008014798 0.005330026 -0.0224515 -0.008014798 0.005330026 -0.02239279 -0.0147264 0.005270421 -0.02698927 -0.0150997 0.005267144 -0.02511268 -0.01403677 0.005276501 -0.0235217 -0.01216012 0.00529325 -0.02314846 -0.01088023 0.005304516 -0.02736811 -0.01125895 0.005301237 -0.02767913 -0.01056927 0.005307376 -0.02698927 -0.01033818 0.005309344 -0.02655714 -0.01036489 0.008309242 -0.02655714 -0.008014798 0.005330026 -0.02641296 -0.008014798 0.005330026 -0.02627849 -0.008014798 0.005330026 -0.02560478 -0.01014798 0.005311013 -0.02560043 -0.01017463 0.008310973 -0.02560043 -0.01022273 0.008310498 -0.02608811 -0.008030178 0.008329988 -0.02641224 -0.01059585 0.008307219 -0.02698927 -0.008030178 0.008329988 -0.02651989 -0.008030178 0.008329988 -0.02708505 -0.008014798 0.005330026 -0.02721404 -0.007961871 0.008330585 -0.02650736 -0.007961871 0.008330585 -0.02708755 -0.008014798 0.005330026 -0.02760295 -0.007930279 0.005330802 -0.02720951 -0.008014798 0.005330026 -0.02708457 -0.008014798 0.005330026 -0.02652186 -0.007930279 0.005330802 -0.0270878 -0.007930279 0.005330802 -0.02650648 -0.007930279 0.005330802 -0.02640765 -0.007930279 0.005330741 -0.02628582 -0.007930279 0.005330741 -0.025586 -0.008014798 0.005330026 -0.02550315 -0.007930279 0.005330741 -0.02549934 -0.008014798 0.005330026 -0.02540063 -0.008030178 0.008329988 -0.02540212 -0.007930279 0.005330741 -0.02541184 -0.008014798 0.005330026 -0.02464556 -0.007930279 0.005330802 -0.02462744 -0.007930279 0.005330802 -0.0245589 -0.007930279 0.005330802 -0.02322535 -0.007930279 0.005330802 -0.02315341 -0.007930279 0.005330741 -0.02279459 -0.007930279 0.005330802 -0.02239333 -0.007930279 0.005330802 -0.02235029 -0.007930279 0.005330741 -0.02191841 -0.008014798 0.005330026 -0.02197325 -0.008014798 0.005330026 -0.02173018 -0.007930279 0.005330741 -0.02183316 -0.007961871 0.008330585 -0.02541112 -0.008030178 0.008329988 -0.02550268 -0.008030178 0.008329988 -0.02560221 -0.007961871 0.008330585 -0.02558708 -0.007961871 0.008330585 -0.02549958 -0.007961871 0.008330585 -0.02628534 -0.007961871 0.008330585 -0.02640807 -0.008030178 0.008329988 -0.02627938 -0.007930279 0.005330741 -0.02760993 -0.008014798 0.005330026 -0.02773772 -0.007930279 0.005330741 -0.02773921 -0.008014798 0.005330026 -0.03058636 -0.008030178 0.008329988 -0.0272135 -0.008030178 0.008329988 -0.02905778 -0.01090681 0.008304477 -0.02736811 -0.007961871 0.008330585 -0.02720975 -0.008030178 0.008329988 -0.0306313 -0.007961871 0.008330585 -0.02909797 -0.01128566 0.008301081 -0.02767913 -0.01169115 0.005297422 -0.0279101 -0.008030178 0.008329988 -0.03100788 -0.01171773 0.008297267 -0.0279101 -0.008030178 0.008329988 -0.03084015 -0.01216012 0.00529325 -0.02805231 -0.008014798 0.005330026 -0.03177422 -0.008014798 0.005330026 -0.03151815 -0.008014798 0.005330026 -0.0308811 -0.0121867 0.008293089 -0.02805231 -0.01264786 0.00528884 -0.02810035 -0.008014798 0.005330026 -0.03449999 -0.01715284 0.005248906 -0.03442685 -0.01267445 0.008288806 -0.02810035 -0.01746582 0.005246044 -0.0333951 -0.01313561 0.005284489 -0.02805231 -0.0131622 0.008284453 -0.02805231 -0.01749253 0.008246001 -0.0333951 -0.01363122 0.008280282 -0.0279101 -0.01403677 0.005276501 -0.02767913 -0.01360458 0.005280377 -0.0279101 -0.01406335 0.008276465 -0.02767913 -0.01800066 0.008241534 -0.03244423 -0.01797396 0.005241632 -0.03244423 -0.01865804 0.005235493 -0.03161084 -0.01868468 0.008235455 -0.03161084 -0.01949149 0.005228102 -0.03092682 -0.01441562 0.005273164 -0.02736811 -0.01951808 0.008228002 -0.03092682 -0.01444208 0.008273127 -0.02736811 -0.0147531 0.008270323 -0.02698927 -0.02046896 0.008219598 -0.03041857 -0.0204423 0.005219639 -0.03041857 -0.01498407 0.008268295 -0.02655714 -0.01512628 0.008267047 -0.02608811 -0.01495742 0.005268335 -0.02655714 -0.0150997 0.005267144 -0.02608811 -0.01514781 0.005266666 -0.02560043 -0.021474 0.005210578 -0.03010551 -0.01517433 0.008266565 -0.02560043 -0.02150058 0.008210419 -0.03010551 -0.02254694 0.005200977 -0.02999991 -0.03013646 0.005133688 -0.02464365 -0.01495742 0.005268335 -0.02464365 -0.02999413 0.005134943 -0.02511268 -0.02361989 0.005191445 -0.03010551 -0.0225736 0.008200882 -0.02999991 -0.02364659 0.008191408 -0.03010551 -0.01512628 0.008267047 -0.02511268 -0.03002077 0.008134842 -0.02511268 -0.03016304 0.008133527 -0.02464365 -0.01498407 0.008268295 -0.02464365 -0.0147531 0.008270323 -0.02421152 -0.03039407 0.008131507 -0.02421152 -0.01444208 0.008273127 -0.02383261 -0.03070497 0.00812876 -0.02383261 -0.0147264 0.005270421 -0.02421152 -0.01441562 0.005273164 -0.02383261 -0.03067834 0.005128862 -0.02383261 -0.03036749 0.005131607 -0.02421152 -0.03105712 0.005125462 -0.0235217 -0.02994608 0.005135355 -0.02560043 -0.02465158 0.005182384 -0.03041857 -0.03013646 0.005133688 -0.02655714 -0.03230357 0.005114433 -0.02808641 -0.03195834 0.005117477 -0.02314846 -0.02999413 0.005134943 -0.02608811 -0.0299728 0.008135264 -0.02560043 -0.03148943 0.005121654 -0.02329074 -0.01360458 0.005280377 -0.02329074 -0.03151595 0.008121547 -0.02329074 -0.01313561 0.005284489 -0.02314846 -0.01406335 0.008276465 -0.0235217 -0.03108382 0.008125364 -0.0235217 -0.01264786 0.00528884 -0.02310042 -0.03198492 0.008117378 -0.02314846 -0.03244596 0.005113183 -0.02310042 -0.03247268 0.008113023 -0.02310042 -0.03293371 0.005108829 -0.02314846 -0.03296035 0.008108735 -0.02314846 -0.03340269 0.005104721 -0.02329074 -0.03383487 0.00510085 -0.0235217 -0.03386146 0.008100748 -0.0235217 -0.03342933 0.008104567 -0.02329074 -0.03421372 0.005097507 -0.02383261 -0.03424036 0.008097351 -0.02383261 -0.03452462 0.005094708 -0.02421152 -0.03455126 0.008094615 -0.02421152 -0.03707301 0.008072195 -0.02299993 -0.03703458 0.008072554 -0.02260969 -0.03692072 0.00807357 -0.02223448 -0.03546322 0.008086506 -0.02103841 -0.03673595 0.008075243 -0.02188878 -0.03648729 0.00807738 -0.02158575 -0.03618419 0.008080123 -0.02133703 -0.03583842 0.008083166 -0.02115213 -0.03543663 0.00508666 -0.02103841 -0.03581178 0.005083322 -0.02115213 -0.03615748 0.00508022 -0.02133703 -0.03646052 0.005077482 -0.02158575 -0.03670924 0.005075341 -0.02188878 -0.03689414 0.005073722 -0.02223448 -0.03700786 0.005072653 -0.02260969 -0.03704643 0.005072356 -0.02299993 -0.03475559 0.005092681 -0.02464365 -0.03489792 0.005091373 -0.02511268 -0.03494597 0.005091016 -0.02560043 -0.03489792 0.005091373 -0.02608811 -0.03507727 0.00508982 -0.02605771 -0.03704811 0.005266246 -0.02461623 -0.03704643 0.005072356 -0.02461755 -0.03704643 0.005072356 -0.04799984 -0.03475559 0.005092681 -0.02655714 -0.03475559 0.005092681 -0.0444427 -0.03421372 0.005097507 -0.04716718 -0.03452462 0.005094708 -0.04678833 -0.03700786 0.005072653 -0.04839001 -0.03707301 0.008072195 -0.04799984 -0.03489792 0.005091373 -0.04491167 -0.03494597 0.005091016 -0.04539928 -0.03703458 0.008072554 -0.04839001 -0.03475559 0.005092681 -0.04635608 -0.03489792 0.005091373 -0.0458871 -0.03424036 0.008097351 -0.04716718 -0.03455126 0.008094615 -0.04678833 -0.03707301 0.008072195 -0.02459812 -0.03478235 0.008092521 -0.0444427 -0.03478235 0.008092521 -0.04635608 -0.03492444 0.008091269 -0.0458871 -0.03497255 0.008090854 -0.04539928 -0.03492444 0.008091269 -0.04491167 -0.03455126 0.008094615 -0.04401038 -0.03478235 0.008092521 -0.02655714 -0.03688782 0.008073871 -0.02473354 -0.03452462 0.005094708 -0.04401038 -0.03455126 0.008094615 -0.02698927 -0.03424036 0.008097351 -0.0436316 -0.03383487 0.00510085 -0.0433207 -0.03421372 0.005097507 -0.0436316 -0.03452462 0.005094708 -0.02698927 -0.03421372 0.005097507 -0.02736811 -0.03383487 0.00510085 -0.02767913 -0.03386146 0.008100748 -0.0433207 -0.03340269 0.005104721 -0.04308961 -0.03424036 0.008097351 -0.02736811 -0.03386146 0.008100748 -0.02767913 -0.03342933 0.008104567 -0.04308961 -0.03296035 0.008108735 -0.0429474 -0.02807338 0.008152129 -0.03549986 -0.03342933 0.008104567 -0.0279101 -0.03340269 0.005104721 -0.0279101 -0.03293371 0.005108829 -0.02805231 -0.03296035 0.008108735 -0.02805231 -0.02804666 0.00515223 -0.03549986 -0.02794099 0.005153177 -0.03442685 -0.03293371 0.005108829 -0.0429474 -0.02794099 0.005153177 -0.03657291 -0.0279677 0.008153016 -0.03442685 -0.02765464 0.008155827 -0.0333951 -0.02762806 0.005155865 -0.0333951 -0.03244596 0.005113183 -0.02810035 -0.02905964 0.008143369 -0.03045898 -0.02714639 0.008160353 -0.03244423 -0.03042429 0.008131207 -0.02946077 -0.03247268 0.008113023 -0.02810035 -0.03145349 0.008122086 -0.02870808 -0.0323056 0.007140636 -0.02808486 -0.03230673 0.008114517 -0.02808402 -0.03198492 0.008117378 -0.02805231 -0.03195834 0.005117477 -0.02805231 -0.03148943 0.005121654 -0.0279101 -0.03138804 0.00512254 -0.02875602 -0.03105712 0.005125462 -0.02767913 -0.03108382 0.008125364 -0.02767913 -0.02896971 0.005143998 -0.03052472 -0.03036946 0.005131606 -0.02950095 -0.03151595 0.008121547 -0.0279101 -0.03067834 0.005128862 -0.02736811 -0.03070497 0.00812876 -0.02736811 -0.02837015 0.008149445 -0.0309633 -0.02646255 0.00816637 -0.03161084 -0.03039407 0.008131507 -0.02698927 -0.02562911 0.008173825 -0.03092682 -0.02643591 0.005166535 -0.03161084 -0.02683871 0.006863838 -0.03208332 -0.02684599 0.008162977 -0.03207801 -0.02711988 0.005160387 -0.03244423 -0.02682937 0.005162957 -0.03209024 -0.02830296 0.005149961 -0.03101234 -0.02560241 0.005173861 -0.03092682 -0.03036749 0.005131607 -0.02698927 -0.02467824 0.008182228 -0.03041857 -0.03016304 0.008133527 -0.02655714 -0.03002077 0.008134842 -0.02608811 -0.03244596 0.005113183 -0.04289929 -0.02762806 0.005155865 -0.03760461 -0.0279677 0.008153016 -0.03657291 -0.02765464 0.008155827 -0.03760461 -0.03247268 0.008113023 -0.04289929 -0.02711988 0.005160387 -0.03855555 -0.02714639 0.008160353 -0.03855555 -0.03151595 0.008121547 -0.04308961 -0.03198492 0.008117378 -0.0429474 -0.03148943 0.005121654 -0.04308961 -0.02643591 0.005166535 -0.039389 -0.02646255 0.00816637 -0.039389 -0.03105712 0.005125462 -0.0433207 -0.03036749 0.005131607 -0.04401038 -0.03067834 0.005128862 -0.0436316 -0.03070497 0.00812876 -0.0436316 -0.03108382 0.008125364 -0.0433207 -0.03039407 0.008131507 -0.04401038 -0.03016304 0.008133527 -0.0444427 -0.02562911 0.008173825 -0.0400729 -0.02467824 0.008182228 -0.04058121 -0.02465158 0.005182384 -0.04058121 -0.02560241 0.005173861 -0.0400729 -0.03013646 0.005133688 -0.0444427 -0.02999413 0.005134943 -0.04491167 -0.03002077 0.008134842 -0.04491167 -0.0299728 0.008135264 -0.04539928 -0.02994608 0.005135355 -0.04539928 -0.02999413 0.005134943 -0.0458871 -0.03036749 0.005131607 -0.04678833 -0.02361989 0.005191445 -0.04089413 -0.02254694 0.005200977 -0.04099982 -0.02364659 0.008191408 -0.04089413 -0.0225736 0.008200882 -0.04099982 -0.03002077 0.008134842 -0.0458871 -0.03016304 0.008133527 -0.04635608 -0.03013646 0.005133688 -0.04635608 -0.03039407 0.008131507 -0.04678833 -0.01498407 0.008268295 -0.04635608 -0.0147264 0.005270421 -0.04678833 -0.0147531 0.008270323 -0.04678833 -0.01495742 0.005268335 -0.04635608 -0.01512628 0.008267047 -0.0458871 -0.01403677 0.005276501 -0.047478 -0.01441562 0.005273164 -0.04716718 -0.01360458 0.005280377 -0.04770903 -0.01216012 0.00529325 -0.04785137 -0.01264786 0.00528884 -0.04789935 -0.01186043 0.005295814 -0.04303829 -0.01495742 0.005268335 -0.0444427 -0.0150997 0.005267144 -0.0458871 -0.01313561 0.005284489 -0.04785137 -0.01104748 0.005303025 -0.04999988 -0.01363122 0.008280282 -0.04770903 -0.01406335 0.008276465 -0.047478 -0.0131622 0.008284453 -0.04785137 -0.011074 0.008302984 -0.04999988 -0.01444208 0.008273127 -0.04716718 -0.03108382 0.008125364 -0.047478 -0.03070497 0.00812876 -0.04716718 -0.03067834 0.005128862 -0.04716718 -0.03105712 0.005125462 -0.047478 -0.03148943 0.005121654 -0.04770903 -0.03195834 0.005117477 -0.04785137 -0.03504646 0.005090121 -0.04999988 -0.03198492 0.008117378 -0.04785137 -0.03151595 0.008121547 -0.04770903 -0.03383487 0.00510085 -0.047478 -0.03543663 0.00508666 -0.04996137 -0.03546322 0.008086506 -0.04996137 -0.03340269 0.005104721 -0.04770903 -0.03293371 0.005108829 -0.04785137 -0.03244596 0.005113183 -0.04789935 -0.03507317 0.00808996 -0.04999988 -0.03581178 0.005083322 -0.04984765 -0.03583842 0.008083166 -0.04984765 -0.03615748 0.00508022 -0.04966275 -0.03618419 0.008080123 -0.04966275 -0.03646052 0.005077482 -0.04941402 -0.03648729 0.00807738 -0.04941402 -0.03670924 0.005075341 -0.04911093 -0.03689414 0.005073722 -0.04876523 -0.03692072 0.00807357 -0.04876523 -0.03673595 0.008075243 -0.04911093 -0.03247268 0.008113023 -0.04789935 -0.03296035 0.008108735 -0.04785137 -0.03386146 0.008100748 -0.047478 -0.03342933 0.008104567 -0.04770903 -0.01068389 0.008306441 -0.04996137 -0.01065731 0.005306482 -0.04996137 -0.01171773 0.008297267 -0.04770903 -0.0121867 0.008293089 -0.04785137 -0.01267445 0.008288806 -0.04789935 -0.01169115 0.005297422 -0.04770903 -0.01125895 0.005301237 -0.047478 -0.01128566 0.008301081 -0.047478 -0.009659947 0.008315507 -0.04941402 -0.009411218 0.008317712 -0.04911093 -0.00922644 0.008319374 -0.04876523 -0.009963036 0.008312819 -0.04966275 -0.01030868 0.008309782 -0.04984765 -0.01088023 0.005304516 -0.04716718 -0.01090681 0.008304477 -0.04716718 -0.009112537 0.008320393 -0.04839001 -0.0091998 0.005319476 -0.04876523 -0.009085894 0.00532049 -0.04839001 -0.009384573 0.005317808 -0.04911093 -0.009633304 0.005315661 -0.04941402 -0.009936393 0.005312979 -0.04966275 -0.01028209 0.005309821 -0.04984765 -0.009047567 0.005320848 -0.04799984 -0.009074152 0.008320689 -0.04799984 -0.01059585 0.008307219 -0.04678833 -0.009073438 0.008243923 -0.04507665 -0.009074152 0.008320689 -0.04507612 -0.01022273 0.008310498 -0.0458871 -0.01036489 0.008309242 -0.04635608 -0.01056927 0.005307376 -0.04678833 -0.01033818 0.005309344 -0.04635608 -0.01019603 0.005310595 -0.0458871 -0.01019603 0.005310595 -0.04491167 -0.01014798 0.005311013 -0.04539928 -0.01017463 0.008310973 -0.04539928 -0.009111225 0.005320192 -0.045049 -0.009047567 0.005320848 -0.04509567 -0.01062625 0.005306781 -0.04394094 -0.01033818 0.005309344 -0.0444427 -0.01022273 0.008310498 -0.04491167 -0.009909987 0.005313158 -0.04446493 -0.009193838 0.005319477 -0.04498868 -0.009580256 0.005316138 -0.04470604 -0.008999466 0.005321265 -0.04451214 -0.009026112 0.00832117 -0.04451214 -0.008883894 0.008322418 -0.04404317 -0.008857251 0.005322456 -0.04404317 -0.009074152 0.008320689 -0.04499982 -0.009047567 0.005320848 -0.04499982 -0.01004755 0.005311907 -0.04436426 -0.008626223 0.005324603 -0.04361091 -0.01053965 0.005307556 -0.0440043 -0.008652866 0.008324449 -0.04361091 -0.01053023 0.005307735 -0.04401122 -0.01056927 0.005307376 -0.04401038 -0.01067447 0.007476868 -0.04390572 -0.01059585 0.008307219 -0.04401038 -0.01036489 0.008309242 -0.0444427 -0.01090681 0.008304477 -0.0436316 -0.01069301 0.008306328 -0.04389225 -0.01088023 0.005304516 -0.0436316 -0.01128566 0.008301081 -0.0433207 -0.008341909 0.008327247 -0.04323213 -0.01125895 0.005301237 -0.0433207 -0.01054549 0.008307636 -0.04400001 -0.008030178 0.008329988 -0.04292421 -0.01171773 0.008297267 -0.04308961 -0.008030178 0.008329988 -0.04292928 -0.008030178 0.008329988 -0.04297624 -0.007963061 0.008330584 -0.04292123 -0.008027374 0.007782341 -0.04297791 -0.008315266 0.005327285 -0.04323213 -0.008014798 0.005330026 -0.0427389 -0.008014798 0.005330026 -0.03948156 -0.008014798 0.005330026 -0.04292475 -0.007936419 0.005330741 -0.04292123 -0.008014798 0.005330026 -0.04298548 -0.008030178 0.008329988 -0.03878949 -0.008014798 0.005330026 -0.04293065 -0.01169115 0.005297422 -0.04308961 -0.01208138 0.005293966 -0.0428767 -0.01184701 0.007419407 -0.04304813 -0.0121867 0.008293089 -0.0429474 -0.01184147 0.008296195 -0.04305218 -0.01216012 0.00529325 -0.0429474 -0.01239533 0.005291103 -0.04264712 -0.01264786 0.00528884 -0.04289929 -0.01267445 0.008288806 -0.04289929 -0.01313561 0.005284489 -0.0429474 -0.01383686 0.005278289 -0.04159277 -0.01329725 0.005283118 -0.04198734 -0.01239925 0.008291249 -0.04264419 -0.0131622 0.008284453 -0.0429474 -0.01391632 0.008277774 -0.04153472 -0.01335275 0.008282777 -0.04194681 -0.01363122 0.008280282 -0.04308961 -0.01360458 0.005280377 -0.04308961 -0.0148763 0.008269251 -0.04083245 -0.01558512 0.008262936 -0.04031412 -0.01749253 0.008246001 -0.03760461 -0.01717942 0.008248804 -0.03657291 -0.01799756 0.008241538 -0.03854965 -0.01799744 0.008223353 -0.0385497 -0.01746582 0.005246044 -0.03760461 -0.01715284 0.005248906 -0.03657291 -0.01707382 0.008249704 -0.03549986 -0.008030178 0.008329988 -0.03592698 -0.008030178 0.008329988 -0.03772269 -0.0170471 0.0052498 -0.03549986 -0.01717942 0.008248804 -0.03442685 -0.008030178 0.008329988 -0.03587483 -0.008030178 0.008329988 -0.03403531 -0.008030178 0.008329988 -0.03396599 -0.008030178 0.008329988 -0.03324638 -0.007961871 0.008330645 -0.03332214 -0.007961871 0.008330585 -0.03396253 -0.007961871 0.008330585 -0.03402422 -0.007961871 0.008330645 -0.03325395 -0.008030178 0.008329988 -0.03316998 -0.007961871 0.008330645 -0.03316162 -0.008030178 0.008329988 -0.0330662 -0.007961871 0.008330585 -0.03106522 -0.007961871 0.008330585 -0.03090648 -0.007961871 0.008330585 -0.03070866 -0.007961871 0.008330585 -0.03587762 -0.007961871 0.008330585 -0.03592214 -0.007961871 0.008330585 -0.03773121 -0.007961871 0.008330585 -0.03852902 -0.008030178 0.008329988 -0.03859238 -0.007961871 0.008330585 -0.0386052 -0.008030178 0.008329988 -0.03867529 -0.007961871 0.008330585 -0.03870992 -0.007961871 0.008330585 -0.04291312 -0.007961871 0.008330585 -0.04291873 -0.007961871 0.008330585 -0.04292051 -0.007961811 0.008322181 -0.04292051 -0.007930279 0.005330802 -0.04291783 -0.007930279 0.005330802 -0.04273079 -0.007930279 0.005330802 -0.03939859 -0.007930279 0.005330802 -0.03914969 -0.008014798 0.005330026 -0.03922556 -0.007930279 0.005330741 -0.0364992 -0.008014798 0.005330026 -0.03649977 -0.007930279 0.005330741 -0.03623513 -0.008014798 0.005330026 -0.03622828 -0.007930279 0.005330741 -0.03549986 -0.007930279 0.005330802 -0.03476463 -0.008014798 0.005330026 -0.03477149 -0.008014798 0.005330026 -0.03549986 -0.007930279 0.005330802 -0.03450058 -0.007930279 0.005330802 -0.03185008 -0.007930279 0.005330802 -0.03160112 -0.007930279 0.005330802 -0.03094941 -0.007930279 0.005330802 -0.03066211 -0.01210278 0.008293864 -0.04286109 -0.01481086 0.005269706 -0.04088037 -0.01553017 0.005263268 -0.04035424 -0.01793694 0.005241992 -0.03859405 -0.01797396 0.005241632 -0.03855555 -0.01798958 0.00699067 -0.03855555 -0.01797991 0.005266727 -0.03856252 -0.01800066 0.008241534 -0.03855555 -0.01868468 0.008235455 -0.039389 -0.01406335 0.008276465 -0.0433207 -0.01444208 0.008273127 -0.0436316 -0.01865804 0.005235493 -0.039389 -0.01951808 0.008228002 -0.0400729 -0.0147531 0.008270323 -0.04401038 -0.01498407 0.008268295 -0.0444427 -0.02046896 0.008219598 -0.04058121 -0.01949149 0.005228102 -0.0400729 -0.0147264 0.005270421 -0.04401038 -0.0204423 0.005219639 -0.04058121 -0.0150997 0.005267144 -0.04491167 -0.01514781 0.005266666 -0.04539928 -0.021474 0.005210578 -0.04089413 -0.02150058 0.008210419 -0.04089413 -0.01517433 0.008266565 -0.04539928 -0.01512628 0.008267047 -0.04491167 -0.01441562 0.005273164 -0.0436316 -0.01403677 0.005276501 -0.0433207 -0.0179503 0.005241812 -0.03858428 -0.01797986 0.005241516 -0.03856264 -0.01052951 0.008307815 -0.0440117 -0.01005464 0.008312046 -0.04435895 -0.009907902 0.008313297 -0.04446642 -0.009588599 0.008316157 -0.04469996 -0.00919074 0.008319679 -0.04499094 -0.009143889 0.008320091 -0.04502515 -0.009124934 0.008320268 -0.04503904 -0.009135008 0.005320072 -0.04503164 -0.03195834 0.005117477 -0.0429474 -0.03485864 0.005091784 -0.02621757 -0.03488481 0.00738567 -0.0261985 -0.03492444 0.008091269 -0.02608811 -0.0348928 0.008091566 -0.0261926 -0.03512763 0.008089483 -0.02602088 -0.03497255 0.008090854 -0.02560043 -0.03492444 0.008091269 -0.02511268 -0.03478235 0.008092521 -0.02464365 -0.01169115 0.005297422 -0.02329074 -0.01125895 0.005301237 -0.0235217 -0.01168668 0.05689925 -0.04316537 -0.01173216 0.0568989 -0.04313211 -0.008505583 0.05692762 -0.0389999 -0.01131618 0.05690259 -0.04343645 -0.01099663 0.05690545 -0.04366998 -0.01211726 0.008293752 -0.04269014 -0.008074224 0.008329631 -0.04580753 -0.01254278 0.05623657 -0.0473095 -0.01211059 0.05624033 -0.04707848 -0.01173186 0.0562436 -0.04676764 -0.01301181 0.05623228 -0.04745184 -0.01118987 0.05624849 -0.0459566 -0.01104766 0.05624974 -0.04548764 -0.01142084 0.05624645 -0.04638879 -0.01349943 0.05622799 -0.04749989 -0.01349943 0.05622799 -0.04249982 -0.01099956 0.05625016 -0.04499982 -0.01104766 0.05624974 -0.04451214 -0.01118987 0.05624849 -0.04404317 -0.01173186 0.0562436 -0.04323213 -0.01142084 0.05624645 -0.04361091 -0.01211059 0.05624033 -0.04292123 -0.01254278 0.05623657 -0.04269014 -0.01301181 0.05623228 -0.04254787 -0.01445621 0.05621946 -0.04269014 -0.01526719 0.05621231 -0.04323213 -0.01557809 0.05620957 -0.04361091 -0.01580905 0.05620748 -0.04404317 -0.01599931 0.05620575 -0.04499982 -0.01595139 0.05620622 -0.04451214 -0.01595139 0.05620622 -0.04548764 -0.01526719 0.05621231 -0.04676764 -0.01580905 0.05620748 -0.0459566 -0.01557809 0.05620957 -0.04638879 -0.01488828 0.05621564 -0.04707848 -0.01445621 0.05621946 -0.0473095 -0.01398724 0.05622364 -0.04745184 -0.01488828 0.05621564 -0.04292123 -0.01398724 0.05622364 -0.04254787 -0.03150702 0.00710583 -0.02329074 -0.03107483 0.007109642 -0.0235217 -0.03038502 0.007115779 -0.02421152 -0.03069598 0.007113099 -0.02383261 -0.03015399 0.00711787 -0.02464365 -0.02996379 0.007119595 -0.02560043 -0.03001177 0.007119119 -0.02608811 -0.03015399 0.00711787 -0.02655714 -0.03232122 0.007098616 -0.02808641 -0.03197593 0.007101656 -0.02314846 -0.03038502 0.007115779 -0.02698927 -0.03069598 0.007113099 -0.02736811 -0.03107483 0.007109642 -0.02767908 -0.03150702 0.00710583 -0.0279101 -0.03197593 0.007101656 -0.02805231 -0.03295136 0.007093014 -0.02805231 -0.03342033 0.007088847 -0.0279101 -0.03246362 0.007097428 -0.02810035 -0.0338524 0.007085021 -0.02767908 -0.03423131 0.007081683 -0.02736811 -0.03454226 0.007078892 -0.02698927 -0.03487616 0.007075965 -0.02621757 -0.03477328 0.007076924 -0.02655714 -0.03491544 0.007075546 -0.02511262 -0.0338524 0.007085021 -0.0235217 -0.03496348 0.007075189 -0.02560043 -0.03491544 0.007075546 -0.02608811 -0.03454226 0.007078892 -0.02421152 -0.03477328 0.007076924 -0.02464365 -0.03423131 0.007081683 -0.02383261 -0.03295136 0.007093014 -0.02314846 -0.03246362 0.007097428 -0.02310042 -0.03342033 0.007088847 -0.02329074 -0.03072804 0.05574269 -0.02776764 -0.03153902 0.05573534 -0.02830963 -0.03110683 0.05573922 -0.0280786 -0.03185755 0.05573255 -0.02840625 -0.03200799 0.05573124 -0.02845184 -0.03249567 0.05572701 -0.02849988 -0.03498382 0.05570484 -0.02611958 -0.0338847 0.05571455 -0.0280786 -0.03298349 0.05572265 -0.02845184 -0.03298349 0.05572265 -0.02354799 -0.03110683 0.05573922 -0.02392123 -0.03004391 0.0557487 -0.02551215 -0.03004391 0.0557487 -0.02648763 -0.03041714 0.05574543 -0.02738879 -0.03018618 0.05574738 -0.02695667 -0.02999574 0.05574911 -0.02599996 -0.03072804 0.05574269 -0.02423214 -0.03153902 0.05573534 -0.02369027 -0.03200799 0.05573124 -0.02354799 -0.03249567 0.05572701 -0.02349995 -0.03345246 0.05571843 -0.02369027 -0.0338847 0.05571455 -0.02392123 -0.03426343 0.05571126 -0.02423214 -0.03457432 0.05570841 -0.02461105 -0.0348053 0.05570644 -0.02504318 -0.03494758 0.05570514 -0.02551215 -0.03499555 0.05570472 -0.02599996 -0.03041714 0.05574543 -0.02461105 -0.03018618 0.05574738 -0.02504318 -0.03494758 0.05570514 -0.02648763 -0.0348053 0.05570644 -0.02695667 -0.03457432 0.05570841 -0.02738879 -0.03426343 0.05571126 -0.02776764 -0.03345246 0.05571843 -0.02830963 -0.01267606 0.008467197 -0.04289923 -0.01218819 0.008471549 -0.04294734 -0.01188856 0.008474233 -0.04303823 -0.01498556 0.008446753 -0.04444264 -0.01363271 0.008458731 -0.04308955 -0.01316368 0.008462904 -0.04294734 -0.01065438 0.008485193 -0.04394089 -0.01128715 0.008479531 -0.04332064 -0.01171922 0.008475718 -0.04308955 -0.01218819 0.008471549 -0.04785125 -0.01498556 0.008446753 -0.04635601 -0.01475459 0.008448781 -0.04401032 -0.0144437 0.008451518 -0.04363154 -0.01406484 0.008454913 -0.04332064 -0.01517587 0.008445023 -0.04539924 -0.01512777 0.008445498 -0.04491161 -0.01512777 0.008445498 -0.04588705 -0.0144437 0.008451518 -0.04716705 -0.01475459 0.008448781 -0.04678827 -0.01406484 0.008454913 -0.04747794 -0.01363271 0.008458731 -0.04770897 -0.01267606 0.008467197 -0.0478993 -0.01316368 0.008462904 -0.04785125 -0.0109083 0.008482937 -0.04363154 -0.01036638 0.008487763 -0.04444264 -0.01059728 0.008485671 -0.04401032 -0.01022422 0.008488959 -0.04491161 -0.01017612 0.008489431 -0.04539924 -0.01022422 0.008488959 -0.04588705 -0.01036638 0.008487763 -0.04635601 -0.01059728 0.008485671 -0.04678827 -0.0109083 0.008482937 -0.04716705 -0.01128715 0.008479531 -0.04747794 -0.01171922 0.008475718 -0.04770897 -0.03070276 0.007888495 -0.04716718 -0.03108161 0.007885098 -0.047478 -0.030392 0.007891243 -0.04678833 -0.03151386 0.007881284 -0.04770903 -0.03198271 0.007877112 -0.04785137 -0.03295814 0.007868471 -0.0429474 -0.03001857 0.007894574 -0.04491167 -0.02997065 0.007894996 -0.04539928 -0.03001857 0.007894574 -0.0458871 -0.03016096 0.007893262 -0.04635608 -0.030392 0.007891243 -0.04401038 -0.03108161 0.007885098 -0.0433207 -0.03070276 0.007888495 -0.0436316 -0.03016096 0.007893262 -0.0444427 -0.03151386 0.007881284 -0.04308961 -0.03198271 0.007877112 -0.0429474 -0.03247053 0.007872814 -0.04289929 -0.03342711 0.007864295 -0.04308961 -0.03385937 0.007860486 -0.0433207 -0.03492236 0.007851003 -0.0458871 -0.03454912 0.007854343 -0.04401038 -0.03423815 0.007857085 -0.0436316 -0.03423815 0.007857085 -0.04716718 -0.03454912 0.007854343 -0.04678833 -0.03385937 0.007860486 -0.047478 -0.03492236 0.007851003 -0.04491167 -0.03478014 0.007852316 -0.04635608 -0.03497046 0.007850591 -0.04539928 -0.03478014 0.007852316 -0.0444427 -0.03342711 0.007864295 -0.04770903 -0.03295814 0.007868471 -0.04785137 -0.03247053 0.007872814 -0.04789935 -0.011276 0.007225992 -0.02767913 -0.01089721 0.007229447 -0.02736811 -0.01021307 0.007235468 -0.02608811 -0.01058632 0.007232192 -0.02698927 -0.01035535 0.007234276 -0.02655714 -0.01021307 0.007235468 -0.02511268 -0.01035535 0.007234276 -0.02464365 -0.01016503 0.007235946 -0.02560043 -0.01058632 0.007232192 -0.02421152 -0.01474351 0.007195238 -0.02698927 -0.01511681 0.007191955 -0.02511268 -0.01405388 0.007201435 -0.0235217 -0.01217716 0.007218005 -0.02314846 -0.01089721 0.007229447 -0.02383261 -0.01497453 0.007193272 -0.02464365 -0.01516491 0.007191483 -0.02560043 -0.01511681 0.007191955 -0.02608811 -0.01474351 0.007195238 -0.02421152 -0.01443266 0.007197973 -0.02383261 -0.01362157 0.007205192 -0.02329074 -0.01315259 0.007209421 -0.02314846 -0.01266504 0.007213652 -0.02310042 -0.011276 0.007225992 -0.0235217 -0.01170819 0.007222237 -0.02329074 -0.01497453 0.007193272 -0.02655714 -0.01443266 0.007197973 -0.02736811 -0.01405388 0.007201435 -0.02767913 -0.01362157 0.007205192 -0.0279101 -0.01315259 0.007209421 -0.02805231 -0.01266504 0.007213652 -0.02810035 -0.01217716 0.007218005 -0.02805231 -0.01170819 0.007222237 -0.0279101</float_array>
          <technique_common>
            <accessor count="1260" source="#cubeverts-array0-array" stride="3">
              <param type="float" name="X" />
              <param type="float" name="Y" />
              <param type="float" name="Z" />
            </accessor>
          </technique_common>
        </source>
        <source id="cubenormals-array0">
          <float_array count="9297" id="cubenormals-array0-array">0.009544051 -0.9999539 -0.001062545 -0.008938323 0.99996 -7.072412e-05 -0.4713878 -0.004183495 0.8819162 -0.00898368 0.9999596 -0.0001136007 0.009171242 -0.9999578 -0.000504568 -0.2903457 -0.002576774 0.9569184 -0.2904135 -0.002578092 0.9568978 0.008898957 -0.9999604 3.850168e-05 -0.4714401 -0.004183361 0.8818882 0.008824519 -0.9999611 -3.187067e-05 -0.6342592 -0.005628149 0.7731 0.008844566 -0.9999608 -1.738587e-05 0.008892376 -0.9999605 8.240943e-06 0.008862077 -0.9999607 -4.829511e-05 -0.6343839 -0.005630881 0.7729977 -0.7729828 -0.006861105 0.6343899 -0.7728597 -0.006858054 0.6345399 -0.8818712 -0.007825379 0.4714255 0.00893689 -0.9999601 5.523398e-05 -0.8819125 -0.007826632 0.471348 -0.9569206 -0.008492298 0.290226 0.008865233 -0.9999607 -2.05692e-05 -0.9951466 -0.008831766 0.09800553 0.008869258 -0.9999607 -1.716362e-05 -0.9569607 -0.008494051 0.2900933 -0.9951348 -0.008832889 0.09812666 -0.008973966 0.9999597 -6.983188e-05 -0.008608973 0.9999629 0.0002389245 0.009587565 -0.999954 -0.0003354202 0.008640048 -0.9999627 0.0001710554 0.707079 0.00627607 -0.7071068 -0.008917502 0.9999602 -2.156232e-05 0.9999605 0.008878181 -0 -0.008891415 0.9999605 0 0.9999607 0.008875703 -3.056763e-05 -0.00938526 0.9999559 -0.0003155629 -0.008991542 0.9999596 -0.0001597218 -0.008772822 0.9999615 0.0001429392 0.008640065 -0.9999627 -0.0001710465 -0.9569627 -0.008492673 -0.2900868 -0.009101175 0.9999586 3.126898e-05 -0.008912873 0.9999603 -5.579419e-05 0.009587791 -0.999954 0.0003355394 -0.9951319 -0.008831635 -0.09815481 -0.9951439 -0.00883297 -0.09803362 -0.9569224 -0.008493713 -0.2902195 -0.8818334 -0.007825929 -0.471496 0.008789148 -0.9999613 -2.506122e-06 0.008814879 -0.9999611 0.0001939957 0.009093218 -0.9999587 4.537077e-05 -0.8819617 -0.007850811 -0.4712557 -0.8818721 -0.007825444 -0.4714237 -0.882166 -0.007835601 -0.4708734 -0.8816928 -0.007841529 -0.4717585 -0.7730058 -0.006859128 -0.6343619 -0.7729651 -0.006857424 -0.6344113 -0.881942 -0.00782422 -0.4712931 -0.7729232 -0.006865282 -0.6344624 0.008835818 -0.999961 6.723302e-06 0.008882512 -0.9999605 4.160279e-06 0.008844068 -0.999961 3.352128e-05 -0.6343336 -0.00562966 -0.7730389 -0.7729279 -0.006859673 -0.6344568 -0.7728874 -0.00685797 -0.6345062 -0.7728001 -0.006861404 -0.6346125 -0.6346663 -0.005634966 -0.7727657 -0.634604 -0.005626799 -0.772817 -0.6343378 -0.005636336 -0.7730355 -0.6342752 -0.00562817 -0.7730869 -0.6344582 -0.00563034 -0.7729366 -0.4714907 -0.004184125 -0.8818612 -0.4714307 -0.004180509 -0.8818932 -0.4713675 -0.004182627 -0.8819269 0.009171042 -0.9999579 0.0005041511 0.009544188 -0.9999539 0.001062504 -0.008792146 0.9999613 0.0003441084 -0.009014175 0.9999593 -0.000239615 -0.009084765 0.9999587 -0.0002196586 -0.4716147 -0.004184247 -0.8817949 -0.2903591 -0.002576115 -0.9569143 -0.2902174 -0.002576351 -0.9569573 -0.09803094 -0.0008702512 -0.995183 0.009057716 -0.9999589 0.0001866177 0.008908838 -0.9999603 1.097069e-05 -0.2901618 -0.002578456 -0.9569741 0.00895742 -0.9999598 0.0002290984 -0.09805505 -0.0008702208 -0.9951806 0.09804572 0.000870138 -0.9951815 0.008931844 -0.9999601 4.714175e-05 0.008930853 -0.9999601 -1.6108e-06 0.008860126 -0.9999607 -2.519118e-05 0.008849658 -0.9999608 1.822351e-05 0.008704797 -0.9999621 -0.0001278734 0.008889813 -0.9999605 1.539929e-05 0.008750737 -0.9999617 -6.506174e-05 0.009411363 -0.9999556 0.000399737 0.009262716 -0.9999571 0.0001966001 0.00888461 -0.9999605 3.490431e-05 0.4715918 0.004185859 -0.881807 0.4715948 0.004185919 -0.8818055 0.008830822 -0.999961 -1.24329e-05 0.2902491 0.002576636 -0.9569477 0.2902851 0.002576577 -0.9569367 0.6343375 0.005630439 -0.7730356 0.008867186 -0.9999607 2.142081e-06 0.008839068 -0.9999609 -4.431739e-05 0.008649918 -0.9999626 -5.420257e-05 0.008746078 -0.9999618 7.748561e-05 0.009116434 -0.9999585 0.0001736745 0.008937969 -0.99996 -7.041802e-05 -0.7732968 -0.007506559 0.6339997 -0.7729345 -0.007506344 0.6344415 -0.7725096 -0.006850822 0.6349661 -0.7729714 -0.006851105 0.6344039 -0.7729806 -0.006864124 0.6343926 -0.7728105 -0.006817137 0.6346002 -0.8818718 -0.007779192 0.4714251 -0.8819131 -0.007858165 0.4713465 0.008888565 -0.9999605 4.572694e-06 0.008710098 -0.999962 -0.0002625344 0.008718646 -0.999962 -0.0002348821 0.008900068 -0.9999604 0.0002421254 0.008864921 -0.9999607 -5.084721e-05 0.008864949 -0.9999607 -5.089716e-05 0.01074736 -0.9999385 0.002767092 0.7730115 0.006878595 -0.6343547 0.01063689 -0.999942 0.001684838 0.8807674 0.007837455 -0.4734843 0.7730523 0.006900399 -0.6343048 0.7851645 0.006905949 -0.6192486 0.8820184 0.007757927 -0.471151 0.8819072 0.007834787 -0.471358 0.01076468 -0.9999414 -0.001104705 0.8819152 0.007824109 -0.4713432 0.7722674 0.000357987 -0.6352975 0.01685594 -0.9996853 -0.01858189 0.04135493 -0.9981512 0.04454049 0.01010588 -0.9999473 0.001829106 0.009126714 -0.9999583 0.0003627141 0.008853025 -0.9999608 -1.153541e-05 0.009116524 -0.9999584 0.0003025199 0.008973608 -0.9999597 0.0001071741 0.008874516 -0.9999607 0.0001154122 0.00886107 -0.9999607 8.294809e-05 -0.8818403 -0.007824864 0.4714834 -0.8819075 -0.007827307 0.4713574 0.008864673 -0.9999607 -4.293675e-05 -0.9569412 -0.008493264 0.2901576 0.008762056 -0.9999616 0.0001076392 -0.9569157 -0.008491903 0.2902417 -0.8820285 -0.007823767 0.4711313 0.008963605 -0.9999599 -6.031079e-05 0.008963584 -0.9999575 0.002150543 0.008892708 -0.9999605 0.0001556004 0.008878267 -0.9999605 8.989977e-06 0.008860966 -0.9999607 -1.466661e-05 0.008875625 -0.9999586 0.002030565 0.008878267 -0.9999605 -0.000336618 0.008860966 -0.9999607 -0.0003602935 0.008867325 -0.9999607 -2.700018e-05 0.008880275 -0.9999605 -0.0001641312 0.008853706 -0.9999608 -0.000165266 0.008873372 -0.9999606 -0.0001383752 -0.9951459 -0.008831166 0.09801406 0.008873371 -0.9999606 0.0002365009 0.00886611 -0.9999607 0.0001627465 -0.9951452 -0.008831255 -0.09802101 -0.9951451 -0.008831254 0.0980214 0.008862139 -0.9999607 -5.567325e-05 -0.9951444 -0.008831152 -0.09802839 0.008866167 -0.9999607 5.60739e-05 0.008866166 -0.9999607 -4.668755e-05 0.00886397 -0.9999607 4.647341e-05 0.008864672 -0.9999607 4.294212e-05 -0.9569303 -0.00849203 -0.2901936 -0.9569048 -0.008492941 -0.2902777 0.008861072 -0.9999607 -8.29431e-05 0.008906279 -0.9999604 -0.0001920734 -0.8818551 -0.007826843 -0.4714557 0.008869527 -0.9999606 -7.505628e-05 0.008878517 -0.9999605 -0.0002028765 0.008878518 -0.9999606 0.0001874656 0.008862163 -0.9999607 2.143964e-05 -0.8819354 -0.007825352 -0.4713053 0.008880842 -0.9999606 0.0001066295 -0.7729725 -0.006860767 -0.6344024 -0.7730822 -0.006859505 -0.6342688 0.008857059 -0.9999608 0.0001907218 0.008857058 -0.9999608 -0.0001348449 0.003045087 -0.9996584 -0.02595805 0.008888132 -0.9997969 -0.0180818 0.008889945 -0.9999605 -8.98777e-05 0.005897258 -0.9999794 0.002510793 0.773034 0.006861045 -0.6343275 0.7741877 0.006847751 -0.6329191 0.003046085 -0.9999862 -0.004291605 0.6330535 0.005599408 -0.7740878 0.6342651 0.00563042 -0.7730951 0.7730803 0.006862695 -0.634271 0.6343414 0.005601868 -0.7730326 0.7729916 0.006862642 -0.6343791 0.008798945 -0.9999613 -0.0001588042 0.008998005 -0.9999595 0.0001133732 0.008876316 -0.9999606 4.422956e-05 0.008900412 -0.9999604 5.787063e-05 0.008922281 -0.9999602 0.0001152577 0.008864795 -0.9999607 3.664538e-05 -0.6343946 -0.005617188 0.772989 0.008858503 -0.9999607 1.115028e-05 0.00888423 -0.9999605 5.214451e-05 -0.7730167 -0.006907353 0.6343481 -0.7728881 -0.006843465 0.6345056 0.008879766 -0.9999606 2.007169e-05 0.008820452 -0.9999611 -3.924843e-05 -0.6344485 -0.005639211 0.7729446 0.008904641 -0.9999604 0.0001005538 -0.7729065 -0.006832317 0.6344831 -0.7729604 -0.006832348 0.6344174 0.008790527 -0.9999614 -5.549891e-05 -0.7730128 -0.006858359 0.6343533 -0.8818809 -0.007824264 0.4714074 0.008879503 -0.9999605 1.302725e-05 0.008893728 -0.9999604 3.431998e-05 0.008891934 -0.9999604 1.703012e-05 -0.9569113 -0.008506651 0.2902557 0.008881625 -0.9999605 -4.758105e-05 -0.8819042 -0.007839861 0.4713633 0.008878605 -0.9999606 -1.515316e-05 0.9569224 0.008439352 -0.2902212 0.9951501 0.008776493 -0.09797534 0.995146 0.008810391 -0.09801361 0.008886517 -0.9999605 -2.299144e-05 0.008892203 -0.9999604 -4.20967e-05 0.008892202 -0.9999604 4.209476e-05 0.008886516 -0.9999605 2.299115e-05 0.9951467 0.008776463 0.09801045 0.9951501 0.008810426 0.09797218 0.9568968 0.008439127 0.2903053 0.008869994 -0.9999607 5.57542e-06 0.008879174 -0.9999606 -8.494166e-06 -0.9999606 -0.008873191 0 0 0 1 0.008882659 -0.9999606 0 0.008873298 -0.9999607 2.955794e-06 0 0 1 -0.9999606 -0.008873191 0 0.008867283 -0.9999607 0 0.008870186 -0.9999607 -5.374798e-06 0.8818949 0.007856782 0.4713805 0.008887703 -0.9999605 -9.677987e-06 0.7729571 0.006793143 0.6344219 0.8818391 0.007750053 0.4714867 0.00889373 -0.9999605 -3.431964e-05 0.008877777 -0.9999606 -1.044439e-05 0.008881195 -0.9999605 -2.150279e-05 0.7730241 0.006888076 0.6343392 0.6343895 0.005652764 0.7729929 0.6343727 0.005633275 0.7730068 0.008820448 -0.9999611 3.925208e-05 0.008851772 -0.9999608 -1.861555e-05 0.4713363 0.0041855 0.8819436 0.4713487 0.004198181 0.881937 0.008936366 -0.9999601 -7.513806e-05 0.00888292 -0.9999606 -1.070892e-05 0.00889104 -0.9999605 -1.407195e-05 0.2902802 0.002585451 0.9569382 0.008862735 -0.9999607 8.908715e-06 0.2902627 0.002568967 0.9569436 0.008866662 -0.9999607 1.245911e-05 0.09807342 0.0008679978 0.9951788 0.008859805 -0.9999608 1.693372e-05 0.008880278 -0.9999605 -1.17297e-05 0 0 -1 0.00887134 -0.9999607 0 0.9999607 0.008875595 -0 0.008869892 -0.9999607 4.587035e-06 0.008889876 -0.9999604 1.205114e-05 0 -0 -1 -0.008863796 0.9999608 -4.864111e-05 -0.008874601 0.9999607 -8.20267e-06 -0.008875985 0.9999605 -9.585653e-06 0.9999607 0.008875595 -0 -0.008865824 0.9999607 0 -0.008886008 0.9999605 6.391322e-05 -0.008897859 0.9999604 6.11356e-05 -0.009053058 0.9999591 0.0001703691 0.008670444 -0.9999624 3.415139e-05 0.8818914 0.007827713 -0.4713877 0.008847017 -0.9999609 -1.941068e-05 0.8819423 0.007827075 -0.4712924 0.7729843 0.006860095 -0.6343881 0.008864528 -0.9999607 1.166668e-05 0.008941837 -0.99996 5.845614e-05 0.7728597 0.006860968 -0.6345398 0.008850825 -0.9999608 -4.117949e-05 0.008861012 -0.9999607 -2.013561e-05 0.008864927 -0.9999608 -1.489054e-05 -0.4713786 -0.004173414 0.8819211 0.008886099 -0.9999605 6.105734e-06 -0.4713624 -0.004156946 0.8819298 -0.6343758 -0.00559456 0.7730047 0.9951428 0.008837086 -0.09804522 0.008880218 -0.9999606 -1.154442e-05 0.008865101 -0.9999607 1.49053e-05 0.9951455 0.00883711 0.09801711 0.9951437 0.008834275 0.09803509 0.9951392 0.008831306 -0.09808186 0.9951704 0.008831583 0.09776484 -0.008908733 0.9999604 -2.771189e-05 -0.008920344 0.9999602 -4.66881e-07 0.008770454 -0.9999616 -1.425907e-05 0.9568582 0.008493123 0.290431 0.956895 0.008494726 0.2903098 0.008862661 -0.9999607 2.063677e-05 0.008856062 -0.9999608 4.398379e-05 0.8819129 0.007827904 0.4713475 0.7729192 0.006859516 0.6344673 0.008879939 -0.9999605 -0.0001092564 0.8818619 0.007826363 0.4714427 -0.008896482 0.9999604 -5.999468e-05 -0.008892643 0.9999605 -8.463039e-05 0.008670473 -0.9999624 -3.41412e-05 0.008847022 -0.9999608 1.941142e-05 0.7730438 0.006862603 0.6343155 -0.008899773 0.9999604 0 -0.008783106 0.9999614 -0.0001527687 0.008838712 -0.999961 1.596834e-05 0.009009877 -0.9999593 0.0004292246 0.6342006 0.005629224 0.773148 0.6342631 0.005630593 0.7730968 0.0088396 -0.999961 4.497458e-05 0.008844274 -0.9999609 3.75962e-05 0.4714888 0.004184979 0.881862 0.4714919 0.004184971 0.8818604 0.008884004 -0.9999605 -3.688314e-05 0.2903773 0.002577395 0.9569088 0.09803031 0.0008702472 0.9951831 0.008946782 -0.9999599 0.0001044837 0.008872441 -0.9999606 -1.186666e-05 0.2904133 0.002578094 0.9568977 -0.008884241 0.9999605 -2.870251e-05 -0.008646255 0.9999626 0.0003437616 0.008645562 -0.9999626 -0.0003507939 0.09800604 0.000869786 0.9951854 -0.008809689 0.9999611 -0.0001899933 -0.09801552 -0.0008698701 0.9951845 0.008903443 -0.9999604 4.380585e-05 -0.009077057 0.9999588 0.0003112275 0.008402329 -0.9999634 -0.001573202 -0.9999607 -0.008875655 0 -0.9999607 -0.008875655 0 0 0 -1 0.008873945 -0.9999607 0 -0.008914642 0.9999603 -3.19819e-05 0.00892146 -0.9999602 -3.723857e-05 -0.09803962 -0.0008703283 0.9951822 0.008841934 -0.999961 2.655189e-05 0.008932587 -0.9999601 -6.410213e-05 0.008906035 -0.9999603 0 0.008822743 -0.9999611 0 0 -0 -1 0.008910204 -0.9999602 4.168532e-05 0.008852459 -0.9999608 -2.79269e-05 -0.6344093 -0.005633601 0.7729768 0.008878142 -0.9999606 -1.076738e-05 0.4714036 0.004192106 -0.8819076 0.4714794 0.004166384 -0.8818672 0.008878175 -0.9999607 -1.070398e-05 0.6343269 0.005605439 -0.7730446 0.008890335 -0.9999605 1.721932e-05 0.00885869 -0.9999607 -1.629097e-05 0.008870784 -0.9999606 -8.21046e-06 0.6342695 0.00562774 -0.7730916 0.008893835 -0.9999605 2.852144e-05 0.008868693 -0.9999607 3.380189e-06 0.7729677 0.00685838 -0.6344083 0.02245548 -0.9996868 -0.01104989 0.773025 0.0003497549 -0.6343753 -0.6343843 -0.005630444 0.7729973 -0.6343985 -0.005630808 0.7729856 0.008846481 -0.9999609 -5.49078e-05 -0.7729934 -0.006860952 0.6343769 0.008865437 -0.9999607 8.653432e-05 0.008865438 -0.9999607 -7.528079e-05 0.008863731 -0.9999607 -9.261105e-05 -0.7728838 -0.006857745 0.6345106 0.008863731 -0.9999607 -0.0002183009 0.008875644 -0.9999607 -9.734975e-05 -0.8818938 -0.007824983 0.4713832 0.008949925 -0.9999599 -7.902085e-05 -0.8818706 -0.007824141 0.4714266 0.8818469 0.007826812 0.4714707 0.7729373 0.006860187 0.6344453 0.7729452 0.006860418 0.6344357 0.008875885 -0.9999606 -2.116304e-05 0.008868525 -0.9999607 2.232305e-05 0.8818491 0.00782689 0.4714668 0.00888595 -0.9999605 -3.622883e-05 0.008896809 -0.9999604 -6.471968e-05 -0.7729818 -0.006844296 -0.6343913 -0.881917 -0.007824584 -0.4713397 -0.7729533 -0.006857831 -0.6344259 -0.6343257 -0.00563812 -0.7730454 0.008858504 -0.9999607 -1.11514e-05 0.008884224 -0.9999605 -5.213504e-05 -0.63438 -0.005617059 -0.773001 0.4713412 0.004183428 0.881941 0.00893393 -0.9999601 -6.155084e-05 0.634442 0.005631087 0.77295 0.4713389 0.004183441 0.8819423 0.6344431 0.005631117 0.772949 0.008845343 -0.9999607 -0.0005976883 0.008909333 -0.9999602 5.207307e-05 0.008845344 -0.9999608 -1.734128e-05 0.2902499 0.002576137 0.9569473 0.2902758 0.002576717 0.9569396 0.09801014 0.0008700152 0.995185 0.09800263 0.0008698512 0.9951857 0.008909321 -0.9999589 0.001658489 -0.09801122 -0.0008697782 0.9951849 -0.0980227 -0.0008700293 0.9951838 -0.2902788 -0.002576013 0.9569386 0.008793783 -0.9999614 -2.278006e-05 0.008887436 -0.9999604 4.375639e-05 0.00895885 -0.9999598 5.79616e-05 0.09802892 0.0008677583 -0.9951832 0.008829512 -0.999961 0 0.2901931 0.002580634 -0.9569647 0.2902299 0.002569134 -0.9569535 0.09801628 0.0008715491 -0.9951844 0.008843075 -0.9999609 -2.754786e-05 0.008833361 -0.999961 -2.948069e-05 0.008932277 -0.9999601 5.082841e-05 -0.290251 -0.002559736 0.956947 -0.09806972 -0.000864881 0.9951791 0.008895272 -0.9999605 0 -0.2902618 -0.002569872 0.9569439 -0.09807632 -0.0008708313 0.9951785 0.008856252 -0.9999607 0 0.09807657 0.0008708335 0.9951785 0.008862111 -0.9999607 -1.186175e-05 0.008895959 -0.9999604 1.022607e-05 -0.09801607 -0.0008715471 -0.9951845 -0.09802771 -0.0008680538 -0.9951833 0.008825238 -0.999961 1.636828e-05 0.008888337 -0.9999605 0 0.008857232 -0.9999608 1.394145e-05 0.0089008 -0.9999604 5.273786e-06 -0.2902309 -0.002576378 -0.9569531 -0.2902113 -0.002569876 -0.9569591 0.00881248 -0.9999611 6.801679e-05 0.008811002 -0.9999611 6.862879e-05 -0.4714024 -0.004184629 -0.8819083 -0.2903053 -0.002576604 0.9569306 0.008866526 -0.9999607 0.0001977476 -0.4713358 -0.004183341 0.8819439 0.008866527 -0.9999607 9.759019e-05 -0.471387 -0.004189861 -0.8819165 0.9569142 0.008493002 0.2902467 0.9569172 0.00849316 0.2902369 0.008865197 -0.9999607 3.891428e-05 0.008864968 -0.9999607 3.090727e-05 0.008863608 -0.9999607 4.689581e-05 -0.9568953 -0.008506509 -0.2903084 -0.9951456 -0.008831345 -0.09801655 -0.9951462 -0.008833501 -0.09800961 -0.9569073 -0.008494069 -0.2902694 0.008891935 -0.9999604 -1.702871e-05 0.008878605 -0.9999606 1.515256e-05 -0.8818933 -0.007839764 -0.4713838 0.008881625 -0.9999606 4.758335e-05 -0.9951451 -0.008833491 0.09802104 0.008863609 -0.9999607 -4.689778e-05 0.008867743 -0.9999607 -6.496629e-05 0.008867743 -0.9999607 6.496164e-05 -0.9951458 -0.008831348 0.09801409 0.9951566 0.008818213 0.09790568 0.9951559 0.008818206 -0.09791263 0.9951541 0.008834253 -0.0979295 0.9951668 0.008832509 -0.09780108 0.9951549 0.008834261 0.09792256 0.9951675 0.008832514 0.09779409 0.008866957 -0.9999607 2.703835e-05 0.00886509 -0.9999607 8.086519e-06 0.008865089 -0.9999607 4.174556e-05 0.008891732 -0.9999605 -0.0001553258 0.9569063 0.008492931 -0.290273 0.008888377 -0.9999605 0.0002009406 0.008888377 -0.9999605 -0.0001894018 0.008887006 -0.9999605 0.0002058576 0.881847 0.00782687 -0.4714708 0.9569033 0.008493036 -0.2902827 0.8818491 0.007826831 -0.4714667 0.008865197 -0.9999607 -3.891914e-05 0.008864967 -0.9999607 -3.090489e-05 0.008868521 -0.9999607 -2.232381e-05 0.008883514 -0.9999605 6.694296e-05 0.008883514 -0.9999605 3.327248e-05 -0.9568996 -0.008494002 0.2902946 -0.4713376 -0.004183331 0.881943 0.9568601 0.008494417 -0.2904245 0.9951676 0.008834487 -0.09779286 0.956897 0.008493467 -0.2903033 -0.008920909 0.9999602 5.216346e-07 -0.008948418 0.9999599 3.975663e-05 0.008770436 -0.9999616 1.426534e-05 0.008838712 -0.999961 -1.597013e-05 -0.008871763 0.9999607 4.693411e-06 -0.008604527 0.999963 -6.492318e-05 0.634275 0.005630699 -0.773087 0.00900984 -0.9999593 -0.0004290932 -0.008856766 0.9999608 1.96911e-05 -0.008864214 0.9999607 -7.348749e-06 -0.008839874 0.9999609 2.593086e-05 -0.008875024 0.9999606 -9.219109e-06 -0.008875335 0.9999606 -5.698776e-06 -0.008893289 0.9999605 -9.222374e-05 -0.008888835 0.9999605 0 0.9999606 0.008876991 -0 -0.008876091 0.9999606 1.424495e-06 -0.008930253 0.9999601 8.810209e-06 -0.008902354 0.9999604 0 0 -0 -1 -0.008820174 0.9999611 0.0001738408 -0.008830356 0.999961 0.0001660108 -0.00890785 0.9999603 -0.0001211817 0 0 -1 0.9999606 0.008876991 -0 -0.00893538 0.9999601 1.444382e-05 -0.008946649 0.9999599 -9.748628e-07 -0.008937922 0.99996 -3.682975e-06 -0.008912673 0.9999603 3.084674e-05 -0.008978561 0.9999596 0.0001466247 -0.009004937 0.9999595 0.0001105861 -0.009502367 0.9999547 0.0004841324 -0.008724465 0.9999619 -0.0001141439 -0.008688403 0.9999623 -6.484792e-05 -0.008738041 0.9999618 -4.61025e-05 -0.009045809 0.9999591 -7.14492e-05 -0.008672634 0.9999624 -7.590697e-05 -0.008957545 0.9999599 4.928828e-05 -0.008931282 0.9999601 -0.0001369044 -0.008987204 0.9999596 -0.0001606879 -0.008870141 0.9999607 -6.575228e-07 -0.009082083 0.9999588 -0.0001202383 -0.008965059 0.9999598 3.980156e-05 0.008882511 -0.9999605 0 0.008873604 -0.9999607 2.812537e-06 0.008868671 -0.9999607 0 0.008877962 -0.9999606 -6.63718e-06 0.008869762 -0.9999607 -7.476442e-06 0.00886952 -0.9999607 6.30098e-06 -0.8818707 -0.007857786 -0.471426 0.008883424 -0.9999605 -5.800503e-06 -0.7729816 -0.006818647 -0.6343917 -0.8819133 -0.007779558 -0.4713474 0.008889704 -0.9999605 -3.963403e-06 0.008857263 -0.9999608 4.459278e-05 0.008863068 -0.9999607 2.581032e-05 -0.7729486 -0.006863839 -0.6344315 0.7729889 0.006858566 0.6343825 0.7729597 0.006872443 0.634418 0.8819025 0.007841061 0.4713667 0.8818765 0.007823765 0.4714155 0.008890404 -0.9999605 -1.072021e-05 0.9568827 0.008489199 0.2903506 0.008871052 -0.9999607 -9.161157e-05 0.008880758 -0.9999606 1.257144e-05 0.9569143 0.008523352 0.2902454 0.9951451 0.008863874 0.09801929 0.9951345 0.008829467 0.09813015 0.008848418 -0.9999608 2.220112e-05 0.0088388 -0.999961 -1.011875e-05 0.9951458 0.008829567 -0.09801481 0.0088388 -0.999961 -2.125265e-05 0.008854535 -0.9999608 8.566576e-06 0.9951346 0.008863783 -0.09812565 0.9569104 0.008489446 -0.2902592 0.008871053 -0.9999607 9.161598e-05 0.9568782 0.008523029 -0.2903644 -0.9951463 -0.00881018 0.0980107 -0.9951494 -0.008839882 0.09797723 -0.9568864 -0.008471461 0.290339 0.008880758 -0.9999606 -1.257094e-05 0.008877963 -0.9999606 6.637056e-06 0.00886952 -0.9999607 -6.300766e-06 -0.9569039 -0.008526359 0.2902796 -0.9951458 -0.008839849 -0.09801386 -0.9951494 -0.008810207 -0.0979804 -0.9568831 -0.008526174 -0.290348 -0.9569016 -0.008471597 -0.2902886 0.008859142 -0.9999607 8.627671e-05 0.008868204 -0.9999607 7.271449e-05 0.008914753 -0.9999602 -4.9444e-05 0.008893837 -0.9999605 -2.852679e-05 0.008870782 -0.9999606 8.209635e-06 0.6343384 0.00560554 0.7730352 0.6343954 0.005628857 0.7729883 0.008878176 -0.9999606 1.070298e-05 0.008878142 -0.9999606 1.076749e-05 0.4713571 0.004165302 0.8819326 0.008852459 -0.9999608 2.792778e-05 -0.6344135 -0.005594893 -0.7729737 -0.4713796 -0.004157097 -0.8819206 0.008910204 -0.9999602 -4.168495e-05 -0.4713631 -0.004173277 -0.8819293 0.0088642 -0.9999608 1.874855e-05 0.008883471 -0.9999606 -1.102535e-05 -0.2902866 -0.002570091 -0.9569364 0.008893161 -0.9999604 -3.866305e-05 -0.09800141 -0.0008642787 -0.9951859 -0.2902976 -0.002560147 -0.956933 -0.09799473 -0.0008701069 -0.9951866 0.008833362 -0.999961 2.9481e-05 0.008895271 -0.9999604 0 0.008843075 -0.9999609 2.754884e-05 0.2903497 0.002582027 0.9569171 0.00893227 -0.9999601 -5.082528e-05 0.2903131 0.00256987 0.9569283 0.09793397 0.0008669178 0.9951925 0.008887432 -0.9999605 -4.375396e-05 0.00895885 -0.9999598 -5.795993e-05 0.008829512 -0.9999611 0 0.09794654 0.0008709289 0.9951913 -0.09793376 -0.0008672218 0.9951925 0.008888337 -0.9999605 0 -0.09794534 -0.0008709183 0.9951915 -0.2903509 -0.002571112 0.9569168 0.008862736 -0.9999607 -8.908811e-06 0.008825235 -0.999961 -1.636886e-05 0.008891039 -0.9999605 1.407122e-05 -0.2903312 -0.002577267 0.9569228 -0.4713403 -0.004184077 0.8819415 0.008936369 -0.9999601 7.514174e-05 0.008882922 -0.9999606 1.07089e-05 0.6343765 0.005652647 -0.7730036 0.6343936 0.00563346 -0.7729897 0.4713497 0.004185619 -0.8819364 0.008851772 -0.9999608 1.861573e-05 0.471337 0.004198078 -0.8819432 0.00888347 -0.9999606 -6.051795e-08 0.008866554 -0.9999607 -1.683497e-05 0.008848419 -0.9999609 -5.664094e-05 0.00886977 -0.9999607 -1.252747e-05 0.008865492 -0.9999607 9.196142e-06 -0.9569473 -0.008492861 0.2901377 -0.9951303 -0.008831734 0.0981712 -0.9951435 -0.008830498 0.09803768 -0.9569811 -0.008494337 0.2900261 -0.7729807 -0.006860988 0.6343924 -0.7729254 -0.006859616 0.63446 -0.881831 -0.007827145 0.4715006 0.008942336 -0.99996 5.569846e-05 -0.6344025 -0.005630243 0.7729824 0.008850912 -0.9999608 -3.572375e-05 -0.634464 -0.005631592 0.7729319 -0.009150784 0.9999581 8.95308e-05 -0.008883899 0.9999605 6.723487e-06 -0.009064416 0.9999589 0.0001627112 0.008848456 -0.9999609 0.0001250031 -0.008572057 0.999963 -0.0007582828 -0.009022637 0.9999593 8.722721e-05 -0.4714503 -0.004183475 0.8818827 -0.4713467 -0.00418374 0.881938 0.008768968 -0.9999616 -3.558219e-05 0.008785407 -0.9999614 -4.244933e-05 -0.2901691 -0.002574511 0.9569719 0.008946965 -0.9999601 3.575404e-05 -0.2901726 -0.002574885 0.9569708 -0.2901987 -0.002575391 0.956963 -0.2901807 -0.002575354 0.9569684 -0.09802707 -0.00086999 0.9951834 -0.09792364 -0.00086695 0.9951936 -0.09768657 -0.0008667194 0.9952168 -0.09811891 -0.0008706611 0.9951743 -0.09838129 -0.0008799274 0.9951484 -0.09779321 -0.0008793512 0.9952063 0.008965464 -0.9999598 0.0001111193 0.008907192 -0.9999603 3.14333e-05 0.008918332 -0.9999602 -2.306752e-05 0.008870169 -0.9999606 4.455167e-06 0.09799953 0.0008696018 0.9951861 0.0980238 0.0008700631 0.9951837 0.008871239 -0.9999607 4.811755e-06 0.008913783 -0.9999602 4.771622e-05 0.009130882 -0.9999583 0.0001166639 0.008862602 -0.9999607 4.711663e-05 0.772983 0.00679337 -0.6343903 0.773037 0.006719768 -0.6343254 0.008776245 -0.9999615 -5.497913e-05 0.8818954 0.007750547 -0.4713814 0.00885071 -0.9999608 3.08586e-05 0.7729328 0.006719717 -0.6344523 0.7729977 0.00688784 -0.6343716 0.7731196 0.006899792 -0.6342227 0.7729889 0.006899725 -0.6343821 0.008929112 -0.9999601 3.879472e-05 0.008856981 -0.9999608 -5.982374e-05 0.008864218 -0.9999607 -1.373788e-05 0.009075621 -0.9999589 4.108745e-05 0.008768548 -0.9999616 4.077929e-05 0.2901673 0.002575537 0.9569724 0.2901702 0.002575592 0.9569716 -0.009108791 0.9999585 -0.0002645597 -0.009014679 0.9999593 4.581882e-05 -0.00895231 0.9999599 2.818722e-05 0.4714001 0.004184213 0.8819095 0.4714001 0.004184214 0.8819095 0.6344683 0.00563163 0.7729284 0.008801754 -0.9999613 1.006972e-05 0.008969792 -0.9999598 -1.612113e-05 0.6343381 0.005628776 0.7730352 -0.007596734 0.9999703 0.001295968 -0.008673134 0.9999624 -1.531701e-05 -0.009047365 0.9999591 0.0001051841 -0.008906339 0.9999604 -2.520223e-06 0.7729153 0.006858435 0.634472 -0.008965176 0.9999598 -7.246036e-05 -0.008718079 0.999962 -0.0001034271 -0.00911323 0.9999585 -0.0001202156 -0.00749789 0.9999718 0.0005486052 0.8819447 0.007828334 0.471288 0.7730494 0.006861756 0.6343088 0.008954125 -0.9999599 -4.895181e-05 0.881886 0.007826559 0.4713978 0.008829718 -0.999961 2.986948e-05 0.956945 0.008492691 0.2901448 0.9569108 0.008491199 0.2902577 0.008859728 -0.9999607 1.385878e-05 0.9950872 0.00882996 0.09860776 0.008889709 -0.9999605 0 0.00835607 -0.9999648 -0.0007196548 0.9949879 0.008681889 0.09961816 0.007454924 -0.9999714 -0.001296589 0.9950801 0.008829312 0.09867987 0.9951447 0.008824181 0.09802709 0.9951311 0.008823091 0.09816416 0.9951728 0.008828921 0.09774035 0.9951296 0.00883329 0.09817897 -0.008633702 0.9999627 0.0001873268 -0.008857002 0.9999607 2.782516e-05 -0.008627762 0.9999628 0.0002013235 0.009622347 -0.9999537 -0.000103213 0.9951275 0.00882852 -0.09820039 0.995145 0.008830472 -0.09802311 0.9951469 0.008860098 -0.09800008 0.008867405 -0.9999607 -1.886719e-05 0.9569244 0.008491321 -0.290213 0.9568902 0.008492206 -0.2903258 0.008869733 -0.9999607 -1.689785e-05 0.8819145 0.007828067 -0.4713444 0.8819731 0.007827331 -0.4712345 0.008848159 -0.9999608 -3.972149e-05 0.7729138 0.006860552 -0.634474 0.008927829 -0.9999602 7.053038e-05 0.7730478 0.006859611 -0.6343107 0.6343403 0.005630495 -0.7730334 0.008819001 -0.9999611 -3.108576e-05 0.6344706 0.005629952 -0.7729265 0.008895281 -0.9999604 9.798034e-06 -0.7070789 -0.006274349 0.7071068 0 0 1 0.008874148 -0.9999606 1.385415e-05 0.008914515 -0.9999603 6.181066e-05 0.008946947 -0.9999599 0.000107216 0.008649549 -0.9999625 -0.0003582381 0.00878417 -0.9999614 -9.229514e-05 0.008945981 -0.99996 6.068776e-05 0.008892956 -0.9999605 -0.0001368658 -0.2901834 -0.00257498 -0.9569677 -0.4712499 -0.004181697 -0.8819898 0.008872683 -0.9999607 9.746214e-06 0.00889992 -0.9999604 9.546136e-05 -0.6344663 -0.005630809 -0.7729301 -0.4713534 -0.004183799 -0.8819345 -0.6344047 -0.005631066 -0.7729806 0.008881283 -0.9999606 0.0002575326 0.008612622 -0.9999627 -0.0006282954 0.008987529 -0.9999596 4.444888e-05 -0.008885008 0.9999605 8.046618e-05 -0.008895171 0.9999605 0.0001539165 0.008917402 -0.9999602 -2.408402e-06 0.008512776 -0.9999633 -0.0008693933 0.008832423 -0.9999611 1.181557e-05 0.009108852 -0.9999585 -0.0002647375 -0.008990701 0.9999595 -0.0001248934 0.2901816 0.002575694 -0.9569681 0.009343967 -0.999956 -0.0008325462 -0.008904392 0.9999603 -2.285621e-05 0.2901844 0.002575689 -0.9569673 0.09799953 0.0008698477 -0.9951861 0.008880149 -0.9999606 2.287694e-05 0.00900011 -0.9999595 -7.044282e-05 0.008682857 -0.9999622 0.0004044032 -0.008930867 0.9999601 -6.832546e-05 0.4713032 0.004183354 -0.8819613 -0.008640349 0.9999626 0.0003468276 -0.09802707 -0.0008698461 -0.9951833 -0.008699127 0.9999622 0.000254817 -0.2901811 -0.002574983 -0.9569683 -0.09802531 -0.0008698482 -0.9951835 0.009194836 -0.9999577 0.0001552606 0.007487233 -0.9999719 -0.0005520392 -0.008899243 0.9999604 0.0001238231 -0.9569266 -0.008493854 -0.2902058 -0.008832002 0.999961 -0.0001749398 0.008913559 -0.9999602 0 0.007057995 -0.9999751 0 -0.9951341 -0.008830414 -0.09813358 -0.9951473 -0.008831884 -0.0980001 -0.9569604 -0.008492978 -0.2900941 0.008889863 -0.9999605 1.912261e-05 0.008889589 -0.9999604 1.853909e-05 -0.8818595 -0.007827545 -0.4714472 0.008899093 -0.9999604 8.372443e-05 0.008868468 -0.9999607 -1.840783e-05 0.09799845 0.0008701398 -0.9951862 0.008861605 -0.9999607 -3.52272e-05 0.008808323 -0.9999613 -0.0001657067 0.09800164 0.0008673625 -0.9951859 0.290316 0.002569439 -0.9569274 -0.7729238 -0.006860483 -0.6344618 -0.8818664 -0.007827459 -0.4714344 -0.00884016 0.9999609 -0.0001712151 -0.7729792 -0.006860095 -0.6343944 -0.008887573 0.9999605 9.691564e-05 0.0980238 0.0008698172 -0.9951837 -0.008872008 0.9999606 -3.157044e-05 0.4713032 0.004183354 -0.8819613 -0.008726005 0.9999619 7.972516e-05 -0.7070922 -0.006273643 0.7070935 -0.008923694 0.9999602 -2.622792e-05 0 0 1 -0.008990867 0.9999596 -0.0001515655 0.007496937 -0.9999717 0.0005490352 -0.008781944 0.9999614 0.0001375355 0.0089795 -0.9999598 -6.484937e-05 -0.9999606 -0.008872105 3.558537e-05 -0.9999607 -0.00887378 -0 0.008990956 -0.9999596 6.938651e-05 0.008882369 -0.9999605 0 -0.9999606 -0.00887378 -0 -0.9999607 -0.008872105 -8.570924e-06 -0.9999607 -0.00886515 0 -0.9999608 -0.00886515 0 -0.008889896 0.9999605 0 -0.009128577 0.9999582 -0.00027583 -0.008926862 0.9999602 0 -0.009000046 0.9999595 -9.31793e-05 0.9951461 0.008860091 0.09800894 0.9951542 0.008695066 0.09794133 0.008439877 -0.9999644 4.834652e-05 -0.008843482 0.9999608 -9.364407e-05 0.008882658 -0.9999605 5.630289e-06 0 0 -1 -0.009055224 0.999959 7.64251e-05 -0.00888247 0.9999605 -2.605443e-05 0 -0 -1 -0.008800836 0.9999612 0.0004790232 0.008869994 -0.9999607 -5.575438e-06 0.9568933 0.00852494 -0.2903143 0.8818377 0.007856272 -0.4714876 -0.008817918 0.9999608 0.000900975 -0.008906663 0.9999604 -2.199829e-07 -0.008651583 0.9999625 -0.0002327546 -0.008660643 0.9999625 -0.0001408118 -0.008696139 0.9999622 -8.571169e-05 -0.008701824 0.9999621 -0.0001119364 -0.2899846 -0.002571546 0.9570279 -0.009130876 0.9999583 0.0002318295 -0.009173091 0.999958 0.0001740744 -0.008752627 0.9999617 -0.0001629569 -0.290253 -0.002572091 0.9569465 0.008986515 -0.9999596 -6.896724e-05 0.008844221 -0.9999609 0.0001324941 -0.008878676 0.9999605 1.386396e-05 -0.008864637 0.9999607 0 -0.009151221 0.999958 8.893159e-05 -0.8818378 -0.007827352 0.4714878 0.2902981 0.002585611 -0.9569327 0.0089008 -0.9999604 -5.273492e-06 0.008812492 -0.9999611 -6.801009e-05 0.008810999 -0.9999611 -6.862939e-05 -0.4713556 -0.004189582 0.8819333 0.008933929 -0.9999601 6.154883e-05 0.4713362 0.004183417 -0.8819438 0.4713338 0.004183362 -0.881945 0.29046 0.002578001 -0.9568837 0.2904341 0.002578121 -0.9568915 0.008866528 -0.9999607 -2.229398e-05 0.008845345 -0.9999608 -0.0002373851 0.008845344 -0.9999609 0.0001587687 -0.4713307 -0.004183271 -0.8819466 0.008909331 -0.99996 0.0008080581 -0.2904893 -0.002577881 -0.9568747 -0.4713325 -0.004183311 -0.8819457 -0.2904629 -0.002578004 -0.9568828 0.00885869 -0.9999607 1.629068e-05 0.008890335 -0.9999605 -1.721938e-05 0.008793788 -0.9999614 2.277782e-05 0.008909322 -0.9999589 -0.001658702 -0.09799837 -0.0008698134 -0.9951862 -0.09800986 -0.0008697662 -0.9951851 0.0979898 0.0008698346 -0.995187 0.09799729 0.0008698038 -0.9951863 0.008866526 -0.9999607 -8.523257e-05 -0.6342745 -0.00562947 -0.7730874 0.008857231 -0.9999608 -1.394104e-05 0.008856253 -0.9999608 0 0.4714324 0.004192363 0.8818923 -0.008934001 0.9999601 0.0001071477 -0.008917466 0.9999602 7.953915e-05 0.008888543 -0.9999605 -1.207432e-05 0.7070784 0.006276065 0.7071072 0.008873957 -0.9999607 -1.785787e-07 0 0 1 0.09809868 0.0008693502 0.9951763 -0 0 1 -0.008875284 0.9999606 4.816109e-06 -0.008791034 0.9999614 -0.0001038975 -0.008899949 0.9999604 2.855216e-05 -0.008840723 0.9999609 -2.687116e-05 -0.008933854 0.9999601 3.634483e-05 -0.008857789 0.9999608 5.55809e-07 0.707065 0.006276772 0.7071207 0.2900302 0.002575771 0.957014 0.09808443 0.0008710925 0.9951777 -0.008877607 0.9999607 1.27784e-05 0.2899891 0.002569788 0.9570265 0.008891476 -0.9999604 -2.18658e-05 0.009054629 -0.999959 -0.000149576 0.4715267 0.004178516 0.8818418 0.008873564 -0.9999607 2.774424e-05 0.6343365 0.005634002 0.7730364 0.4715904 0.004188536 0.8818077 0.6343371 0.005634092 0.773036 -0.00896516 0.9999598 0.0001098799 -0.00881979 0.9999611 -3.248212e-05 -0.008841293 0.9999609 -4.15622e-05 0.7726926 0.006862946 0.6347433 0.7728651 0.006900051 0.6345329 -0.008719594 0.999962 0 -0.008739631 0.9999618 0 0.7728847 0.006900043 0.6345091 0.9999868 0.00513399 0 0.7730855 0.006877215 0.6342646 -0.008739633 0.9999619 0 -0.008739632 0.9999618 0 -0.008739632 0.9999618 0 -0.008739632 0.9999619 0 -0.008739632 0.9999618 0 -0.008739632 0.9999618 0 -0.008874486 0.9999606 0 -0.0088745 0.9999607 0 -0.008739631 0.9999618 0 -0.9999868 -0.00513399 -0 0.9999868 0.00513399 0 0.9999869 0.00513399 0 -0.008874485 0.9999607 0 0.008739632 -0.9999619 0 -0.008739633 0.9999619 0 -0.008739631 0.9999618 0 -0.008739631 0.9999618 0 -0.008739631 0.9999619 0 -0.008739631 0.9999618 0 -0.008739631 0.9999618 0 -0.008885104 0.9999605 -1.52341e-05 -0.008888934 0.9999605 0 -0.9999869 -0.005126631 -0 -0.008739632 0.9999619 0 -0.9999868 -0.005126631 -0 -0.00888564 0.9999605 0 -0.008855974 0.9999607 -5.036907e-05 -0.8818926 -0.007813937 -0.4713857 -0.8817834 -0.007850668 -0.4715892 -0.956968 -0.008520049 -0.2900685 -0.008623233 0.9999629 0 -0.008145344 0.9999669 0.0001979452 -0.008808691 0.9999612 -0.0001568202 -0.008866174 0.9999607 0 -0.008866172 0.9999607 0 -0.008866172 0.9999607 0 -0.008866171 0.9999607 0 -0.008988242 0.9999596 0.0001714695 -0.00885817 0.9999608 -4.673061e-05 -0.008876135 0.9999606 -1.983939e-05 -0.008891946 0.9999605 5.964454e-05 -0.7729706 -0.006848843 -0.6344048 -0.008494072 0.9999638 0.0005770507 -0.008914051 0.9999602 -5.148919e-05 -0.008483978 0.9999641 -0.000213881 -0.009781738 0.999952 0.0004798653 -0.008877173 0.9999607 4.88214e-05 0.008145341 -0.9999669 0.0001979463 -0.9569724 -0.008520087 0.2900541 -0.008903023 0.9999604 3.170358e-05 -0.008907744 0.9999604 0 -0.008907744 0.9999604 0 -0.008912321 0.9999604 2.066062e-05 -0.9951414 -0.008840434 0.09805831 -0.9951311 -0.008857275 0.09816148 -0.9569679 -0.008517601 0.2900685 0.008702657 -0.9999621 0 -0.008886615 0.9999605 1.569172e-05 -0.8818931 -0.007851644 0.471384 -0.008886705 0.9999604 6.679552e-05 -0.00888564 0.9999605 0 -0.008874487 0.9999606 0 -0.9999869 -0.005126631 -0 -0.008739632 0.9999618 0 -0.9999868 -0.005126631 -0 -0.008739632 0.9999618 0 -0.008739631 0.9999617 0 -0.9999869 -0.005126631 0 -0.008902092 0.9999603 0 0.00918438 -0.9999579 0 -0.008888467 0.9999605 -0.0002534003 -0.008866173 0.9999607 0 0.009184379 -0.9999578 0 -0.9999868 -0.005126631 0 -0.008866172 0.9999607 0 0.009184379 -0.9999578 0 -0.9999869 -0.005126632 0 0.00918438 -0.9999578 0 0.00918438 -0.9999579 0 0.009184379 -0.9999578 0 0.009184381 -0.9999579 0 -0.009215604 0.9999574 0.0004970512 -0.008467961 0.9999641 0 -0.008467961 0.9999642 0 -0.008467962 0.9999642 0 -0.008467963 0.9999642 0 -0.008467961 0.9999641 0 -0.008912362 0.9999602 0 -0.008912363 0.9999603 0 0.9999868 0.005126631 -0 0.9999868 0.005126631 -0 -0.008467962 0.9999642 0 -0.008467961 0.9999641 0 0.9999869 0.005126631 0 0.9999868 0.005126631 -0 -0.008910446 0.9999604 -2.047204e-05 -0.008467961 0.9999642 0 -0.008907743 0.9999602 0 -0.008907742 0.9999603 0 -0.009184381 0.9999579 0 -0.00916783 0.999958 -7.720003e-05 -0.9999868 -0.005126631 0 -0.009184379 0.9999578 0 -0.009184379 0.9999578 0 -0.00918438 0.9999579 0 -0.00918438 0.9999579 0 -0.009184379 0.9999578 0 -0.008558644 0.9999634 0.0001687655 -0.009184379 0.9999579 0 -0.008467961 0.9999642 0 -0.009080522 0.9999587 -0.000150914 -0.00918438 0.9999578 0 -0.009184379 0.9999578 0 -0.008558932 0.9999633 0.0001402123 -0.00918438 0.9999577 0 -0.9999869 -0.005119293 0 -0.008902092 0.9999604 0 -0.9999869 -0.005119293 0 -0.008467962 0.9999642 0 -0.009037302 0.9999592 0 -0.008467961 0.9999641 0 -0.008924489 0.9999602 3.451822e-05 -0.7729699 -0.00677736 -0.6344064 0.7728899 0.006824254 0.6345034 0.7728395 0.006824271 0.6345648 -0.008875953 0.9999606 9.83401e-05 -0.008888933 0.9999605 0 -0.008739632 0.9999619 0 0.9999869 0.005126632 0 -0.008866861 0.9999607 0 0.008739631 -0.9999618 0 -0.9999868 -0.005126631 -0 -0.00886686 0.9999607 0 -0.008739631 0.9999618 0 0.008739631 -0.9999618 0 -0.008739632 0.9999619 0 -0.008739632 0.9999618 0 -0.008739631 0.9999618 0 -0.008739632 0.9999619 0 -0.008739632 0.9999619 0 -0.9999868 -0.005126631 0 -0.9999869 -0.005126631 0 -0.9999869 -0.005126631 0 -0.008888935 0.9999605 0 -0.008888934 0.9999605 0 -0.9999868 -0.005126632 -0 -0.9999868 -0.005126631 -0 -0.008739632 0.9999619 0 -0.008866942 0.9999607 -9.92424e-05 -0.008739633 0.9999618 0 -0.008901056 0.9999604 0 -0.00890421 0.9999603 0.0002079047 0.008480451 -0.999964 0.0001512283 -0.008467962 0.9999642 0 0.00846796 -0.9999641 0 -0.008902092 0.9999604 0 0.008869177 -0.9999606 -0.0002552005 0.008873785 -0.9999606 0 0.9999869 0.005126631 -0 0.9999868 0.005126631 0 0.9999868 0.005126631 0 0.008467962 -0.9999642 0 0.9999868 0.005126631 0 -0.008868262 0.9999607 0 0.008739631 -0.9999618 0 0.9999869 0.005126632 -0 -0.008868261 0.9999607 0 0.008739631 -0.9999618 0 0.008739632 -0.9999619 0 -0.008870631 0.9999607 4.41149e-05 -0.7729191 -0.006848386 0.6344678 -0.6344811 -0.005621748 0.7729179 -0.7729189 -0.00684836 0.6344678 -0.008923616 0.9999602 -4.880207e-05 -0.6346135 -0.005650981 0.7728089 -0.4712898 -0.004196651 0.8819684 -0.008844555 0.9999609 3.40442e-05 -0.4714033 -0.004176677 0.8819079 -0.008879365 0.9999606 0 -0.008879366 0.9999605 0 -0.008992734 0.9999595 0.0003143905 0.00884306 -0.9999609 -3.428947e-05 0.008868013 -0.9999607 0 0.008868017 -0.9999607 0 -0.2901677 -0.002570913 0.9569724 -0.2901672 -0.002570821 0.9569725 0.008890827 -0.9999605 2.170137e-05 0.008868022 -0.9999606 0 -0.009096688 0.9999585 0.0005654456 0.008876801 -0.9999606 3.50856e-06 0.00905435 -0.9999589 -0.0001355637 -0.09801312 -0.0008683758 0.9951848 0.0980148 0.0008686655 -0.9951847 0.008871345 -0.9999607 0 0.008947588 -0.9999599 -5.953307e-05 0.008916434 -0.9999602 -3.118351e-05 -0.008920907 0.9999602 -1.422039e-05 -0.09801187 -0.0008685777 -0.995185 -0.09801224 -0.0008686428 -0.9951848 0.008920194 -0.9999602 -3.309514e-05 -0.2901369 -0.002571183 -0.9569817 0.008890589 -0.9999604 -9.097702e-06 -0.4712943 -0.004185812 -0.8819661 -0.4713523 -0.004175609 -0.8819352 -0.2901701 -0.002577156 -0.9569716 0.00884016 -0.9999609 2.640364e-05 0.008843925 -0.9999609 2.277474e-05 0.00914188 -0.9999582 0.0003249 0.008933888 -0.9999601 -6.433233e-05 -0.008704183 0.9999622 0.0002083759 0.008801371 -0.9999613 6.337744e-05 0.008789184 -0.9999614 7.195811e-05 0.008914511 -0.9999602 -4.831967e-05 -0.8819252 -0.007851776 -0.471324 -0.8819265 -0.007850807 -0.4713216 -0.7729032 -0.006880296 -0.6344867 -0.6343668 -0.005632027 -0.7730117 0.008874048 -0.9999607 7.883482e-06 0.008856189 -0.9999608 2.307782e-05 0.008839983 -0.9999609 3.928319e-05 -0.7729357 -0.006862267 -0.6344472 -0.63439 -0.005621459 -0.7729927 0.008879647 -0.9999607 -6.743259e-06 -0.008844144 0.9999609 -3.499051e-05 -0.008940225 0.9999601 6.109483e-05 -0.008912037 0.9999602 3.711481e-05 0.4713576 0.004188401 0.8819323 0.4713862 0.004177049 0.881917 -0.008855064 0.9999608 -3.277028e-05 -0.008849657 0.9999608 -3.837993e-05 -0.008860446 0.9999607 -2.512433e-05 0.9569352 0.008499809 0.2901771 0.8818842 0.007847348 0.4714007 0.8818434 0.007832819 0.4714772 -0.008371525 0.999965 0 -0.00878878 0.9999614 -0.0001265825 0.9568995 0.008479274 0.2902955 -0.008890695 0.9999604 1.819448e-05 0.008925055 -0.9999602 -5.384473e-05 -0.009173536 0.999958 -7.900403e-05 0.995131 0.008818048 0.09816538 -0.008969151 0.9999598 9.596589e-05 -0.009942014 0.9999505 0 -0.008807025 0.9999612 -8.220346e-05 0.9951436 0.008797606 0.09804017 0.9951326 0.008797509 -0.09815207 -0.008784248 0.9999614 -0.0001141938 0.2903452 0.002572304 0.9569185 -0.00893978 0.99996 8.439036e-05 0.09794078 0.0008677035 0.9951919 -0.008870263 0.9999607 -6.414533e-06 -0.009011875 0.9999593 0.000194255 -0.00887979 0.9999606 -1.990034e-05 -0.00888172 0.9999605 -2.285794e-05 -0.09793943 -0.000870226 0.995192 0.09793374 0.0008701754 0.9951926 -0.0979355 -0.0008716061 0.9951923 0.008887005 -0.9999605 -4.487089e-06 0.008833973 -0.999961 -5.101687e-05 0.008774023 -0.9999615 -0.0001423779 0.008910509 -0.9999603 -4.030527e-05 -0.008878281 0.9999606 -5.363307e-06 0.8818835 0.007833174 -0.4714023 0.9568993 0.008499489 -0.2902955 -0.008878281 0.9999606 -7.258507e-05 -0.008874793 0.9999607 5.181558e-05 0.9569354 0.008479591 -0.290177 -0.008876689 0.9999606 -0.0001132395 -0.008874793 0.9999607 -3.342905e-05 0.8818424 0.007846976 -0.4714789 0.7729155 0.006877703 -0.6344717 -0.00876589 0.9999616 -5.099701e-05 -0.008872824 0.9999606 3.671942e-05 0.7731484 0.006819913 -0.6341885 0.008874576 -0.9999606 3.704925e-05 0.008874575 -0.9999607 8.08351e-05 -0.008576811 0.9999632 -0.000240035 0.009280046 -0.9999568 0.0003696825 -0.773089 -0.006850006 -0.6342606 -0.008870263 0.9999607 7.298456e-05 -0.009154106 0.9999581 -7.876971e-05 -0.881834 -0.007812586 -0.4714954 -0.8818311 -0.007813524 -0.4715007 -0.008917164 0.9999602 -6.871667e-06 0.008806865 -0.9999612 -8.287348e-05 -0.008886492 0.9999605 -2.895891e-05 -0.008905502 0.9999604 2.929883e-05 -0.008879059 0.9999605 4.222503e-06 0.008858442 -0.9999608 -2.619395e-05 -0.008920736 0.9999602 3.233099e-05 0.9951403 0.008863036 -0.09806785 -0.008914183 0.9999602 -2.460433e-05 0.9951582 0.008863192 0.09788514 0.9951418 0.008835237 0.09805457 -0.008769682 0.9999616 7.196089e-05 -0.008944139 0.99996 -0.0001233341 -0.008874387 0.9999606 -1.502482e-05 -0.2903342 -0.002566809 -0.9569219 -0.4711773 -0.004165621 -0.8820286 -0.008874386 0.9999605 -0.0001756884 -0.008873685 0.9999607 -0.0001226919 -0.00898025 0.9999594 0.0007017453 -0.008898225 0.9999604 -0.0001310791 0.008875124 -0.9999606 2.192259e-05 0.008627841 -0.9999626 0.0004598793 0.290302 0.002572647 -0.9569316 0.471334 0.004186169 -0.8819448 0.4712763 0.004174936 -0.8819758 0.2902687 0.002578031 -0.9569417 0.6343516 0.005619585 -0.7730243 0.6344653 0.005596594 -0.7729311 -0.008875114 0.9999607 8.113425e-05 -0.008877259 0.9999606 -8.102574e-05 -0.00887726 0.9999606 7.534729e-05 -0.6343441 -0.005646859 -0.7730302 -0.008876688 0.9999606 0.0001059485 -0.4713323 -0.004195747 -0.8819457 -0.008980249 0.9999595 0.0006167969 0.008922714 -0.9999602 -3.259005e-05 0.09801187 0.0008686395 -0.9951848 0.09801224 0.000868581 -0.9951848 0.009023187 -0.9999593 -0.0001808901 -0.09801479 -0.0008683906 -0.9951846 -0.09801313 -0.0008686506 -0.9951848 -0.008875114 0.9999606 6.418469e-06 -0.008896318 0.9999605 -2.651308e-05 -0.2902996 -0.002572403 -0.9569323 -0.09803721 -0.0008687272 -0.9951824 -0.09801162 -0.0008726935 -0.9951848 -0.008937738 0.9999601 -8.60541e-05 0.09801238 0.0008727003 -0.9951848 0.09802619 0.0008705603 -0.9951834 -0.008800076 0.9999613 8.439333e-05 -0.008920079 0.9999602 -6.417336e-05 0.008782655 -0.9999614 -7.097494e-05 0.008948755 -0.9999599 -0.0002269881 0.00850473 -0.9999635 0.0008451547 0.2902977 0.002578103 -0.9569329 0.008935619 -0.9999601 3.879378e-05 0.4712852 0.004176455 -0.881971 0.471334 0.004185947 -0.8819448 0.2902974 0.002578152 -0.956933 -0.008849766 0.9999608 2.544832e-05 -0.008887673 0.9999605 -1.753713e-06 0.6343524 0.005621531 -0.7730235 0.6342946 0.005633218 -0.7730709 -0.008947372 0.99996 -2.145557e-05 0.773033 0.006865364 -0.6343286 0.7730336 0.006865227 -0.6343279 -0.008864811 0.9999607 5.2959e-05 -0.008893018 0.9999605 -4.300268e-05 -0.008880565 0.9999605 -1.455104e-05 -0.008855934 0.9999608 5.429664e-06 -0.008915566 0.9999602 -7.326266e-05 -0.008755493 0.9999616 0.0001322681 -0.008976132 0.9999597 -8.839385e-05 -0.008819168 0.9999611 3.387357e-05 -0.008897083 0.9999604 -1.25797e-05 -0.2900376 -0.00257105 0.9570118 -0.09806827 -0.0008693305 0.9951794 -0.09809865 -0.0008735931 0.9951763 0.008893807 -0.9999604 1.079248e-05 0.008869711 -0.9999606 2.46077e-07 -0.2900754 -0.002576551 0.9570003 0.008948834 -0.9999599 4.360114e-05 -0.4715939 -0.004188862 0.8818059 0.008979485 -0.9999596 6.74771e-05 -0.6344025 -0.005660698 0.7729821 -0.6343216 -0.005646254 0.7730488 -0.4715337 -0.00419724 0.881838 -0.7729238 -0.006880971 0.6344615 0.008775624 -0.9999616 -0.0001363953 -0.7730001 -0.006897387 0.6343685 -0.8817537 -0.007812972 0.4716454 0.008843816 -0.9999609 -4.884309e-05 -0.8818864 -0.007851013 0.4713965 0.008953675 -0.9999599 0.0001354303 -0.9569687 -0.008523092 0.2900658 -0.9568723 -0.008478577 0.2903855 -0.008844955 0.9999609 0.000112996 -0.9951113 -0.008862802 0.09836127 -0.008844755 0.9999609 3.798546e-05 -0.008902068 0.9999604 -8.131945e-05 -0.00892869 0.9999601 -7.900573e-05 -0.008725807 0.9999619 0.0001273276 -0.009084878 0.9999588 -0.0001627229 -0.008636719 0.9999627 0.0001490962 -0.9999608 -0.008860398 -2.6825e-05 -0.9951457 -0.008817734 0.09801584 -0.9999627 -0.008636798 0 0.00886822 -0.9999607 0 -0.9999627 -0.008636798 0 0.008844208 -0.9999609 -3.283625e-05 0.008872007 -0.9999606 0 -0.008872007 0.9999606 0 0.008902071 -0.9999604 -8.133025e-05 0.008844948 -0.9999609 0.0001130154 -0.9999607 -0.008860398 1.854166e-06 -0.008589446 0.999963 -0.000181987 -0.009084914 0.9999588 0.0001627455 -0.9951096 -0.008862787 -0.09837842 -0.008928698 0.9999602 7.901243e-05 -0.008725824 0.999962 -0.0001273122 0.008844758 -0.9999608 3.797727e-05 -0.9951441 -0.00881772 -0.09803293 -0.008864809 0.9999607 -5.296604e-05 -0.00889302 0.9999605 4.301006e-05 -0.9999606 -0.00887585 0 -0.008872909 0.9999607 0 -0.008925388 0.9999602 7.313546e-05 -0.008860871 0.9999607 -1.677736e-05 -0.008856581 0.9999608 -2.114115e-05 -0.008916222 0.9999603 2.703454e-05 -0.008932807 0.9999601 3.857505e-05 0.956996 0.00845885 -0.2899775 -0.8818671 -0.007866706 0.4714323 0.9568567 0.008535651 -0.2904347 -0.008857547 0.9999608 0 -0.009063673 0.9999589 -2.202073e-05 -0.009062174 0.9999589 0 -0.8819683 -0.007832663 0.4712436 0.008800273 -0.9999613 0 -0.009062175 0.999959 0 -0.7729272 -0.006864281 0.6344578 -0.00889694 0.9999605 -6.983833e-06 -0.008458754 0.9999641 -0.0004452355 -0.008679764 0.9999623 -5.018679e-05 -0.008773693 0.9999615 0 -0.009001169 0.9999595 0 -0.009001169 0.9999595 0 -0.7729266 -0.006864419 0.6344584 -0.008824118 0.9999611 0 -0.6343431 -0.005621449 0.7730312 -0.008824119 0.9999611 0 -0.6342853 -0.005633136 0.7730786 -0.471494 -0.004178302 0.8818593 0.008964976 -0.9999598 0 -0.008964976 0.9999598 0 -0.008836165 0.9999609 0 -0.4715429 -0.004187806 0.8818332 -0.290162 -0.002576949 0.9569741 -0.008890445 0.9999605 7.392381e-06 -0.008879974 0.9999606 0 -0.008836166 0.999961 0 0.2901658 0.002576984 0.9569729 0.2901655 0.00257693 0.956973 0.4713522 0.00417705 0.8819352 -0.008890444 0.9999605 -7.389075e-06 0.4713033 0.004185678 0.8819613 -0.008920237 0.9999601 -0.0005247674 -0.008731484 0.9999619 9.77368e-05 -0.008869973 0.9999607 0 -0.008956347 0.9999599 0 -0.008956347 0.9999599 0 -0.008784479 0.9999613 0.0003216209 -0.008890357 0.9999605 -6.522019e-06 -0.008731489 0.9999619 -9.773452e-05 -0.008890356 0.9999605 6.521834e-06 -0.9951459 -0.008861849 -0.09801003 -0.9951452 -0.008861843 0.09801754 -0.9951456 -0.008860756 0.09801451 -0.9569141 -0.00847741 0.2902473 -0.008791715 0.9999614 6.089518e-05 -0.008930109 0.9999601 -3.766022e-05 -0.9568791 -0.008520032 0.2903616 -0.008886774 0.9999605 -9.741364e-06 -0.8818803 -0.007812677 0.4714087 -0.008935442 0.9999601 -3.303258e-05 -0.008901371 0.9999604 -1.606391e-05 -0.008835497 0.999961 3.733313e-05 -0.008907088 0.9999604 -2.126581e-05 -0.008785312 0.9999614 6.54532e-05 -0.09731253 -0.0008664688 0.9952535 0.09802617 0.0008728231 0.9951835 -0.008989113 0.9999596 -0.0001632225 -0.09792967 -0.0009734745 0.9951928 -0.09805252 -0.0009736078 0.9951808 -0.09836018 -0.0008715891 0.9951505 -0.09828708 -0.0008589257 0.9951577 -0.09743162 -0.0008581353 0.9952418 -0.008900627 0.9999604 -2.008517e-05 -0.008822908 0.9999611 4.290586e-05 -0.008776143 0.9999614 -0.0004305812 -0.2902023 -0.00257154 0.9569619 -0.008911137 0.9999603 0.0001928296 -0.4711953 -0.004194526 0.8820189 -0.008828247 0.999961 3.767152e-05 -0.00881877 0.9999611 4.68053e-05 -0.008916475 0.9999602 -2.1985e-05 -0.2901678 -0.002565338 0.9569723 -0.4713507 -0.004167156 0.881936 -0.6345496 -0.005648687 0.7728615 -0.6344791 -0.005633143 0.7729195 -0.008850846 0.9999608 3.166731e-05 -0.008717488 0.999962 0.0001287788 -0.008919121 0.9999602 -5.422427e-05 -0.008872198 0.9999607 9.354928e-07 0.008912632 -0.9999602 3.853465e-05 -0.6343673 -0.005633479 0.7730112 -0.008851 0.9999608 1.389861e-05 -0.7730199 -0.006864778 0.6343446 -0.772934 -0.006927325 0.6344487 -0.00886739 0.9999607 1.510212e-05 -0.008825195 0.9999611 7.279874e-05 -0.7731228 -0.006927439 0.6342186 -0.7729568 -0.006831483 0.6344218 -0.7729534 -0.00682635 0.6344261 -0.772969 -0.006826352 0.6344071 -0.0088725 0.9999607 -1.294539e-05 -0.009142799 0.9999582 -0.0002734537 -0.8819047 -0.007794378 0.4713632 -0.008829216 0.999961 -1.433677e-05 -0.008922433 0.9999602 -0.0001417876 -0.009016001 0.9999593 -0.0001000743 -0.008870532 0.9999606 2.013895e-05 -0.6343409 -0.005645502 0.7730328 -0.008827361 0.9999611 4.792914e-05 -0.008857066 0.9999608 2.266115e-05 -0.008932938 0.9999601 -5.321657e-05 -0.008497787 0.9999639 -0.0002721481 -0.008909806 0.9999602 -5.185178e-05 -0.8818347 -0.007813555 0.4714938 -0.7730372 -0.006863313 0.6343235 -0.7729838 -0.006849073 0.6343887 0.008927124 -0.9999601 6.982202e-05 -0.4713612 -0.004195018 0.8819302 0.4713793 0.004187855 -0.8819207 0.00889105 -0.9999605 2.332159e-05 0.2903602 0.002579634 -0.9569139 0.008854902 -0.9999608 -3.417726e-05 0.008943084 -0.9999601 9.108603e-05 0.008864622 -0.9999608 -5.721083e-06 0.9569036 0.008495742 -0.2902815 0.9951572 0.008835374 -0.09789842 -0.881832 -0.007812568 0.471499 0.9568716 0.00847738 -0.2903874 0.008838411 -0.999961 -5.129032e-05 -0.008656423 0.9999625 0.0002122733 -0.008866778 0.9999607 -2.55782e-05 -0.008763203 0.9999616 -0.0002599498 -0.008882186 0.9999605 -2.008449e-05 -0.008977165 0.9999597 -9.007465e-05 -0.008877199 0.9999606 -1.969405e-05 -0.008857258 0.9999608 -5.820226e-06 -0.008954949 0.9999599 -7.460144e-05 -0.008823717 0.9999611 3.177334e-05 -0.008783013 0.9999614 9.745626e-05 -0.008887699 0.9999605 -2.455282e-05 -0.008849704 0.9999605 0.000778716 0.09801241 0.0008704379 0.9951848 -0.008815643 0.9999612 4.169771e-05 -0.008930115 0.9999601 3.766517e-05 -0.008791712 0.9999614 -6.08983e-05 -0.9569095 -0.008520303 -0.290261 -0.9951457 -0.008860758 -0.09801305 -0.9568753 -0.008477067 -0.2903754 -0.008785306 0.9999614 -6.546116e-05 -0.008907087 0.9999604 2.126629e-05 -0.008815646 0.9999612 -4.169596e-05 -0.8819171 -0.007813003 -0.4713397 -0.881893 -0.007794274 -0.4713851 0.008889318 -0.9999605 -8.380931e-06 -0.00888636 0.9999605 6.301228e-06 -0.008925512 0.9999602 3.803258e-05 -0.008875563 0.9999606 1.13058e-05 -0.7729825 -0.006864435 -0.6343902 0.008929589 -0.9999602 -4.927956e-05 0.008827064 -0.999961 3.543898e-05 -0.7730406 -0.006832223 -0.6343198 -0.008851023 0.9999608 5.926609e-05 0.009280344 -0.9999569 0.0003700515 0.008932948 -0.9999602 -5.322685e-05 0.6344055 0.005632489 0.7729799 -0.4713862 -0.004167471 -0.881917 0.4715412 0.004197606 0.881834 0.008895227 -0.9999605 0.0001629624 0.6343348 0.005646776 0.7730378 0.008842803 -0.9999609 3.548898e-05 0.00891913 -0.9999602 -5.423283e-05 0.008849803 -0.9999608 2.970288e-05 0.772929 0.006862352 0.6344555 0.008850999 -0.9999608 1.390269e-05 -0.7729825 -0.006849063 -0.6343904 -0.8819168 -0.007814283 -0.4713405 0.008912633 -0.9999602 -3.85373e-05 -0.008838424 0.999961 -5.127519e-05 -0.4714081 -0.004188111 -0.8819053 -0.471426 -0.004195594 -0.8818957 -0.008854902 0.9999608 -3.417566e-05 -0.6342985 -0.005645126 -0.7730676 -0.008927123 0.9999601 6.981759e-05 -0.008909794 0.9999604 5.183649e-05 -0.6342722 -0.005632634 -0.7730892 -0.008827358 0.9999611 -4.793385e-05 -0.008866745 0.9999607 -1.594818e-05 -0.009259904 0.9999571 -0.0001352799 -0.9568606 -0.008495362 -0.2904231 -0.8819196 -0.007813344 -0.4713353 -0.9568929 -0.008477569 -0.2903171 -0.008943092 0.9999601 9.109647e-05 -0.008864623 0.9999608 -5.721107e-06 -0.9951394 -0.008835216 -0.0980804 -0.9951558 -0.008863172 -0.09791094 -0.009039665 0.9999592 4.403911e-05 -0.008886484 0.9999605 2.89548e-05 -0.9951428 -0.008863057 0.09804164 -0.008820502 0.999961 -2.24563e-05 -0.008806856 0.9999612 -8.288425e-05 -0.00885844 0.9999608 -2.619534e-05 -0.00888172 0.9999606 2.285521e-05 0.09802175 0.0008723738 0.9951839 0.2902402 0.00258308 0.9569504 -0.2902282 -0.002578462 -0.956954 0.09801786 0.0008709228 0.9951842 -0.008833976 0.999961 -5.101077e-05 -0.008879554 0.9999606 7.185802e-06 -0.008891052 0.9999605 2.332558e-05 -0.008774019 0.9999615 -0.0001423979 -0.9568948 -0.008495664 0.2903107 -0.9951597 -0.008835396 0.09787226 -0.9568628 -0.008477302 0.2904166 -0.8818873 -0.007813058 0.4713954 -0.00887828 0.9999605 7.256425e-05 -0.008878281 0.9999606 5.361843e-06 0.8819395 0.007847841 0.4712971 -0.008874792 0.9999606 -5.180043e-05 -0.8818988 -0.007833309 -0.4713736 0.008910511 -0.9999603 4.030889e-05 -0.9569263 -0.008499729 -0.2902063 -0.008680864 0.9999623 0.0001546477 0.009045593 -0.9999591 0.0001446699 -0.009020047 0.9999593 -0.0002130043 -0.008894932 0.9999604 2.107191e-05 0.008831027 -0.999961 -6.989505e-05 -0.008458437 0.9999642 0.0003032378 -0.008870263 0.9999607 8.313783e-05 -0.008870263 0.9999607 1.701541e-05 -0.00887236 0.9999607 0 -0.008371525 0.999965 0 -0.009011896 0.9999593 -0.0001942914 -0.9568906 -0.008479194 -0.2903247 -0.008870608 0.9999607 5.924522e-06 -0.008992451 0.9999593 -0.0007416673 -0.00872168 0.999962 0.0001505246 0.2904089 0.002579276 0.9568992 -0.009133575 0.9999582 -0.0003092758 0.4713942 0.004186703 0.8819126 0.4714522 0.004176493 0.8818817 0.2903757 0.002573299 0.9569093 -0.008901541 0.9999604 -2.700494e-05 -0.008764263 0.9999616 0.0001262475 0.6343628 0.005619684 0.773015 -0.008877262 0.9999606 -7.536834e-05 -0.008877259 0.9999605 -7.706556e-06 0.6342494 0.005594691 0.7731082 -0.008876688 0.9999605 -0.0001059771 -0.008876689 0.9999606 0.0001132584 0.772866 0.006817421 0.6345327 -0.7730387 -0.006863327 0.6343216 -0.7729854 -0.006849088 0.6343868 -0.6342419 -0.005631037 0.7731142 -0.008874793 0.9999607 3.343444e-05 -0.008872823 0.9999605 -7.933773e-05 -0.008873685 0.9999606 -0.0001254606 -0.00927995 0.9999569 0.0003696591 -0.6343123 -0.005646576 0.7730562 -0.008872824 0.9999606 3.559288e-05 -0.008873686 0.9999606 -1.192096e-06 -0.008690871 0.9999622 -0.0002194198 -0.008861052 0.9999608 9.90514e-05 -0.4712951 -0.004195416 0.8819656 -0.008927731 0.9999601 6.92332e-05 -0.008944163 0.99996 0.0001233741 -0.2904411 -0.002573656 0.9568894 -0.2904066 -0.002567449 0.9568999 -0.4714506 -0.004168038 0.8818825 -0.008871051 0.9999607 9.838333e-06 0.008832816 -0.999961 1.060131e-05 0.008869711 -0.9999607 -2.460627e-07 -0.09821279 -0.0008706113 -0.995165 0 0 1 0.008935612 -0.9999601 -3.878927e-05 0.00878266 -0.9999614 7.096837e-05 -0.008920087 0.9999602 6.418079e-05 -0.008796764 0.9999613 -8.850778e-05 0 0 -1 -0.09824322 -0.0008748808 -0.9951621 -0.008855936 0.9999608 -5.429348e-06 -0.2900665 -0.002571306 -0.9570031 -0.2900286 -0.002576135 -0.9570145 -0.008897082 0.9999604 1.257979e-05 -0.471609 -0.004188996 -0.8817978 -0.4715489 -0.004197374 -0.88183 -0.008819172 0.9999611 -3.387329e-05 -0.6343998 -0.00564695 -0.7729845 -0.008976132 0.9999597 8.83944e-05 -0.6343185 -0.005659948 -0.7730511 0.008979487 -0.9999597 -6.747754e-05 0.008775639 -0.9999614 0.0001363809 -0.7729844 -0.006897247 -0.6343876 0.008843814 -0.9999609 4.884361e-05 -0.8817537 -0.007812972 -0.4716454 -0.7730609 -0.006882191 -0.6342945 -0.8818864 -0.007851017 -0.4713966 -0.008880566 0.9999605 1.455076e-05 -0.008915568 0.9999602 7.326344e-05 -0.9569716 -0.008479457 -0.2900577 -0.9568743 -0.00852225 -0.2903774 -0.008755508 0.9999616 -0.0001322542 0.00895367 -0.9999599 -0.0001354277 0.008948832 -0.99996 -4.360079e-05 0.008893807 -0.9999604 -1.079255e-05 -0.008896324 0.9999604 2.652133e-05 -0.008937725 0.9999601 8.603447e-05 -0.008800067 0.9999613 -8.44031e-05 -0.008947376 0.9999599 2.14564e-05 -0.008849772 0.9999608 -2.544492e-05 -0.008887672 0.9999605 1.753907e-06 -0.008875963 0.9999607 -5.097461e-06 0.09788522 0.0008693084 0.9951974 0.2904043 0.00257905 0.9569006 0.09789897 0.0008716905 0.995196 0.4714521 0.004177932 0.8818818 0.4714031 0.004186565 0.8819079 0.2904046 0.002579104 0.9569004 0.6341923 0.005620113 0.7731549 -0.09790996 -0.0008717882 0.9951949 -0.09788449 -0.0008673739 0.9951974 -0.008948706 0.9999599 -0.0002267871 -0.008823702 0.9999611 0.0001852985 -0.008504684 0.9999635 0.0008449716 -0.008860346 0.9999607 1.113335e-06 -0.008900254 0.9999604 9.051781e-06 -0.008715291 0.999962 0.0001326565 0.63425 0.005632822 0.7731075 -0.008868207 0.9999607 6.413461e-05 -0.008879651 0.9999606 -2.726526e-06 -0.09822874 -0.0008702826 0.9951635 0.008861944 -0.9999607 -5.395737e-06 -0.09821402 -0.0008682169 0.9951649 0.00890645 -0.9999603 7.111637e-06 0.008786228 -0.9999615 -5.515642e-05 -0.008928704 0.9999601 -5.340863e-05 0.09788594 0.0008672489 -0.9951973 0.09788761 0.0008675383 -0.9951971 0.09788506 0.0008675156 0.9951974 0.290406 0.002572936 -0.9569001 0.2904065 0.002573028 -0.9568999 -0.008992871 0.9999595 0.0003145632 -0.008812577 0.9999611 -2.275066e-05 -0.4713897 -0.004197538 0.881915 -0.008855863 0.9999608 -4.26203e-05 0.4715032 0.004177562 -0.8818544 -0.008882225 0.9999605 -5.002795e-05 0.008868904 -0.9999607 -3.798383e-06 -0.00891142 0.9999603 -4.500893e-05 0.008869358 -0.9999607 -3.415008e-06 0.00890356 -0.9999604 -1.000451e-06 0.008808844 -0.9999613 -4.00532e-05 0.008835689 -0.999961 -1.744795e-05 -0.6343764 -0.005648869 0.7730037 -0.634244 -0.005619647 0.7731126 -0.008918051 0.9999602 -5.561854e-05 0.956842 0.00849733 -0.2904842 -0.0088823 0.9999605 -1.802391e-05 0.8818815 0.007831637 -0.4714059 -0.008771901 0.9999615 0.0001368267 -0.008902404 0.9999603 -4.14892e-07 0.95684 0.008498214 -0.2904909 -0.008900488 0.9999604 -6.888445e-05 -0.8818856 -0.007832778 0.4713984 -0.008752096 0.9999617 0.0001014632 -0.7729786 -0.006865482 0.6343949 -0.008858892 0.9999607 1.1781e-05 -0.7729791 -0.006865375 0.6343943 -0.6343337 -0.005633967 0.7730388 -0.00907222 0.9999589 -0.0001173697 -0.6343348 -0.005633785 0.7730379 -0.4716125 -0.004188583 0.8817959 -0.4716704 -0.004180531 0.881765 -0.2900158 -0.002570482 0.9570184 -0.008885664 0.9999605 -4.045825e-05 0.008929015 -0.9999601 3.94649e-05 0.9951707 0.008819213 -0.09776308 0.9951559 0.008838518 -0.09791108 -0.008798163 0.9999613 0.0001054402 -0.00883814 0.9999609 1.744402e-05 0.9999607 0.008861663 -1.163095e-05 0.9999567 0.009304523 -0 -0.00887231 0.9999606 0 -0.008858898 0.9999607 7.291537e-06 -0.008825083 0.999961 3.384719e-05 -0.7729206 -0.0068484 0.6344659 -0.88184 -0.00781347 0.471484 -0.8819485 -0.007852138 0.4712805 -0.008145003 0.9999668 -0.0001980697 0.008881086 -0.9999605 -2.505698e-05 -0.9569635 -0.008520009 0.2900833 0.008751964 -0.9999617 -0.0001264457 -0.008702657 0.9999621 0 -0.995144 -0.008840457 0.09803211 -0.008858535 0.9999607 1.535475e-05 0.008927178 -0.9999602 0 -0.00897776 0.9999596 0.000146837 -0.008837157 0.999961 6.235572e-06 -0.9951336 -0.008857298 0.09813523 -0.9569591 -0.008517521 0.2900976 0.009591912 -0.9999535 -0.0009646945 -0.008865363 0.9999607 0 -0.009010203 0.9999593 -6.419796e-05 -0.9569616 -0.008517545 -0.2900898 -0.008907949 0.9999604 -3.320058e-05 -0.008863476 0.9999607 -1.584766e-05 -0.008888336 0.9999605 -0.0003393939 -0.99514 -0.008857355 -0.09807084 -0.009013047 0.9999594 3.40992e-05 -0.008768577 0.9999616 -0.0001756483 -0.008893279 0.9999605 0.0001978994 0.956924 0.008499561 -0.2902141 0.9569259 0.008498503 -0.2902078 0.9951434 0.008839033 -0.09803861 0.9951316 0.008818865 -0.09816082 0.008905983 -0.9999604 -0.0001609274 -0.008888927 0.9999605 0.0002817994 -0.009366774 0.9999561 6.836674e-05 0.008861459 -0.9999607 0.0002288229 0.881892 0.007832706 -0.4713864 0.8818937 0.007832139 -0.4713833 0.008803355 -0.9999613 0.0002195526 0.008526535 -0.9998624 -0.01423071 -0.009192425 0.9999577 -0.0003618881 -0.0087699 0.9999615 -0.0001738096 -0.008889898 0.9998662 0.01373614 -0.7726926 -0.006846379 -0.6347434 -0.8819782 -0.007814698 -0.4712255 -0.8818691 -0.007851431 -0.471429 -0.01406876 0.9998966 -0.002968758 0.006701099 -0.9999728 -0.003077516 -0.7730078 -0.006880192 -0.6343593 -0.7731314 -0.006987047 -0.6342073 -0.7722711 -0.006950795 -0.6352552 -0.7729296 -0.006848456 -0.6344547 -0.7728316 -0.006872793 -0.634574 -0.008890955 0.9999605 8.862392e-05 -0.008859447 0.9999607 -0.000113691 -0.6344697 -0.005621647 -0.7729273 -0.008859453 0.9999608 -0.0001131985 -0.009184819 0.9999577 -0.0004323385 -0.6343367 -0.005648516 -0.7730362 -0.008869533 0.9999607 -8.072835e-05 -0.4715938 -0.004199355 -0.8818059 0.008891267 -0.9999605 -9.899696e-05 0.008879365 -0.9999606 0 0.008795097 -0.9999613 0 -0.008866184 0.9999607 0 -0.008866185 0.9999607 0 -0.9999869 -0.005119654 -0 -0.9999869 -0.005119654 -0 -0.6344406 -0.00560638 0.7729512 0.6338484 0.005604834 -0.773437 0.6344703 0.005634962 -0.7729267 -0.9999868 -0.005128189 0 -0.9999868 -0.005128189 0 0.633732 0.005628327 -0.7735322 0.6338984 0.005637655 -0.7733958 -0.9999868 -0.005126848 9.407033e-07 -0.9999868 -0.005119654 -0 -0.9999868 -0.005128191 0 -0.9999869 -0.00512819 0 0.63445 0.005639088 -0.7729434 0.008840046 -0.9999609 0.0002806371 0.008841812 -0.9999608 0.0002219602 0.008913179 -0.9999602 -0.0002363181 0.7728685 0.006864126 -0.6345292 0.009121605 -0.9999584 0 0.008868019 -0.9999607 0 0.008864671 -0.9999607 7.469212e-05 0.009131289 -0.9999583 0 0.009131289 -0.9999583 0 0.008873807 -0.9999606 0 0.008860518 -0.9999607 7.644349e-06 0.0103069 -0.9999434 0.002658897 -0.4714807 -0.004177367 -0.8818665 -0.01038633 0.9999418 -0.002920921 -0.2896513 -0.002566337 -0.9571288 0.008868019 -0.9999607 0 -0.2901196 -0.002603513 -0.9569868 -0.2904006 -0.00258329 -0.9569016 -0.2903756 -0.002572667 -0.9569093 -0.290188 -0.002602984 -0.9569661 -0.2895035 -0.002590214 -0.9571735 0.008693979 -0.9999622 0.0004532351 0.009110731 -0.9999585 -1.097074e-05 0.009274518 -0.9999542 0.00236778 -0.0981574 -0.0008696541 -0.9951705 0.009033987 -0.9999592 -7.108563e-05 -0.09815572 -0.0008699144 -0.9951707 0.008915682 -0.9999602 3.87611e-05 0.009098887 -0.9999586 0.000205499 0.008899558 -0.9999604 6.354692e-05 -0.008896961 0.9999604 -0.0002285754 0.09815446 0.0008699032 -0.9951708 -0.00879015 0.9999614 -9.478308e-05 -0.008920128 0.9999602 -3.368404e-05 -0.00886488 0.9999607 1.660142e-05 -0.008882054 0.9999605 4.368776e-06 0.09815484 0.0008698447 -0.9951708 0.2901333 0.002576829 -0.9569828 0.2901666 0.002571447 -0.9569727 -0.008888486 0.9999604 -1.602827e-05 -0.008891244 0.9999605 -1.826489e-05 -0.00894273 0.99996 -4.595241e-05 -0.008865569 0.9999607 1.683494e-05 -0.008942293 0.99996 -4.535869e-05 -0.008900876 0.9999604 -1.529537e-05 -0.8819236 -0.007205189 0.4713372 -0.008860283 0.9999608 1.238236e-05 -0.8819129 -0.007851667 0.4713469 -0.9568939 -0.008519222 0.2903126 -0.9568616 -0.008478341 0.2904207 -0.9951528 -0.008817622 0.09794483 -0.008875432 0.9999607 3.452712e-05 -0.008872994 0.9999607 0 -0.008872549 0.9999607 3.549461e-06 -0.008876458 0.9999606 7.660241e-07 -0.9951401 -0.008862414 0.09806916 -0.9951519 -0.00886252 -0.09794931 -0.008877059 0.9999605 0 -0.008877062 0.9999605 0 -0.008871533 0.9999606 -3.4145e-05 -0.9568653 -0.008518967 -0.2904069 -0.9568985 -0.008478667 -0.2902988 -0.9951401 -0.00881751 -0.09807367 -0.008900693 0.9999604 1.535116e-05 -0.008872765 0.9999606 -4.537203e-06 -0.008872991 0.9999606 0 0.9999869 0.005126631 -0 0.9999869 0.005126631 -0 -0.00886704 0.9999607 0 0.009605142 -0.9999539 0 -0.008739631 0.9999618 0 -0.008739631 0.9999617 0 0.00873496 -0.9999619 9.232709e-05 -0.009605142 0.9999539 0 -0.009605141 0.9999539 0 -0.009605141 0.9999539 0 0.9999868 0.005126631 -0 0.9999868 0.005126631 -0 -0.008877171 0.9999606 0 -0.008902392 0.9999603 -2.049981e-05 0.9999869 0.005126623 0 -0.008873129 0.9999607 0 0.009605141 -0.9999539 0 0.9999868 0.005126631 0 -0.008873154 0.9999606 0 0.008739632 -0.9999619 0 0.009565747 -0.9999542 -2.820312e-05 0.008739632 -0.9999619 0 0.008739632 -0.9999618 0 0.008739632 -0.9999618 0 0.008739631 -0.9999618 0 0.008739632 -0.9999618 0 -0.008739632 0.9999619 0 -0.008739632 0.9999618 0 -0.008739632 0.9999618 0 -0.008739632 0.9999618 0 -0.008739632 0.9999618 0 -0.008739632 0.9999619 0 -0.008739633 0.9999619 0 -0.008739632 0.9999618 0 -0.008739631 0.9999618 0 -0.008739632 0.9999619 0 -0.008739632 0.9999618 0 -0.008739631 0.9999618 0 -0.008739632 0.9999618 0 -0.008913804 0.9999596 0.001072967 -0.001602562 0.9999987 0 -0.008739632 0.9999618 0 -0.001602562 0.9999987 0 0.5201126 0.003747549 -0.8540895 0.5246317 0.004659381 -0.8513165 0.484677 0.004325903 -0.8746825 0.00918438 -0.9999578 0 0.009721473 -0.9999527 0.0002537261 0.00918438 -0.9999578 0 0.00918438 -0.9999578 0 0.009184381 -0.9999579 0 0.009184379 -0.9999578 0 0.008468118 -0.9999642 -2.284712e-05 0.009184379 -0.9999579 0 0.008467962 -0.9999641 0 0.008467961 -0.9999641 0 0.008467961 -0.9999642 0 0.009177693 -0.9999579 8.236308e-05 0.008467961 -0.9999642 0 0.008467962 -0.9999642 0 0.00888171 -0.9999606 0 0.00888171 -0.9999606 0 0.9999868 0.005126631 -0 0.9999869 0.005126632 -0 0.9999868 0.005126631 0 0.009184381 -0.9999579 0 0.008881711 -0.9999605 0 0.9999869 0.005126631 -0 0.00918438 -0.9999579 0 0.00918438 -0.9999578 0 0.00918438 -0.9999579 0 0.009184379 -0.9999579 0 0.00918438 -0.9999579 0 0.009184381 -0.9999579 0 0.009184381 -0.9999579 0 0.00918438 -0.9999578 0 0.009165814 -0.999958 -2.071774e-05 0.00918438 -0.9999579 0 0.9999868 0.005126631 -0 0.00888171 -0.9999605 0 0.008876774 -0.9999607 0 -0.9999869 -0.005126631 0 0.9999868 0.005126631 0 0.9999868 0.005126631 0 0.008877106 -0.9999606 -4.158886e-05 -0.9999869 -0.005126632 -0 0.0088669 -0.9999607 0 -0.9999868 -0.005126631 -0 -0.9999869 -0.005126632 -0 -0.9999869 -0.005126631 -0 0.009005701 -0.9999594 -0.0001546069 0.008878988 -0.9999606 7.631594e-06 -0.00886971 0.9999607 0 -0.008869689 0.9999607 0 -0.008994008 0.9999595 -0.0002376952 -0.008840504 0.999961 -2.78613e-05 -0.009051958 0.9999591 -0.0001813462 -0.008480837 0.9999639 0.0005996972 -0.008849009 0.9999609 -2.070836e-05 -0.008876913 0.9999606 1.139702e-05 -0.008869731 0.9999607 0 -0.008787842 0.9999614 7.147755e-05 0.008877106 -0.9999606 4.159079e-05 0.008949821 -0.9999599 5.885857e-05 0.009030769 -0.9999592 0.0001123342 0.008831379 -0.999961 -2.965999e-05 0.008667274 -0.9999624 -0.0001982604 0.009003054 -0.9999594 7.390654e-05 0.008777779 -0.9999614 -8.46931e-05 0.009360599 -0.9999561 -0.0003622215 -0.8819376 -0.007875887 0.4713005 -0.8819284 -0.007863659 0.4713179 -0.7725667 -0.006899182 0.6348962 -0.886098 -0.007852851 0.4634312 -0.7729586 -0.006850203 0.6344195 -0.7729942 -0.006899498 0.6343755 -0.008879646 0.9999605 -6.743539e-06 -0.008844138 0.9999609 3.499737e-05 -0.7729297 -0.006862215 0.6344544 -0.6343212 -0.005631621 0.7730491 -0.008940229 0.9999601 -6.110153e-05 -0.00891204 0.9999602 -3.711789e-05 -0.008849667 0.9999608 3.836861e-05 -0.008855064 0.9999608 3.276703e-05 -0.4714045 -0.004177211 0.8819072 -0.6342981 -0.005620645 0.7730682 -0.008925039 0.9999602 -5.383072e-05 0.008874047 -0.9999607 -7.884827e-06 -0.008890695 0.9999605 -1.819332e-05 -0.4714328 -0.004189069 0.881892 -0.008788769 0.9999614 0.000126596 -0.008969164 0.9999598 -9.598048e-05 0.008807018 -0.9999612 -8.221358e-05 -0.2902253 -0.002578888 0.9569549 0.0980231 0.0008709694 -0.9951838 -0.008939777 0.9999601 -8.438031e-05 -0.008784257 0.9999614 0.0001141776 -0.2902457 -0.002571424 0.9569487 -0.09801611 -0.0008683707 0.9951845 -0.008890645 0.9999605 -2.221403e-05 -0.008887006 0.9999605 -4.487788e-06 -0.008788127 0.9999614 0.0001217548 -0.008965373 0.9999598 -0.0001043392 0.9951421 0.008818146 -0.09805269 0.9951301 0.008797488 -0.09817794 0.9951461 0.008797628 0.09801396 -0.008860442 0.9999607 2.511913e-05 0.9569246 0.008479494 -0.2902127 -0.007614792 0.999971 -0.0002295999 -0.009157201 0.9999582 7.739822e-05 -0.9951336 -0.008818071 -0.09813915 0.9568885 0.008499393 -0.2903312 -0.008458789 0.9999641 -0.0003030047 0.008856187 -0.9999608 -2.308035e-05 0.773042 0.006818974 -0.6343182 0.772809 0.006876756 -0.6346015 0.8819281 0.007847738 -0.4713187 -0.008680794 0.9999623 -0.0001546953 0.634456 0.005596513 -0.7729387 0.6343423 0.005619503 -0.7730319 0.008839977 -0.9999609 -3.929053e-05 -0.009045618 0.9999591 0.0001446813 0.4714851 0.004176784 -0.8818641 0.008931345 -0.9999601 6.90537e-05 0.008896801 -0.9999604 2.750429e-05 0.02054627 -0.9997423 0.009654614 0.02236756 -0.999676 0.0121467 0.01365473 -0.9998944 0.004971006 0.009590065 -0.9999539 -0.0005822688 -0.7685153 -0.004571008 0.639815 -0.7729827 -0.004553704 0.6344107 0.881969 0.007833934 -0.4712422 0.4715429 0.004188024 -0.8818331 -0.008843925 0.9999609 2.277467e-05 -0.00884071 0.999961 2.587579e-05 -0.006749641 0.9999731 0.002898277 -0.8852905 -0.007210839 0.4649826 0.008792001 -0.9999613 -6.524436e-05 0.009017276 -0.9999593 9.335175e-05 0.008778582 -0.9999614 -3.698905e-05 0.008794886 -0.9999613 -2.377691e-05 -0.008848665 0.9999608 -5.224843e-05 -0.008859107 0.9999607 0.0003025685 -0.008873154 0.9999607 0 0.009131288 -0.9999583 0 0.008129955 -0.9999667 -0.0006452373 0.00924721 -0.9999571 0.0004945427 -0.008923767 0.9999555 0.003055876 -0.008812515 0.9999561 0.003207936 -0.008894402 0.9999605 5.681806e-05 -0.008420699 0.9999644 0.0006138844 -0.009002782 0.9999595 -0.0001263519 -0.008872918 0.9999607 5.125496e-05 -0.008986811 0.9999596 -0.000120252 -0.008866365 0.9999607 2.69575e-05 -0.008899442 0.9999603 -0.0005092128 -0.008958152 0.9999597 -0.0005893868 -0.008934166 0.9999601 3.105664e-05 -0.008925364 0.9999602 4.309275e-05 -0.008873623 0.9999606 -1.175555e-05 -0.008892433 0.9999605 -5.55357e-05 -0.008901239 0.9999604 -6.757617e-05 -0.008672179 0.9999624 -0.0001312728 -0.008646903 0.9999625 0.0002005818 -0.008888589 0.9999605 9.711961e-05 -0.008828387 0.9999611 -4.794546e-05 -0.008817079 0.9999609 0.0006690808 -0.008998677 0.9999595 0.0004212256 -0.00830034 0.9999655 0 -0.008818435 0.9999611 -0.0001039993 -0.008591121 0.9999631 -0.0003982753 0.7728674 0.006864382 -0.6345305 0.00900773 -0.9999594 7.550345e-05 0.008911127 -0.9999602 -1.27835e-05 -0.9569572 -0.008519953 -0.2901041 -0.009285488 0.9999563 0.001135788 0.9999606 0.008861663 0.0004425182 0.9999608 0.008850033 0 -0.007601066 0.999965 -0.003492297 0.01029908 -0.9999469 0 -0.007650543 0.9999644 -0.003560095 -0.009331761 0.9999558 0.001072423 -0.0088918 0.9999605 0.0002778751 0.9999567 0.009304523 -0 -0.99513 -0.008840332 -0.09817402 -0.008871212 0.9999606 1.959484e-05 0.9999608 0.008850032 -0 0.008493945 -0.9999638 0.0005772487 0.008988794 -0.9999596 0.0001710439 -0.7729205 -0.006848375 0.6344659 -0.009069442 0.9999588 0.0004993839 -0.2900233 -0.002569535 0.9570161 0.09788468 0.0008674507 0.9951975 -0.009028621 0.9999593 -0.000125848 -0.008924046 0.9999602 -4.616724e-05 -0.008874575 0.9999605 -3.814153e-05 0.7730978 0.006879325 0.6342495 -0.008874576 0.9999607 -7.066828e-05 -0.009259802 0.9999571 0.0001352444 -0.8818901 -0.007814043 0.4713903 -0.008888832 0.9999605 -8.861281e-06 -0.008863598 0.9999607 2.890507e-05 -0.00885706 0.9999608 -2.266203e-05 0.008898412 -0.9999604 -2.739054e-05 0.008865944 -0.9999607 -0.0001344603 -0.2901988 -0.002565612 -0.956963 -0.008809857 0.9999612 -4.439034e-05 -0.008865942 0.9999605 -0.0006129585 -0.2901642 -0.002571202 -0.9569734 0.09817984 0.0008699911 0.9951683 0.09815421 0.0008739632 0.9951708 -0.09816881 -0.0008718268 0.9951694 -0.09815498 -0.00087397 0.9951708 -0.00884252 0.9999609 -2.952807e-05 -0.008505369 0.9999635 -0.0008434785 -0.2901622 -0.0025769 0.956974 0.6344296 0.005622214 0.7729602 0.6344872 0.005634929 0.7729128 -0.7729819 -0.006864911 -0.634391 0.008800272 -0.9999613 0 -0.008892008 0.9999605 -8.270162e-05 0.7729813 0.006864763 0.6343916 -0.00879831 0.9999613 0.0001664882 -0.008773693 0.9999614 0 -0.008915106 0.9999603 -6.997173e-05 0.008859835 -0.9999608 4.604526e-05 0.8818833 0.00786685 0.4714023 0.8817827 0.007831016 0.4715909 -0.008233516 0.9999661 7.883093e-05 0.01190096 -0.9999291 0.0004401843 -0.008991439 0.9999595 5.1881e-05 -0.008861954 0.9999608 2.704118e-06 -0.008565007 0.9999631 0.000572187 0.9568734 0.008503423 0.2903808 -0.009061852 0.9999589 -0.0001073572 0.9568658 0.008503127 0.2904059 0.9571371 0.008460096 0.2895116 0.9570369 0.008402395 0.2898445 0.9569234 0.008536246 0.2902149 0.9569989 0.008400925 0.2899698 -0.00872579 0.9999619 0.0001959223 -0.008933381 0.9999601 -8.798672e-05 -0.008934212 0.9999601 -8.852082e-05 -0.008854383 0.9999608 2.063806e-05 -0.008764667 0.9999616 7.841647e-05 0.9951296 0.008817594 0.09817968 -0.008916215 0.9999602 -2.703002e-05 0.9951429 0.008796028 0.09804758 0.995144 0.008817723 -0.09803429 -0.008856579 0.9999608 2.114371e-05 0.9951312 0.008795924 -0.09816638 0.9570069 0.008458944 -0.2899419 -0.008860873 0.9999607 1.677594e-05 0.8817815 0.007865942 -0.4715925 -0.008925396 0.9999601 -7.315088e-05 0.9568676 0.008535747 -0.290399 -0.009047561 0.999959 0 0.9951286 0.008795901 -0.09819223 0.9951414 0.008817699 -0.09806011 0.9951322 0.008817619 0.09815345 0.9568594 0.008457642 0.2904282 0.9951454 0.00879605 0.09802139 0.9569973 0.008536906 0.289971 0.8819386 0.007867344 0.4712987 0.8818381 0.007831507 0.4714873 0.7729835 0.006864924 0.634389 0.7729829 0.006864776 0.6343897 -0.9999605 -0.008875849 0 -0.009071617 0.9999589 -5.781698e-05 -0.008227665 0.9999661 0.0002917914 -0.0074333 0.9999724 0 -0.009189015 0.9999578 0 -0.008715235 0.999962 -0.0001326857 -0.009071652 0.9999589 5.783671e-05 -0.008228164 0.9999661 -0.0002916073 0.8818827 0.007831902 -0.4714039 0.008832818 -0.999961 -1.06009e-05 -0.008823722 0.999961 -0.0001852652 -0.008861159 0.9999608 2.970783e-06 -0.00879675 0.9999613 8.852794e-05 0.008879562 -0.9999606 7.189907e-06 0.008866746 -0.9999607 -1.594646e-05 0.2903481 0.002584039 -0.9569176 -0.008873685 0.9999606 8.03663e-05 -0.6344149 -0.005632572 -0.7729723 -0.008872825 0.9999607 0.0001264606 -0.7730355 -0.006863297 -0.6343257 0.9569038 0.008477665 0.2902815 0.008788117 -0.9999614 0.0001217721 0.9951447 0.008818169 -0.09802688 0.9568715 0.008495459 0.2903874 -0.009161244 0.999958 0.0002395779 0.2903655 0.002580137 0.9569123 0.008890644 -0.9999605 -2.221074e-05 -0.008965364 0.9999598 0.0001043267 0.7728643 0.006817407 0.6345347 0.7730962 0.006879311 0.6342515 -0.6345999 -0.005621785 -0.7728203 0.6344866 0.005596783 0.7729136 -0.008765821 0.9999616 5.106036e-05 -0.008905314 0.9999603 -9.263098e-05 0.9999868 0.005126632 0 0.9999868 0.005126631 -0 0.9999868 0.005126631 -0 0.9999869 0.005126631 0 0.9999869 0.005126632 -0 0.008739631 -0.9999618 0 -0.008739633 0.9999619 0 -0.008874486 0.9999607 0 -0.8817846 -0.007812981 0.4715876 -0.9951326 -0.008840356 -0.09814817 -0.9951426 -0.008857378 -0.09804501 -0.2902995 -0.002571993 -0.9569324 -0.2902991 -0.002572077 -0.9569325 -0.009069182 0.9999588 -0.0004989359 0.008891218 -0.9999605 -2.04067e-05 -0.008992854 0.9999596 -0.0003146265 0.008839628 -0.9999609 2.786888e-05 -0.4712719 -0.004175513 -0.8819781 0.008738714 -0.9999619 9.636194e-05 -0.634479 -0.005621729 -0.7729197 -0.471385 -0.004197498 -0.8819176 -0.634346 -0.005648599 -0.7730286 -0.9999868 -0.005126631 0 -0.008901055 0.9999604 0 -0.9999869 -0.005126632 0 -0.9999869 -0.005126632 -0 -0.9999869 -0.005119293 0 -0.9999869 -0.005119293 0 -0.9999868 -0.005119293 0 -0.9999869 -0.005126643 7.612234e-06 -0.9569723 -0.008517639 -0.2900541 -0.008899973 0.9999604 -3.077861e-05 -0.008874495 0.9999607 0 -0.7729707 -0.00684882 -0.6344048 -0.008853263 0.9999608 -2.985196e-05 -0.008868261 0.9999607 0 -0.9999869 -0.00513399 0 0.008574216 -0.9999632 0.0001737606 -0.6343792 -0.005633333 -0.7730015 -0.6342602 -0.005629581 -0.7730991 0.9999606 0.008875703 0 0.9999606 0.008875703 0 0.007488189 -0.9999718 0.0005516072 -0.007762082 0.9999699 -6.24219e-05 -0.008902355 0.9999604 -1.279926e-05 -0.008768067 0.9999616 -7.218019e-06 -0.008836388 0.999961 3.426433e-06 0 0 1 0 0 1 -0.00897658 0.9999596 4.389018e-05 -0.008930267 0.9999601 1.454798e-05 0.9999606 0.008878181 -0 -0.008872067 0.9999607 0 0.9999607 0.008875703 1.267934e-05 -0.009103812 0.9999585 0.0001071253 -0.009122622 0.9999584 8.141775e-05 -0.008737446 0.9999619 -0.0001240136 -0.008669374 0.9999623 0.0003715684 -0.008677331 0.9999622 0.0004529289 -0.00870564 0.999962 0.0003945276 -0.008778032 0.9999615 -0.0001291134 -0.007848125 0.9999692 -0.0001800821 -0.008539955 0.9999635 0.0003046845 -0.9999607 -0.008872105 0 -0.008906339 0.9999603 0 -0.7071061 -0.006273767 -0.7070795 0 0 -1 0 0 -1 -0.7070928 -0.006274472 -0.7070929 0.008873463 -0.9999607 5.156359e-07 0.008891161 -0.9999605 -1.391937e-05 0.9569244 0.008525217 0.2902122 0.008879174 -0.9999605 8.494445e-06 -0.9999607 -0.008872105 0 0.008875886 -0.9999606 2.116345e-05 -0.772882 -0.006907273 0.6345122 0.6343191 0.005629997 -0.7730508 0.007464911 -0.9999704 0.00181821 0.008889586 -0.9999605 0.0001489451 0.008889944 -0.9999604 0.0002357047 0.008853704 -0.9999607 0.0002096047 -0.8819228 -0.007824671 0.471329 0.008871233 -0.9999607 -3.556637e-05 0.009248668 -0.9999572 -0.0002232215 0.00887695 -0.9999606 -1.192901e-05 0.008880425 -0.9999606 -1.364849e-05 0.00864553 -0.9999626 0.0003510713 0.09802146 0.0008701686 -0.9951839 0.008402628 -0.9999634 0.0015722 0.008960534 -0.9999599 3.896848e-05 0.008869675 -0.9999607 2.572758e-06 0.008921462 -0.9999602 3.723608e-05 0.008889508 -0.9999605 -1.135394e-05 0.008907369 -0.9999603 -1.89685e-05 0.00900611 -0.9999594 0.0002957968 0.008812978 -0.9999612 1.028297e-05 -0.4715431 -0.004186096 -0.8818331 -0.2903164 -0.002577268 -0.9569273 -0.4715516 -0.004186365 -0.8818285 0.9999607 0.008869726 0 0.008898386 -0.9999604 0 0.008729979 -0.9999619 7.784399e-05 0.009009221 -0.9999594 -7.111356e-05 0.9999607 0.008869726 -0 0.008869401 -0.9999607 -3.962793e-05 0.008889548 -0.9999605 0 0.01045436 -0.9999448 0.001041505 0.009003404 -0.9999595 -7.739602e-05 0.00892501 -0.9999602 2.266099e-05 0.0104556 -0.9999447 -0.001042324 0.7070923 0.006277015 -0.7070933 -0.008734738 0.9999619 7.638584e-05 -0.009544052 0.9999539 0.001062546 0.471388 0.00415853 -0.8819162 0.2903458 0.002561408 -0.9569184 -0.008869542 0.9999606 -0.0004897742 -0.008933529 0.9999601 -0.0001682039 -0.008863138 0.9999607 1.75419e-06 -0.008824623 0.999961 -1.419999e-05 0.4713897 0.004157109 -0.8819152 0.008853841 -0.9999608 -0.000283033 0.009552702 -0.9999535 -0.001329005 0.2903793 0.002588084 -0.9569081 0.009244771 -0.9999573 -0.0001436456 0.009870308 -0.9999511 -0.0005617011 0.008828669 -0.999961 0 0.008781577 -0.9999614 0.0001136794 0.008896689 -0.9999604 2.817413e-05 0.7728629 0.006822302 -0.6345364 0.009015189 -0.9999594 -2.091641e-05 0.6343785 0.005599858 -0.7730023 0.9951344 0.008868779 -0.09812701 0.9951345 0.008868524 -0.09812668 0.956925 0.008528006 -0.2902099 -0.01065948 0.9999431 0.0004411183 0.9569612 0.008437194 -0.2900933 0.8819165 0.007775545 -0.4713415 0.8819129 0.007781078 -0.4713481 -0.007693477 0.9999704 -0.0001486942 -0.009204328 0.9999577 0 -0.008895998 0.9999605 0 -0.0104556 0.9999447 0.001042324 0.77286 0.00681889 -0.6345399 0.9951317 0.008868502 0.09815481 0.956927 0.008528024 0.2902034 0.9569631 0.008437192 0.2900868 0.00924476 -0.9999573 0.0001436381 0.009869639 -0.9999512 0.0005612596 0.8819459 0.007775804 0.4712865 0.7728033 0.006821777 0.634609 0.6344529 0.005600515 0.7729412 0.009015203 -0.9999593 2.092385e-05 0.008853877 -0.9999607 0.000283022 0.008800482 -0.9999613 -6.803511e-05 0.009552177 -0.9999535 0.001327909 0.008781577 -0.9999614 -0.0001136719 0.09805662 0.0008751794 0.9951804 0.09805502 0.0008739394 0.9951806 0.2902511 0.002586941 0.9569471 -0.008841176 0.9999608 0.0005835458 -0.008850732 0.9999606 0.0006805879 0.2902176 0.002560283 0.9569573 -0.008841177 0.9999609 -1.057012e-05 -0.009544188 0.9999539 -0.001062504 0.4714909 0.004159431 0.8818612 0.6344585 0.0055952 0.7729366 0.4714926 0.004158017 0.8818602 -0.01033994 0.9999445 0.00205032 -0.4715916 -0.004203703 0.881807 -0.290285 -0.002587561 0.9569368 -0.008645532 0.9999626 -0.0003510714 -0.008830345 0.999961 4.387726e-05 -0.008855465 0.9999608 -1.677121e-05 -0.009147696 0.9999581 0.0002661788 -0.009081566 0.9999587 0.0001855999 -0.008909312 0.9999604 1.335612e-05 -0.008878506 0.9999605 -7.227987e-06 -0.6342748 -0.005653137 0.773087 -0.7729259 -0.006888908 0.634459 -0.7729846 -0.00682075 0.634388 0.009032075 -0.9999592 9.977842e-06 -0.8819503 -0.007782262 0.4712782 0.008698618 -0.9999622 0.0001111156 -0.9951666 -0.008869485 0.09779949 -0.9951694 -0.008869509 -0.09777146 0.008845815 -0.9999608 -5.014359e-05 0.008895956 -0.9999604 0 0.009032086 -0.9999592 -9.974591e-06 0.008312935 -0.9999654 -0.000152992 0.008845809 -0.9999608 5.014921e-05 0.008698586 -0.9999622 -0.0001111198 0.008312703 -0.9999654 0.0001530588 -0.9951672 -0.008874454 0.09779287 -0.9568555 -0.008532808 0.2904387 -0.008770431 0.9999616 -1.426534e-05 -0.9568598 -0.008543971 0.2904245 0.008956422 -0.9999599 0.0002169014 -0.7729853 -0.006889439 -0.6343865 -0.6342004 -0.00565247 -0.773148 -0.6341961 -0.005656531 -0.7731515 -0.4714887 -0.004202782 -0.8818621 -0.01033967 0.9999445 -0.002050399 -0.4714917 -0.004205335 -0.8818605 0.008910488 -0.9999603 -4.088067e-05 0.00897199 -0.9999598 0.0002682165 -0.290415 -0.002587345 -0.9568973 -0.2904133 -0.002588708 -0.9568979 0.008645563 -0.9999626 -0.0003507939 -0.09800601 -0.0008731468 -0.9951854 -0.09800389 -0.0008747087 -0.9951857 -0.008670499 0.9999624 0.0002254647 -0.009147529 0.9999582 -0.0002659894 -0.009081589 0.9999587 -0.0001856411 -0.7730442 -0.006821292 -0.6343155 -0.8818616 -0.007874311 -0.4714426 -0.8819209 -0.007782003 -0.4713332 -0.99517 -0.00887448 -0.09776485 -0.9568536 -0.00853279 -0.2904452 -0.008770454 0.9999616 1.425907e-05 -0.9568578 -0.008543976 -0.290431 -0.881891 -0.007874576 0.4713877 -0.6342705 -0.005657194 0.7730904 0.008956402 -0.9999599 -0.000216835 -0.4715946 -0.004206252 0.8818054 0.008971938 -0.9999598 -0.000268044 0.008910486 -0.9999604 4.091301e-05 -0.2902867 -0.002586203 0.9569362 -0.09802144 -0.0008732847 0.9951839 -0.0980193 -0.0008748462 0.9951841 0.7728004 0.00681837 0.6346124 -0.01045435 0.9999448 -0.001041505 0.8819423 0.00778133 0.4712931 0.9951317 0.008868755 0.09815516 0.09804121 0.0008750417 -0.995182 0.0980396 0.0008738015 -0.9951822 0.6343841 0.005594528 -0.7729977 0.2903341 0.002573518 0.9569219 0.4712808 0.004177415 0.8819734 0.471177 0.004205475 0.8820286 0.008691006 -0.9999623 -0.0002192398 0.008927716 -0.9999601 6.920845e-05 0.009154106 -0.9999581 7.876931e-05 0.8818341 0.007787737 0.4714955 0.008878156 -0.9999606 -4.964514e-06 0.7730892 0.006827381 0.6342606 -0.009280046 0.9999568 -0.0003696824 0.6344147 0.005640942 0.7729723 0.7729691 0.006872909 0.6344064 -0.01016807 0.9999475 -0.001271356 0.6343473 0.005661846 0.7730275 0.8818373 0.007789424 0.4714895 0.009038527 -0.9999591 -6.280381e-06 -0.008826117 0.9999611 7.070445e-05 -0.008762334 0.9999617 0.0001047982 -0.9807312 -0.008754168 -0.1951656 -0.9807683 -0.008663299 -0.1949837 -0.9951552 -0.008845889 0.09791865 -0.00823 0.9999661 -0.0001670325 -0.008853252 0.9999608 -4.311677e-05 -0.008906309 0.9999604 7.199998e-06 -0.9951401 -0.00888278 0.09806784 -0.008897175 0.9999604 1.469522e-05 0.008920737 -0.9999602 -3.23313e-05 -0.9569341 -0.008506144 0.2901806 -0.9568719 -0.008452221 0.2903874 0.8818349 0.007787748 -0.4714938 0.009154123 -0.9999581 -7.877867e-05 0.8818381 0.007789431 -0.4714879 0.7730376 0.006826925 -0.6343235 0.7729174 0.006872449 -0.6344693 -0.007813482 0.9999692 -0.000661265 0.008791263 -0.9999613 3.133252e-05 0.008880591 -0.9999606 -5.672792e-06 0.6345492 0.00568593 -0.7728615 -0.008763202 0.9999616 -0.0002599478 0.6344126 0.005640924 -0.7729741 -0.00866075 0.9999623 -0.000565414 0.4713898 0.004178381 -0.8819151 0.471195 0.004231075 -0.8820189 -0.008888296 0.9999605 0.000130892 0.2902023 0.002572339 -0.9569619 -0.008755892 0.9999616 -0.0004805879 0.2902023 0.002572338 -0.9569619 -0.008776141 0.9999614 -0.0004305742 0.09828696 0.0008712119 -0.9951577 0.0982703 0.0008739894 -0.9951594 0.008911137 -0.9999603 -0.0001928316 -0.00886173 0.9999607 3.010571e-06 0.00882824 -0.999961 -4.880165e-05 0.09743156 0.0008665296 -0.9952419 0.008920236 -0.99996 0.0005247673 -0.008849705 0.9999605 0.0007787331 0.008879059 -0.9999605 -4.222503e-06 -0.0980124 -0.0008716954 -0.9951848 -0.2901658 -0.002580654 -0.9569729 -0.2901698 -0.002579651 -0.9569716 -0.008891422 0.9999604 -2.020178e-05 -0.008694832 0.9999556 0.003611857 -0.09801305 -0.0008718629 -0.9951847 0.09742934 0.0008666706 -0.995242 -0.4713032 -0.004189947 -0.8819613 -0.471492 -0.004138907 -0.8818607 -0.008903354 0.9999604 -9.45823e-05 -0.6343527 -0.005623487 -0.7730233 -0.6344876 -0.005581669 -0.7729128 -0.008910286 0.9999602 -0.0001206451 -0.7729243 -0.006851914 -0.6344613 -0.008816468 0.9999611 0.000128859 -0.7729813 -0.006874683 -0.6343916 -0.8818834 -0.007843232 -0.4714022 -0.008910929 0.9999603 -6.238479e-05 -0.007461898 0.9999719 0.0005646228 -0.8818416 -0.007864664 -0.4714801 -0.9568663 -0.008449416 -0.2904059 -0.9570024 -0.008534982 -0.2899545 -0.008859834 0.9999608 -4.604568e-05 -0.009002074 0.9999595 5.926762e-05 -0.008285177 0.9999658 8.475759e-05 -0.00886111 0.9999608 5.731821e-06 -0.9568737 -0.008449514 -0.2903813 -0.01222826 0.9999251 -0.0004732189 -0.9568739 -0.00844948 -0.2903807 -0.9951429 -0.008783618 -0.09804758 -0.01190097 0.9999291 -0.0004401846 -0.9951445 -0.008787459 -0.09803215 0.008233516 -0.9999661 -7.883093e-05 -0.9951442 -0.008783626 0.09803429 -0.00899144 0.9999596 5.188098e-05 -0.008715236 0.999962 -0.0001326866 -0.9951469 -0.0087904 0.0980071 -0.9568683 -0.008458121 0.290399 -0.009071653 0.9999589 5.783587e-05 -0.008228166 0.9999661 -0.0002916073 -0.8818825 -0.007843222 0.4714038 -0.9569565 -0.008534573 0.2901058 -0.8818408 -0.007864657 0.4714817 -0.006974344 0.9999754 -0.0008252962 -0.008980016 0.9999598 5.390312e-06 -0.772976 -0.006852373 0.6343983 -0.7730329 -0.006875142 0.6343286 -0.008687359 0.9999623 -0.0001510396 -0.6342878 -0.005602194 0.7730768 -0.6343524 -0.005623489 0.7730235 0.008504733 -0.9999635 0.0008451549 -0.4712853 -0.004162514 0.881971 -0.008948755 0.9999599 0.0002269848 0.008823722 -0.999961 0.0001852618 -0.008861036 0.9999607 2.356906e-06 -0.0980124 -0.0008716954 0.9951848 0.09803721 0.0008689971 0.9951824 -0.09801305 -0.0008718629 0.9951847 0.09802477 0.0008719672 0.9951836 -0.009107049 0.9999585 0.0005730152 -0.008733352 0.9999617 -0.0006590025 -0.2902977 -0.002581826 0.956933 -0.2903017 -0.002580823 0.9569317 -0.00892797 0.9999601 0.0001406716 -0.4713825 -0.004190656 0.8819189 -0.008865284 0.9999607 4.330969e-06 0.009277645 -0.999957 0.0002269049 -0.009202958 0.9999575 -0.0004614933 0.008907581 -0.9999602 1.945592e-05 -0.008955798 0.9999599 0.0001022193 0.2903342 0.002573508 0.9569219 0.6344025 0.005628793 -0.7729824 0.008848455 -0.9999609 0.0001250031 -0.008572059 0.999963 -0.000758283 -0.4714503 -0.004182653 0.8818827 -0.4713918 -0.004214886 0.8819139 0.63447 0.005673028 -0.7729266 -0.008530052 0.9999632 -0.0008178118 -0.290253 -0.002575089 0.9569464 -0.2899913 -0.002572787 0.9570259 -0.008675081 0.9999623 -7.225516e-05 0.008884574 -0.9999606 2.918229e-05 -0.008806552 0.9999611 0.0004535672 0.008878549 -0.9999606 2.094317e-05 0.008829609 -0.9999611 9.6001e-06 0.008914674 -0.9999603 -4.639592e-06 0.00890727 -0.9999603 0 -0.008827253 0.9999605 0.0009649722 0.009015172 -0.9999593 -0.0001020063 -0.290253 -0.00257511 0.9569465 0.008560885 -0.999963 0.0007471559 0.009144355 -0.9999582 -0.0002849046 0.7729852 0.00685495 -0.6343871 0.881838 0.007820262 -0.4714878 0.881887 0.007769494 -0.4713967 0.007378572 -0.9999726 0.0005758826 -0.009913646 0.9999506 0.0007451952 -0.008375909 0.9999648 -0.0002824601 0.9569477 0.008430778 -0.2901376 0.9569046 0.00850319 -0.290278 0.9951298 0.008896551 -0.0981712 0.9951174 0.008830566 -0.09830333 -0.009322285 0.9999565 0.0002233749 -0.00896073 0.9999598 7.359349e-05 -0.008864211 0.9999607 -1.089418e-06 -0.008863195 0.9999607 -4.349414e-05 0.9951335 0.00889658 0.09813356 -0.008845596 0.9999608 -2.589336e-05 -0.009322064 0.9999565 -0.0002232666 -0.008716505 0.999962 0.0002857739 0.7729791 0.006858322 0.6343943 -0.009913255 0.9999506 -0.0007448795 -0.008375653 0.9999649 0.0002826103 0.6344048 0.005628825 0.7729806 0.4713539 0.004129001 0.8819345 0.008574557 -0.9999629 -0.0007538011 0.6344122 0.0056337 0.7729744 0.4712802 0.004169604 0.8819737 0.008469583 -0.9999637 -0.000931216 0.2902943 0.002518167 0.9569341 0.008628195 -0.9999626 -0.0005482319 0.09802554 0.0008700592 0.9951835 0.2901811 0.002575604 0.9569682 -0.008625486 0.9999627 0.0004977107 0.09802706 0.0008693125 0.9951833 0.008890958 -0.9999605 0.0003180925 -0.09799951 -0.0008690612 0.995186 -0.09799954 -0.0008690684 0.9951861 -0.008908369 0.9999602 1.752792e-05 -0.009198483 0.9999576 0.0005603388 -0.2901816 -0.002573347 0.9569681 -0.2902917 -0.00263162 0.9569346 -0.4712359 -0.004231762 0.8819971 -0.4713032 -0.004194695 0.8819613 -0.009539674 0.9999539 0.001070961 -0.6344713 -0.005626122 0.772926 0.009061396 -0.9999589 -0.0001618275 0.009322566 -0.9999562 -0.0007925053 -0.7730379 -0.006953001 0.6343218 -0.7729138 -0.006854215 0.634474 -0.6344707 -0.00562649 0.7729264 0.008681254 -0.9999623 0.0004074053 -0.8818808 -0.007916877 0.4714058 0.007598595 -0.999971 0.0004846167 0.00900544 -0.9999595 -7.776922e-05 0.008862536 -0.9999607 -3.89743e-05 -0.9951593 -0.008832878 0.09787682 -0.9951456 -0.008759793 0.09802313 0.009575021 -0.9999541 -8.148926e-05 -0.9568884 -0.008423033 0.2903338 -0.009622347 0.9999537 0.000103213 -0.0096538 0.9999534 0.00010509 -0.9569245 -0.008486056 0.2902129 -0.8819733 -0.007821386 0.4712346 -0.01038911 0.9999455 0.0009962406 -0.008857878 0.9999607 -2.688185e-05 -0.9951867 -0.008833121 -0.09759812 -0.9951317 -0.008763412 -0.09816415 -0.008896003 0.9999604 -1.233066e-05 0.009480924 -0.999955 0.0003737155 0.008826058 -0.9999611 2.367533e-05 0.7730325 0.006817393 0.6343299 0.007378227 -0.9999726 -0.0005760621 -0.8818887 -0.00776951 -0.4713935 -0.8818667 -0.007792314 -0.4714344 0.9568942 0.00848572 0.2903126 -0.9569272 -0.008430602 -0.2902057 0.9951199 0.008824704 0.09827745 -0.9951453 -0.00875392 -0.09802709 0.009987963 -0.9999501 0.0002063821 0.00885327 -0.9999608 -1.387058e-05 -0.9951477 -0.008763554 -0.09800155 0.008808668 -0.9999612 -4.505964e-05 0.008764334 -0.9999616 -8.939151e-05 0.01038963 -0.9999455 0.000996666 0.8819447 0.007821133 0.471288 -0.9569459 -0.008406176 -0.2901448 0.9568983 0.008485822 0.2902992 -0.007598888 0.999971 0.0004844654 0.8818794 0.007888643 0.471409 0.008986287 -0.9999596 8.625288e-05 0.007627507 -0.9999701 -0.001272242 -0.7729912 -0.006914609 -0.634379 -0.008942823 0.99996 -7.222837e-05 -0.6345297 -0.005587828 -0.7728783 -0.6344684 -0.005626474 -0.7729284 -0.7729154 -0.006854225 -0.6344721 -0.4714004 -0.004151273 -0.8819095 0.009540111 -0.9999539 0.001071508 0.008804904 -0.999961 -0.0008122672 0.008847997 -0.9999607 -0.0005955358 -0.2901674 -0.002573205 -0.9569725 -0.2901674 -0.002573229 -0.9569724 -0.4713484 -0.004179956 -0.8819372 -0.00906131 0.9999589 -0.0001616161 -0.09799954 -0.0008690684 -0.9951861 -0.09799951 -0.0008690612 -0.995186 -0.008651587 0.9999626 -0.0002327469 0.09802706 0.0008693125 -0.9951833 0.2899845 0.002573856 -0.9570279 0.09802554 0.0008700592 -0.9951835 0.008552111 -0.9999635 0 0.7729807 0.006858347 -0.6343924 0.009274514 -0.9999542 0.00236778 0.09815755 0.0008517986 0.9951705 0.2901885 0.002544193 0.9569662 0.09813109 0.000847456 0.9951732 0.2902553 0.002551671 0.9569458 -0.008901535 0.9999604 0.000180149 -0.008888657 0.9999605 3.49949e-05 -0.008886595 0.9999605 -3.508017e-05 -0.008683429 0.9999623 0.0002694867 -0.008692133 0.9999622 0.0002509502 0.2901201 0.002550474 0.9569868 -0.008883807 0.9999605 -4.505584e-06 0.2900246 0.002544071 0.9570158 -0.008872788 0.9999607 0 -0.008866831 0.9999607 -5.562583e-06 -0.008850743 0.9999607 0.0004679204 -0.09818062 -0.0008902234 0.9951683 -0.09815431 -0.0008859092 0.9951708 -0.290135 -0.002580555 0.9569823 0.008896961 -0.9999604 0.0002285754 -0.008704175 0.9999622 -0.0002083976 -0.2901665 -0.002585916 0.9569727 -0.00887708 0.9999606 5.038149e-05 -0.008765844 0.9999616 -5.104786e-05 -0.009142171 0.9999581 0.0003252814 0.7730415 0.006869236 -0.6343182 -0.008789543 0.9999614 5.439935e-06 -0.008857271 0.9999608 -8.030401e-06 -0.009885062 0.9999511 0.0004592261 -0.8819283 -0.007817718 0.4713186 -0.8819708 -0.00783203 0.4712389 0.7729273 0.006840411 -0.6344577 -0.008843158 0.999961 3.268545e-05 -0.6343295 -0.005616415 0.7730424 0.6343423 0.005619084 -0.7730319 -0.009163577 0.9999579 0.0002467629 -0.4714851 -0.004180478 0.8818641 -0.4715376 -0.004190145 0.8818359 -0.008811368 0.9999612 -4.228752e-05 -0.009942015 0.9999505 0 -0.9951301 -0.008788363 0.09817794 -0.008802676 0.9999613 0 -0.9951302 -0.008788726 0.09817559 -0.9568889 -0.008454513 0.2903312 -0.008320622 0.9999654 0.0001530596 0.9951338 0.008785458 0.09813984 -0.9951339 -0.008785567 -0.09813915 -0.009349522 0.9999563 -5.160867e-05 0.9569324 0.008445146 0.2901879 -0.9569328 -0.008478336 0.2901857 -0.008825354 0.999961 0 -0.009161286 0.999958 -0.0002396171 0.9568908 0.008466814 0.2903247 0.8818991 0.007799357 0.4713736 0.008577067 -0.9999632 -0.0002398292 0.008765902 -0.9999616 -5.099378e-05 0.7730985 0.006804619 0.6342496 0.7729335 0.006843152 0.6344501 0.8819398 0.00781309 0.4712971 0.6342496 0.0055728 0.7731083 0.6343204 0.005587573 0.77305 0.008843174 -0.9999609 3.270154e-05 0.009163599 -0.9999579 0.0002467958 0.4713946 0.004146865 0.8819127 -0.4714411 -0.004155421 -0.8818877 -0.008811376 0.9999611 4.228168e-05 -0.2904091 -0.00255131 -0.9568992 -0.008849098 0.9999608 4.561106e-06 -0.008760005 0.9999615 0.0004523995 -0.2902638 -0.002526563 -0.9569433 0.09788505 0.0008262004 0.9951974 0.008992449 -0.9999593 0.0007416573 -0.009065135 0.9999588 0.0004752201 -0.009109849 0.9999582 0.0007000156 -0.09788745 -0.0008852337 0.9951971 -0.008866712 0.9999607 -3.863007e-06 -0.008771827 0.9999614 0.0003675018 -0.008882097 0.9999606 3.994605e-06 0.09804987 0.0008532308 0.9951812 -0.008820794 0.9999611 9.256829e-06 -0.008905306 0.9999604 -8.245001e-07 0.01406878 -0.9998966 0.002968762 0.009010203 -0.9999593 6.419796e-05 -0.008882403 0.9999605 4.291191e-06 0.008911883 -0.9999602 2.061921e-05 -0.008840092 0.9999609 6.214513e-05 0.7728321 0.00681261 0.634574 0.7729186 0.006830583 0.6344684 -0.7730082 -0.006831378 -0.6343594 0.8818694 0.007815229 0.471429 -0.8820323 -0.00776349 -0.4711248 -0.7722899 -0.006793011 -0.635234 0.007080831 -0.9999744 -0.001057903 0.9569579 0.008484925 0.2901028 -0.009496226 0.9999549 -0.0003286249 -0.9569619 -0.008482871 -0.2900898 -0.9951306 -0.008824877 -0.09816976 -0.008754694 0.9999617 0 -0.009813751 0.9999518 0 -0.9951404 -0.008809642 -0.09807083 0.9951342 0.008812414 -0.09813403 -0.008844619 0.9999609 -1.987802e-05 0.9569571 0.00849606 -0.2901049 0.9569637 0.008492636 -0.2900833 -0.009913214 0.9999508 0.0004550407 -0.008900148 0.9999604 3.564857e-05 0.9951441 0.008828294 -0.0980321 -0.008844531 0.9999608 1.397604e-05 0.8818403 0.007780463 -0.471484 0.8820006 0.007834495 -0.4711831 0.7728096 0.00682274 -0.6346012 -0.008980494 0.9999597 0.000155906 0.7729205 0.006850699 -0.6344659 -0.008725713 0.999962 -0.0003207317 0.6343247 0.005631964 -0.7730462 -0.6343765 -0.005642764 0.7730037 -0.008969552 0.9999597 0.0002678616 -0.4714901 -0.004199422 0.8818614 -0.009133168 0.9999582 0.0005770391 -0.4713899 -0.004180991 0.881915 0.2903001 0.002583258 -0.9569322 -0.01047061 0.9999447 0.001045344 -0.009201428 0.9999576 -0.0002590075 0.6343343 0.005613622 0.7730386 0.63447 0.00558779 0.7729273 0.4714808 0.00416653 0.8818665 0.01038633 -0.9999418 0.002920917 -0.009489912 0.9999545 -0.0010115 0.2904057 0.002601241 -0.9569001 0.09799958 0.0009036282 -0.9951861 -0.008910673 0.9999603 -8.759281e-05 0.4715874 0.004148864 0.8818096 0.009279944 -0.9999569 -0.000369659 -0.6343126 -0.00561386 0.7730562 -0.008851021 0.9999609 -5.926977e-05 -0.008895248 0.9999604 0.0001630454 -0.4712953 -0.00418348 0.8819656 -0.63424 -0.005629869 0.7731157 -0.7731191 -0.006842342 0.634224 0.009219863 -0.9999574 -0.0003108581 0.7730387 0.006864066 -0.6343217 0.00890849 -0.9999604 -3.886733e-05 0.008879765 -0.9999606 4.1202e-06 0.008728317 -0.9999619 0.0001806858 0.00888429 -0.9999605 7.144126e-06 0.008955682 -0.9999599 -1.470716e-05 0.008882432 -0.9999605 7.513928e-06 0.008129551 -0.9999669 0.0003276294 0.8818899 0.007830591 -0.4713902 -0.8818871 -0.007829519 0.4713954 -0.0092598 0.9999571 0.0001352456 -0.9568626 -0.008495163 0.2904166 -0.008863597 0.9999607 -2.89075e-05 -0.008820532 0.9999611 2.245011e-05 -0.9951428 -0.00885957 0.09804164 -0.008888832 0.9999605 8.861052e-06 -0.9951702 -0.008811006 0.09776818 -0.9568247 -0.008471504 0.2905422 -0.009039728 0.9999591 -4.406298e-05 0.009259904 -0.9999571 0.0001352787 0.8819194 0.00783085 0.4713353 -0.008927699 0.9999601 -6.918846e-05 -0.008690811 0.9999622 0.000219477 0.7729824 0.006863564 0.6343904 -0.009280341 0.9999569 -0.0003700514 -0.008879652 0.9999606 2.726546e-06 0.009220197 -0.9999574 0.0003111878 -0.7730627 -0.006841843 -0.6342927 -0.8819166 -0.007829781 -0.4713405 0.008129303 -0.9999669 -0.0003277113 0.008863945 -0.9999607 -2.330601e-05 0.008848564 -0.9999609 -6.044079e-05 -0.4713861 -0.004184285 -0.8819171 -0.634333 -0.005630695 -0.7730393 0.008881743 -0.9999606 0.0001063563 -0.4714411 -0.004173707 -0.8818877 0.008859051 -0.9999608 -0.000124103 -0.2902334 -0.002563036 -0.9569525 -0.2901987 -0.002569153 -0.9569629 0.008859051 -0.9999607 0.0004893786 -0.09817986 -0.0008670214 -0.9951683 -0.0981414 -0.000873534 -0.9951721 0.09818161 0.0008738919 -0.9951681 -0.008865942 0.9999605 -0.0006129486 0.09815503 0.0008689028 -0.9951707 -0.008865943 0.9999607 2.702512e-05 0.2901623 0.002568621 -0.956974 -0.008505369 0.9999635 -0.0008434785 0.4714941 0.004172635 -0.8818593 -0.00871524 0.999962 -0.0001326847 -0.008900254 0.9999604 -9.05159e-06 -0.008860346 0.9999607 -1.113327e-06 0.634343 0.005631221 -0.7730312 0.4714297 0.004185001 -0.8818937 0.008847333 -0.9999608 3.033281e-05 0.009026809 -0.9999592 -0.0004030103 0.008893176 -0.9999605 1.134309e-05 0.009307371 -0.9999565 -0.0004029261 0.6344076 0.005617005 -0.7729784 0.008680583 -0.9999623 -0.000111672 0.009044793 -0.9999591 8.30172e-05 0.008950205 -0.9999599 0 0.008906642 -0.9999603 -9.299654e-06 -0.9569219 -0.008475018 -0.2902216 -0.008176669 0.9999666 0.0003203807 -0.008555084 0.9999634 0 -0.9951345 -0.008813448 -0.09813025 0.00817643 -0.9999665 0.0003204619 -0.9951308 -0.008813415 0.09816903 0.95692 0.008475 -0.2902281 0.9568569 0.008512784 -0.2904347 0.8819294 0.007846181 -0.4713164 -0.008227442 0.9999661 -0.0002918654 0.8819683 0.007831896 -0.4712436 -0.009071583 0.9999589 5.779939e-05 0.7729265 0.006863608 -0.6344584 0.009189015 -0.9999578 0 0.0074333 -0.9999724 0 -0.9568589 -0.008512797 -0.2904282 -0.9951451 -0.008832973 -0.09802138 -0.9951413 -0.00883294 0.09806011 0.008679783 -0.9999623 -5.01846e-05 0.8819389 0.007831631 0.4712987 -0.8818999 -0.00784592 -0.4713713 0.7729829 0.006864104 0.6343896 0.008459236 -0.9999641 -0.0004447634 0.008896941 -0.9999605 -6.984062e-06 0.63425 0.0056304 0.7731075 -0.008842515 0.9999609 2.95301e-05 -0.008504684 0.9999635 0.0008449716 0.4714033 0.004171824 0.8819079 0.471339 0.004184195 0.8819423 0.2904087 0.00257006 0.9568992 0.009027139 -0.9999592 0.0004037239 0.09788524 0.0008665147 0.9951973 0.09791176 0.00087149 0.9951947 0.2904047 0.002570765 0.9569004 0.008922108 -0.9999602 0.0001501793 -0.09787166 -0.0008711331 0.9951987 0.008826889 -0.999961 -0.0001637026 -0.008865942 0.9999605 0.0006146642 0.09791002 0.0008646396 -0.9951949 -0.008865943 0.9999607 -0.0001343378 -0.2904411 -0.002571302 0.9568894 0.2904758 0.002565177 -0.956879 0.6343145 0.005616181 0.7730547 0.7729111 0.006843307 0.6344774 0.008859472 -0.9999607 8.386849e-08 0.7728547 0.006842806 -0.6345462 0.2901663 0.002567915 -0.9569728 -0.9568227 -0.008471486 -0.2905487 0.9568607 0.008495145 0.2904231 0.6344057 0.005614689 0.7729799 0.9951391 0.008859535 0.09808038 -0.9951664 -0.008810973 -0.09780682 -0.4713503 -0.004172903 0.8819362 -0.6345416 -0.005621499 0.7728682 -0.47129 -0.004175228 0.8819684 -0.008992734 0.9999595 0.0003143856 0.009068968 -0.9999587 -0.0004984975 -0.6346141 -0.005598357 0.772809 0.009372004 -0.9999561 -0.0003054788 0.008875145 -0.9999606 -3.989456e-05 -0.7729886 -0.006847044 0.6343828 -0.7729192 -0.006818444 0.6344678 0.00897777 -0.9999596 -0.0001468525 0.008493939 -0.9999638 0.0005772556 -0.008145344 0.9999669 -0.0001979464 0.8817842 0.00786487 -0.4715875 -0.8818849 -0.007811634 0.4714 0.956899 0.008534848 -0.2902955 0.009866012 -0.9999512 -0.0004503349 0.9569728 0.00847128 -0.2900541 0.008830922 -0.999961 0 0.9951417 0.008809158 -0.0980583 -0.008702657 0.9999621 0 0.008865071 -0.9999607 -2.281847e-05 0.995143 0.008809172 0.09804501 0.9569728 0.00847128 0.2900541 0.008145344 -0.9999669 -0.0001979452 0.009781938 -0.999952 0.0004799486 0.008484105 -0.9999641 -0.0002138034 0.008942066 -0.99996 9.21797e-05 0.008865107 -0.9999607 -2.300317e-05 -0.956899 -0.008534848 -0.2902955 0.9951451 0.008814836 0.09802295 0.009935388 -0.9999506 0 0.008778832 -0.9999614 0 0.009866002 -0.9999512 0.0004503322 0.008875812 -0.9999606 1.929102e-05 0.008877601 -0.9999606 1.661427e-05 0.008849245 -0.9999608 -0.0001021194 0.008875232 -0.9999607 2.852428e-05 -0.881884 -0.007811626 -0.4714017 -0.7730404 -0.006847502 -0.6343198 -0.009027869 0.9999593 -0.0001652055 0.008639527 -0.9999627 0.0001860113 0.9951342 0.008847345 -0.09813077 0.009815307 -0.9999518 0 0.956897 0.008507392 -0.2903029 0.008794089 -0.9999614 0 0.9568993 0.008505433 -0.2902955 0.8818426 0.00783829 -0.4714788 -0.00952899 0.9999544 0.0005439282 0.8818386 0.007836118 -0.4714862 0.009141886 -0.9999582 -0.0003249297 0.008704127 -0.9999621 0.0002084578 0.008765886 -0.9999616 5.099701e-05 0.7731482 0.006844266 -0.6341885 -0.009883928 0.9999511 0.0004588203 0.008869069 -0.9999607 -3.838584e-05 0.7730832 0.006869705 -0.6342674 -0.009844374 0.9999511 0.0008592503 -0.6344202 -0.005616182 0.772968 -0.6343514 -0.00563815 0.7730243 -0.4712761 -0.004188724 0.8819758 0.4711762 0.004158918 -0.8820293 0.2902988 0.002562373 -0.9569326 0.2903022 0.002561525 -0.9569316 0.008799388 -0.9999605 -0.001236752 0.09805007 0.0008651603 -0.9951811 0.00879939 -0.999961 0.0007185397 0.09798739 0.0008673569 0.9951873 0.09801475 0.0008746144 0.9951846 0.09801181 0.0008745902 -0.9951848 0.009096676 -0.9999586 0.0005653282 0.008920906 -0.9999602 -1.421888e-05 -0.008992854 0.9999596 -0.0003146314 0.2902991 0.002569647 0.9569325 -0.4712719 -0.004175069 -0.8819781 0.4712829 0.004172001 0.8819723 0.2902999 0.002569861 0.9569323 -0.009466232 0.9999541 -0.001456055 -0.00860045 0.9999629 0.0006344915 -0.6344068 -0.005620304 -0.772979 0.008910629 -0.9999602 -0.0004108037 0.956897 0.008507392 0.2903029 0.9951329 0.008847332 0.09814407 0.00753967 -0.9999714 -0.0005196813 0.8818434 0.007838302 0.4714772 0.9568993 0.008505433 0.2902955 0.8818395 0.007836126 0.4714846 -0.008576778 0.9999631 0.0002400518 0.008765819 -0.9999616 -5.106034e-05 0.7730966 0.006843816 0.6342515 0.7730315 0.006869247 0.6343305 0.634555 0.005617376 0.7728574 0.009845499 -0.9999511 0.0008603166 0.6344863 0.005639348 0.7729136 0.4712943 0.004188891 0.8819661 0.4711944 0.004159078 0.8820196 0.00835443 -0.9999648 -0.0006303543 0.290167 0.002561209 0.9569726 0.009102694 -0.9999585 0.0002813952 0.09805007 0.0008651603 0.9951811 0.008728069 -0.9999618 0.0005128396 0.008849457 -0.9999608 -9.761974e-05 0.2901703 0.002560361 0.9569716 0.008887061 -0.9999605 5.638027e-05 0.008503827 -0.9999634 -0.0008691233 0.008980252 -0.9999597 0.000149572 0.008980249 -0.9999595 0.0006167969 0.09801181 0.0008745902 0.9951848 -0.09801475 -0.0008746144 0.9951846 0.008939241 -0.9999601 -0.000183581 -0.09798739 -0.0008673569 0.9951873 0.009465671 -0.9999541 -0.001454945 -0.290168 -0.002568694 0.9569722 -0.2901672 -0.002568483 0.9569725 -0.471301 -0.004172162 0.8819625 0.009161265 -0.999958 0.0002395842 0.009942014 -0.9999505 0 0.9951322 0.008841873 -0.09815208 0.008830682 -0.999961 0 -0.9951308 -0.008841864 -0.09816539 -0.7729709 -0.006818896 -0.6344048 -0.6344792 -0.005597176 -0.7729197 0.008874264 -0.9999605 2.707776e-05 -0.8817834 -0.007864866 -0.4715892 0.9951438 0.008814824 -0.09803623</float_array>
          <technique_common>
            <accessor count="3099" source="#cubenormals-array0-array" stride="3">
              <param type="float" name="X" />
              <param type="float" name="Y" />
              <param type="float" name="Z" />
            </accessor>
          </technique_common>
        </source>
        <vertices id="cubeverts-array0-vertices">
          <input semantic="POSITION" source="#cubeverts-array0" />
        </vertices>
        <triangles count="3099" material="ref_DOBOT_Magician_mit_TOOLS_Greifer_025">
          <input offset="0" semantic="VERTEX" source="#cubeverts-array0-vertices" />
          <input offset="1" semantic="NORMAL" source="#cubenormals-array0" />
          <p>0 0 1 0 2 0 0 1 1 1 3 1 1 2 0 2 4 2 5 3 0 3 3 3 5 4 0 4 2 4 4 5 0 5 5 5 6 6 4 6 5 6 4 7 6 7 7 7 8 8 1 8 4 8 4 9 7 9 8 9 8 10 9 10 1 10 7 11 9 11 8 11 10 12 9 12 7 12 11 13 9 13 10 13 9 14 2 14 1 14 9 15 11 15 2 15 11 16 12 16 2 16 13 17 12 17 11 17 13 18 11 18 10 18 14 19 12 19 13 19 14 20 13 20 15 20 15 21 13 21 10 21 16 22 17 22 15 22 15 23 10 23 16 23 14 24 15 24 18 24 15 25 17 25 18 25 14 26 18 26 19 26 17 27 19 27 18 27 18 28 17 28 2 28 14 29 18 29 2 29 19 30 10 30 3 30 3 31 2 31 19 31 19 32 20 32 21 32 22 33 20 33 19 33 19 34 21 34 10 34 17 35 22 35 19 35 19 36 2 36 12 36 14 37 19 37 12 37 22 38 23 38 24 38 25 39 23 39 22 39 23 40 26 40 22 40 22 41 26 41 20 41 17 42 22 42 24 42 22 43 17 43 16 43 27 44 22 44 16 44 27 45 25 45 22 45 25 46 28 46 23 46 25 47 27 47 29 47 25 48 29 48 30 48 25 49 30 49 31 49 25 50 31 50 28 50 32 51 23 51 28 51 33 52 32 52 28 52 31 53 33 53 28 53 34 54 35 54 32 54 32 55 35 55 36 55 32 56 36 56 23 56 34 57 32 57 33 57 37 58 34 58 38 58 34 59 39 59 38 59 33 60 39 60 34 60 37 61 40 61 34 61 34 62 40 62 35 62 40 63 36 63 35 63 40 64 24 64 36 64 40 65 41 65 24 65 37 66 41 66 40 66 42 67 24 67 41 67 37 68 42 68 41 68 42 69 43 69 24 69 44 70 43 70 42 70 44 71 42 71 45 71 45 72 42 72 37 72 44 73 46 73 24 73 24 74 43 74 44 74 44 75 47 75 43 75 44 76 48 76 47 76 46 77 48 77 44 77 49 78 44 78 45 78 50 79 44 79 49 79 50 80 46 80 44 80 50 81 51 81 46 81 50 82 52 82 53 82 50 83 53 83 51 83 50 84 49 84 54 84 52 85 50 85 54 85 51 86 55 86 46 86 51 87 56 87 55 87 57 88 56 88 51 88 51 89 53 89 58 89 51 90 58 90 57 90 59 91 60 91 57 91 57 92 60 92 61 92 59 93 57 93 58 93 57 94 61 94 56 94 60 95 62 95 61 95 63 96 61 96 62 96 63 97 56 97 61 97 64 98 65 98 63 98 66 99 64 99 63 99 66 100 63 100 62 100 56 101 63 101 67 101 63 102 65 102 67 102 66 103 68 103 64 103 69 104 70 104 66 104 66 105 70 105 68 105 66 106 62 106 69 106 69 107 62 107 60 107 69 108 60 108 71 108 69 109 71 109 70 109 71 110 60 110 72 110 70 111 71 111 72 111 73 112 74 112 72 112 72 113 74 113 75 113 70 114 72 114 75 114 73 115 72 115 60 115 60 116 59 116 73 116 59 117 76 117 73 117 77 118 73 118 76 118 77 119 78 119 73 119 78 120 74 120 73 120 77 121 76 121 79 121 80 122 78 122 77 122 80 123 77 123 81 123 81 124 77 124 79 124 82 125 80 125 81 125 83 126 81 126 79 126 81 127 83 127 82 127 82 128 84 128 80 128 82 129 85 129 84 129 86 130 85 130 82 130 86 131 82 131 83 131 87 132 85 132 88 132 86 133 88 133 85 133 85 134 89 134 84 134 90 135 89 135 85 135 87 136 90 136 85 136 91 137 90 137 87 137 91 138 87 138 92 138 87 139 88 139 92 139 93 140 91 140 92 140 94 141 93 141 92 141 94 142 92 142 88 142 94 143 88 143 95 143 94 144 96 144 93 144 97 145 96 145 94 145 98 146 94 146 95 146 97 147 94 147 98 147 99 148 97 148 100 148 97 149 98 149 100 149 97 150 101 150 96 150 102 151 101 151 97 151 102 152 97 152 99 152 103 153 99 153 104 153 104 154 99 154 105 154 99 155 100 155 105 155 103 156 102 156 99 156 104 157 105 157 106 157 105 158 100 158 106 158 104 159 106 159 107 159 106 160 100 160 108 160 107 161 106 161 109 161 106 162 108 162 109 162 98 163 108 163 100 163 110 164 109 164 108 164 110 165 108 165 111 165 108 166 112 166 111 166 112 167 108 167 98 167 98 168 95 168 112 168 111 169 112 169 113 169 112 170 114 170 113 170 95 171 114 171 112 171 113 172 114 172 115 172 116 173 113 173 115 173 116 174 111 174 113 174 116 175 117 175 111 175 116 176 115 176 118 176 119 177 116 177 118 177 116 178 119 178 117 178 120 179 111 179 117 179 120 180 117 180 121 180 122 181 121 181 117 181 122 182 117 182 123 182 117 183 119 183 123 183 124 184 123 184 125 184 125 185 123 185 126 185 123 186 119 186 126 186 122 187 123 187 127 187 124 188 127 188 123 188 128 189 124 189 129 189 124 190 125 190 129 190 130 191 127 191 124 191 130 192 124 192 128 192 130 193 128 193 131 193 132 194 131 194 128 194 133 195 128 195 129 195 128 196 133 196 132 196 134 197 135 197 132 197 132 198 135 198 136 198 134 199 132 199 133 199 132 200 136 200 131 200 136 201 135 201 137 201 131 202 136 202 137 202 138 203 137 203 135 203 131 204 137 204 139 204 137 205 140 205 139 205 138 206 140 206 137 206 138 207 141 207 142 207 143 208 141 208 138 208 135 209 143 209 138 209 140 210 138 210 144 210 142 211 144 211 138 211 145 212 146 212 142 212 142 213 147 213 145 213 141 214 147 214 142 214 148 215 142 215 146 215 142 216 148 216 144 216 144 217 148 217 149 217 149 218 148 218 146 218 139 219 144 219 149 219 139 220 149 220 150 220 149 221 146 221 151 221 149 222 151 222 152 222 150 223 149 223 152 223 153 224 150 224 154 224 154 225 150 225 155 225 153 226 139 226 150 226 150 227 152 227 155 227 155 228 152 228 156 228 155 229 156 229 157 229 158 230 155 230 157 230 154 231 155 231 158 231 159 232 154 232 158 232 159 233 158 233 160 233 158 234 161 234 160 234 162 235 161 235 158 235 157 236 162 236 158 236 162 237 163 237 161 237 163 238 162 238 164 238 162 239 157 239 164 239 165 240 164 240 166 240 165 241 167 241 164 241 164 242 168 242 169 242 170 243 164 243 169 243 164 244 167 244 168 244 166 245 164 245 171 245 164 246 157 246 171 246 170 247 163 247 164 247 163 248 170 248 172 248 173 249 170 249 169 249 170 250 173 250 174 250 170 251 174 251 172 251 175 252 172 252 174 252 176 253 175 253 174 253 176 254 174 254 177 254 173 255 177 255 174 255 173 256 178 256 177 256 178 257 179 257 177 257 180 258 176 258 177 258 180 259 177 259 179 259 178 260 181 260 179 260 181 261 182 261 179 261 183 262 180 262 179 262 183 263 179 263 182 263 184 264 183 264 182 264 181 265 185 265 182 265 184 266 182 266 186 266 185 267 186 267 182 267 181 268 187 268 185 268 185 269 188 269 186 269 185 270 187 270 188 270 188 271 187 271 189 271 190 272 189 272 187 272 191 273 192 273 187 273 192 274 190 274 187 274 178 275 191 275 187 275 181 276 178 276 187 276 193 277 189 277 190 277 190 278 194 278 193 278 165 279 195 279 190 279 165 280 190 280 196 280 197 281 190 281 192 281 197 282 198 282 190 282 190 283 198 283 196 283 195 284 194 284 190 284 193 285 194 285 199 285 194 286 199 286 200 286 201 287 199 287 194 287 195 288 194 288 200 288 202 289 201 289 194 289 202 290 194 290 195 290 70 291 203 291 202 291 70 292 202 292 68 292 68 293 202 293 195 293 203 294 201 294 202 294 204 295 201 295 203 295 204 296 203 296 205 296 206 297 203 297 207 297 206 298 205 298 203 298 203 299 208 299 207 299 203 300 70 300 208 300 205 301 209 301 204 301 206 302 189 302 205 302 189 303 210 303 205 303 205 304 210 304 209 304 210 305 211 305 209 305 209 306 200 306 204 306 211 307 200 307 209 307 212 308 193 308 211 308 193 309 200 309 211 309 200 310 211 310 212 310 213 311 212 311 211 311 210 312 213 312 211 312 213 313 210 313 189 313 213 314 189 314 214 314 213 315 214 315 212 315 214 316 215 316 216 316 189 317 215 317 214 317 214 318 216 318 212 318 216 319 217 319 193 319 216 320 193 320 212 320 212 321 216 321 200 321 216 322 217 322 200 322 215 323 217 323 216 323 217 324 218 324 193 324 219 325 218 325 217 325 200 326 217 326 220 326 217 327 219 327 220 327 221 328 219 328 217 328 215 329 221 329 217 329 221 330 215 330 222 330 223 331 221 331 222 331 224 332 219 332 221 332 223 333 224 333 221 333 225 334 223 334 222 334 223 335 225 335 224 335 225 336 226 336 227 336 226 337 225 337 7 337 225 338 222 338 7 338 225 339 227 339 224 339 227 340 3 340 218 340 220 341 3 341 227 341 224 342 227 342 220 342 226 343 220 343 227 343 224 344 227 344 218 344 226 345 6 345 220 345 226 346 7 346 6 346 224 347 218 347 219 347 219 348 224 348 220 348 193 349 222 349 189 349 218 350 222 350 193 350 218 351 7 351 222 351 222 352 215 352 189 352 5 353 3 353 220 353 220 354 5 354 2 354 6 355 5 355 220 355 17 356 24 356 220 356 220 357 2 357 17 357 24 358 55 358 220 358 55 359 200 359 220 359 3 360 7 360 218 360 228 361 207 361 208 361 229 362 228 362 208 362 70 363 75 363 208 363 229 364 208 364 75 364 228 365 229 365 230 365 229 366 231 366 230 366 80 367 229 367 75 367 229 368 80 368 231 368 232 369 230 369 231 369 233 370 232 370 231 370 233 371 231 371 234 371 80 372 234 372 231 372 235 373 233 373 234 373 234 374 90 374 235 374 234 375 80 375 84 375 234 376 89 376 90 376 234 377 84 377 89 377 233 378 235 378 236 378 235 379 237 379 236 379 91 380 235 380 90 380 235 381 91 381 237 381 238 382 236 382 237 382 238 383 237 383 239 383 237 384 240 384 239 384 91 385 240 385 237 385 239 386 240 386 103 386 240 387 102 387 103 387 96 388 240 388 91 388 240 389 101 389 102 389 101 390 240 390 96 390 241 391 239 391 103 391 241 392 242 392 239 392 242 393 238 393 239 393 243 394 241 394 244 394 244 395 241 395 245 395 245 396 241 396 103 396 243 397 242 397 241 397 246 398 242 398 243 398 176 399 246 399 243 399 175 400 243 400 244 400 175 401 176 401 243 401 180 402 247 402 246 402 247 403 248 403 246 403 248 404 242 404 246 404 176 405 180 405 246 405 249 406 250 406 248 406 247 407 249 407 248 407 248 408 251 408 238 408 250 409 251 409 248 409 242 410 248 410 238 410 250 411 252 411 253 411 254 412 252 412 250 412 250 413 253 413 251 413 249 414 255 414 250 414 255 415 254 415 250 415 255 416 256 416 254 416 256 417 257 417 254 417 254 418 257 418 252 418 258 419 252 419 257 419 256 420 258 420 257 420 258 421 232 421 252 421 232 422 258 422 230 422 258 423 259 423 230 423 256 424 259 424 258 424 260 425 259 425 261 425 261 426 259 426 256 426 228 427 230 427 259 427 260 428 228 428 259 428 262 429 260 429 261 429 263 430 260 430 262 430 263 431 207 431 260 431 260 432 207 432 228 432 264 433 206 433 263 433 264 434 263 434 265 434 263 435 262 435 265 435 206 436 207 436 263 436 188 437 264 437 265 437 262 438 186 438 265 438 188 439 265 439 186 439 264 440 189 440 206 440 264 441 188 441 189 441 262 442 261 442 266 442 184 443 262 443 266 443 262 444 184 444 186 444 261 445 256 445 266 445 266 446 256 446 255 446 266 447 255 447 267 447 266 448 267 448 183 448 184 449 266 449 183 449 267 450 255 450 249 450 267 451 249 451 247 451 183 452 267 452 247 452 232 453 253 453 252 453 251 454 253 454 236 454 236 455 253 455 232 455 251 456 236 456 238 456 180 457 183 457 247 457 268 458 245 458 104 458 245 459 103 459 104 459 269 460 245 460 268 460 244 461 245 461 269 461 270 462 269 462 268 462 271 463 244 463 269 463 269 464 270 464 159 464 160 465 269 465 159 465 160 466 271 466 269 466 175 467 271 467 172 467 271 468 161 468 172 468 271 469 175 469 244 469 160 470 161 470 271 470 272 471 154 471 270 471 273 472 272 472 270 472 274 473 273 473 270 473 274 474 270 474 268 474 154 475 159 475 270 475 274 476 268 476 275 476 273 477 274 477 275 477 107 478 276 478 275 478 276 479 273 479 275 479 104 480 107 480 275 480 268 481 104 481 275 481 107 482 110 482 276 482 276 483 110 483 277 483 276 484 277 484 120 484 276 485 120 485 278 485 276 486 278 486 273 486 278 487 121 487 122 487 278 488 120 488 121 488 278 489 122 489 130 489 278 490 130 490 279 490 278 491 279 491 273 491 130 492 131 492 279 492 273 493 279 493 272 493 279 494 153 494 272 494 279 495 131 495 153 495 120 496 277 496 111 496 110 497 111 497 277 497 272 498 153 498 154 498 233 499 236 499 232 499 204 500 280 500 199 500 200 501 280 501 204 501 201 502 204 502 199 502 280 503 200 503 193 503 280 504 193 504 199 504 199 505 280 505 200 505 55 506 195 506 200 506 165 507 281 507 195 507 64 508 195 508 282 508 68 509 195 509 64 509 64 510 195 510 55 510 195 511 281 511 282 511 165 512 283 512 281 512 283 513 284 513 281 513 281 514 284 514 285 514 281 515 285 515 282 515 284 516 286 516 285 516 287 517 285 517 288 517 288 518 285 518 38 518 285 519 289 519 290 519 291 520 285 520 290 520 291 521 292 521 285 521 292 522 293 522 285 522 294 523 289 523 285 523 285 524 286 524 295 524 294 525 285 525 295 525 285 526 293 526 296 526 38 527 285 527 296 527 287 528 282 528 285 528 64 529 282 529 287 529 64 530 287 530 297 530 287 531 288 531 297 531 65 532 297 532 298 532 298 533 297 533 288 533 65 534 64 534 297 534 298 535 288 535 299 535 298 536 299 536 67 536 298 537 67 537 65 537 299 538 300 538 55 538 299 539 55 539 67 539 299 540 288 540 300 540 46 541 55 541 300 541 46 542 300 542 301 542 288 543 301 543 300 543 46 544 301 544 48 544 48 545 301 545 288 545 296 546 293 546 302 546 303 547 296 547 302 547 296 548 304 548 38 548 305 549 304 549 296 549 303 550 306 550 296 550 306 551 305 551 296 551 307 552 306 552 303 552 308 553 303 553 302 553 309 554 303 554 308 554 309 555 307 555 303 555 310 556 307 556 309 556 311 557 310 557 309 557 311 558 309 558 312 558 312 559 309 559 308 559 310 560 311 560 313 560 314 561 310 561 313 561 314 562 118 562 310 562 118 563 315 563 310 563 310 564 315 564 307 564 118 565 115 565 315 565 315 566 316 566 317 566 315 567 317 567 307 567 115 568 316 568 315 568 114 569 316 569 115 569 318 570 316 570 114 570 316 571 319 571 317 571 318 572 319 572 316 572 114 573 95 573 318 573 320 574 319 574 318 574 321 575 320 575 318 575 318 576 95 576 321 576 86 577 321 577 88 577 321 578 86 578 320 578 321 579 95 579 88 579 304 580 320 580 322 580 319 581 320 581 304 581 322 582 320 582 76 582 86 583 76 583 320 583 38 584 304 584 322 584 59 585 38 585 322 585 59 586 322 586 76 586 304 587 305 587 319 587 319 588 305 588 317 588 307 589 317 589 306 589 317 590 305 590 306 590 119 591 118 591 314 591 126 592 119 592 314 592 126 593 314 593 313 593 323 594 126 594 313 594 323 595 313 595 324 595 324 596 313 596 325 596 313 597 311 597 325 597 325 598 311 598 312 598 326 599 325 599 312 599 324 600 325 600 327 600 326 601 327 601 325 601 326 602 312 602 328 602 326 603 328 603 329 603 330 604 327 604 326 604 330 605 326 605 329 605 329 606 331 606 332 606 328 607 331 607 329 607 330 608 329 608 332 608 331 609 333 609 332 609 334 610 332 610 333 610 334 611 330 611 332 611 335 612 334 612 333 612 334 613 336 613 330 613 335 614 337 614 334 614 334 615 337 615 336 615 338 616 327 616 336 616 330 617 336 617 327 617 339 618 338 618 336 618 339 619 336 619 337 619 340 620 338 620 339 620 341 621 340 621 339 621 341 622 339 622 342 622 342 623 339 623 337 623 343 624 342 624 344 624 343 625 341 625 342 625 342 626 337 626 344 626 343 627 344 627 345 627 344 628 346 628 347 628 337 629 346 629 344 629 348 630 344 630 347 630 344 631 348 631 345 631 345 632 348 632 147 632 147 633 348 633 349 633 348 634 347 634 349 634 145 635 349 635 350 635 349 636 351 636 350 636 349 637 347 637 351 637 147 638 349 638 145 638 347 639 352 639 351 639 351 640 352 640 353 640 354 641 351 641 353 641 351 642 355 642 356 642 354 643 355 643 351 643 350 644 351 644 356 644 294 645 295 645 354 645 294 646 354 646 289 646 354 647 353 647 289 647 295 648 355 648 354 648 286 649 284 649 356 649 284 650 357 650 356 650 286 651 356 651 355 651 350 652 356 652 357 652 284 653 358 653 357 653 359 654 350 654 357 654 358 655 359 655 357 655 358 656 283 656 360 656 361 657 358 657 360 657 362 658 358 658 361 658 358 659 284 659 363 659 363 660 358 660 362 660 358 661 284 661 283 661 362 662 364 662 358 662 364 663 359 663 358 663 364 664 365 664 366 664 364 665 366 665 367 665 368 666 365 666 364 666 359 667 364 667 367 667 362 668 369 668 364 668 368 669 364 669 369 669 370 670 368 670 369 670 371 671 368 671 370 671 371 672 372 672 368 672 368 673 372 673 365 673 373 674 372 674 371 674 372 675 374 675 365 675 373 676 374 676 372 676 374 677 366 677 365 677 373 678 366 678 374 678 373 679 375 679 171 679 373 680 171 680 376 680 371 681 377 681 373 681 377 682 375 682 373 682 373 683 376 683 378 683 373 684 378 684 366 684 379 685 367 685 378 685 379 686 378 686 380 686 151 687 381 687 378 687 381 688 380 688 378 688 378 689 367 689 366 689 151 690 378 690 376 690 379 691 380 691 350 691 350 692 380 692 381 692 350 693 381 693 145 693 151 694 382 694 381 694 382 695 145 695 381 695 145 696 382 696 146 696 146 697 382 697 151 697 379 698 350 698 359 698 359 699 367 699 379 699 171 700 375 700 383 700 377 701 384 701 375 701 384 702 383 702 375 702 384 703 385 703 377 703 166 704 384 704 377 704 166 705 385 705 384 705 385 706 386 706 384 706 386 707 383 707 384 707 385 708 387 708 386 708 386 709 388 709 171 709 386 710 171 710 383 710 387 711 388 711 386 711 389 712 385 712 387 712 166 713 387 713 385 713 387 714 390 714 389 714 166 715 390 715 387 715 387 716 389 716 388 716 385 717 389 717 391 717 389 718 390 718 392 718 391 719 389 719 393 719 393 720 389 720 392 720 389 721 392 721 394 721 389 722 394 722 388 722 394 723 395 723 388 723 392 724 396 724 394 724 396 725 395 725 394 725 393 726 396 726 392 726 397 727 396 727 393 727 396 728 397 728 395 728 397 729 393 729 398 729 397 730 399 730 395 730 397 731 400 731 399 731 401 732 397 732 402 732 401 733 400 733 397 733 397 734 398 734 402 734 391 735 398 735 393 735 403 736 398 736 391 736 403 737 404 737 398 737 404 738 402 738 398 738 403 739 405 739 406 739 403 740 406 740 407 740 403 741 391 741 405 741 403 742 391 742 407 742 404 743 403 743 408 743 403 744 407 744 408 744 409 745 404 745 408 745 408 746 410 746 409 746 408 747 407 747 411 747 412 748 408 748 411 748 408 749 412 749 410 749 413 750 412 750 414 750 412 751 411 751 414 751 412 752 413 752 410 752 413 753 414 753 415 753 413 754 416 754 410 754 416 755 413 755 415 755 417 756 416 756 418 756 419 757 416 757 417 757 416 758 415 758 418 758 410 759 416 759 419 759 420 760 410 760 419 760 331 761 420 761 419 761 419 762 421 762 331 762 422 763 423 763 419 763 423 764 424 764 419 764 424 765 421 765 419 765 422 766 419 766 425 766 425 767 419 767 417 767 331 768 421 768 426 768 421 769 424 769 427 769 421 770 427 770 426 770 426 771 333 771 331 771 333 772 426 772 428 772 428 773 426 773 429 773 427 774 430 774 426 774 426 775 430 775 429 775 431 776 432 776 430 776 433 777 431 777 430 777 429 778 430 778 434 778 429 779 430 779 290 779 430 780 427 780 290 780 434 781 430 781 363 781 430 782 427 782 433 782 430 783 432 783 363 783 432 784 435 784 418 784 432 785 435 785 420 785 425 786 435 786 432 786 418 787 415 787 432 787 432 788 420 788 431 788 422 789 425 789 432 789 422 790 432 790 431 790 391 791 363 791 432 791 414 792 391 792 432 792 415 793 414 793 432 793 435 794 418 794 420 794 418 795 435 795 425 795 431 796 420 796 433 796 423 797 431 797 433 797 420 798 427 798 433 798 424 799 433 799 427 799 424 800 423 800 433 800 436 801 429 801 434 801 434 802 437 802 436 802 434 803 437 803 290 803 438 804 437 804 434 804 434 805 290 805 289 805 294 806 434 806 363 806 294 807 289 807 434 807 434 808 289 808 353 808 439 809 434 809 353 809 439 810 438 810 434 810 352 811 439 811 353 811 438 812 439 812 352 812 438 813 440 813 437 813 438 814 441 814 440 814 438 815 352 815 441 815 335 816 333 816 441 816 441 817 333 817 428 817 441 818 428 818 440 818 346 819 335 819 441 819 346 820 441 820 352 820 440 821 428 821 436 821 440 822 436 822 437 822 436 823 290 823 437 823 428 824 429 824 436 824 436 825 429 825 290 825 423 826 422 826 431 826 290 827 427 827 420 827 417 828 418 828 425 828 418 829 415 829 420 829 406 830 410 830 420 830 420 831 415 831 406 831 290 832 420 832 331 832 406 833 415 833 414 833 414 834 411 834 407 834 411 835 406 835 414 835 407 836 391 836 414 836 410 837 406 837 442 837 410 838 442 838 399 838 409 839 410 839 400 839 400 840 410 840 399 840 399 841 442 841 395 841 442 842 390 842 395 842 442 843 443 843 390 843 442 844 406 844 443 844 393 845 390 845 443 845 393 846 443 846 405 846 405 847 443 847 406 847 411 848 407 848 406 848 409 849 402 849 404 849 409 850 401 850 402 850 409 851 400 851 401 851 391 852 393 852 405 852 388 853 395 853 171 853 390 854 171 854 395 854 392 855 390 855 393 855 363 856 385 856 391 856 166 857 171 857 390 857 385 858 363 858 377 858 156 859 376 859 171 859 152 860 376 860 156 860 152 861 151 861 376 861 377 862 363 862 371 862 166 863 377 863 371 863 371 864 363 864 370 864 166 865 371 865 370 865 370 866 363 866 444 866 370 867 444 867 166 867 363 868 370 868 369 868 166 869 444 869 361 869 362 870 361 870 444 870 444 871 363 871 362 871 362 872 363 872 369 872 286 873 294 873 363 873 284 874 286 874 363 874 166 875 361 875 360 875 166 876 360 876 165 876 360 877 283 877 165 877 295 878 286 878 355 878 347 879 346 879 352 879 343 880 345 880 445 880 445 881 345 881 446 881 446 882 345 882 141 882 141 883 345 883 147 883 143 884 446 884 141 884 446 885 143 885 134 885 447 886 446 886 134 886 447 887 448 887 446 887 448 888 445 888 446 888 447 889 134 889 449 889 447 890 449 890 450 890 448 891 447 891 450 891 449 892 323 892 450 892 448 893 450 893 451 893 451 894 450 894 340 894 323 895 452 895 450 895 450 896 452 896 340 896 452 897 323 897 324 897 452 898 324 898 338 898 340 899 452 899 338 899 453 900 448 900 451 900 453 901 451 901 341 901 451 902 340 902 341 902 448 903 453 903 445 903 453 904 341 904 445 904 134 905 125 905 449 905 449 906 125 906 323 906 343 907 445 907 341 907 335 908 346 908 337 908 338 909 324 909 327 909 331 910 454 910 455 910 331 911 455 911 456 911 308 912 302 912 331 912 291 913 331 913 302 913 328 914 308 914 331 914 331 915 457 915 458 915 459 916 331 916 458 916 460 917 457 917 331 917 331 918 456 918 460 918 331 919 461 919 454 919 331 920 462 920 461 920 331 921 463 921 462 921 331 922 464 922 463 922 331 923 459 923 464 923 290 924 331 924 291 924 465 925 466 925 459 925 465 926 459 926 458 926 464 927 459 927 467 927 466 928 467 928 459 928 468 929 466 929 465 929 469 930 466 930 468 930 466 931 469 931 467 931 469 932 468 932 470 932 469 933 470 933 471 933 469 934 471 934 467 934 470 935 472 935 471 935 471 936 472 936 464 936 471 937 464 937 467 937 472 938 473 938 464 938 470 939 474 939 472 939 474 940 475 940 472 940 472 941 475 941 473 941 473 942 475 942 476 942 476 943 475 943 474 943 474 944 473 944 475 944 476 945 474 945 477 945 473 946 476 946 478 946 479 947 473 947 478 947 479 948 480 948 473 948 481 949 480 949 479 949 482 950 483 950 481 950 481 951 483 951 480 951 483 952 484 952 485 952 485 953 480 953 483 953 482 954 484 954 483 954 480 955 483 955 474 955 483 956 474 956 484 956 484 957 474 957 486 957 485 958 484 958 486 958 484 959 486 959 487 959 484 960 482 960 487 960 486 961 487 961 488 961 489 962 488 962 490 962 486 963 488 963 489 963 489 964 490 964 491 964 491 965 490 965 492 965 493 966 494 966 491 966 493 967 491 967 495 967 491 968 495 968 496 968 491 969 492 969 495 969 489 970 491 970 496 970 494 971 489 971 491 971 485 972 489 972 494 972 497 973 485 973 494 973 498 974 497 974 494 974 498 975 494 975 493 975 497 976 499 976 500 976 497 977 498 977 499 977 497 978 501 978 498 978 497 979 502 979 501 979 497 980 503 980 502 980 504 981 503 981 497 981 505 982 504 982 497 982 505 983 497 983 468 983 497 984 500 984 506 984 506 985 507 985 497 985 507 986 508 986 497 986 497 987 468 987 485 987 468 988 497 988 509 988 508 989 509 989 497 989 510 990 511 990 500 990 512 991 510 991 500 991 500 992 511 992 506 992 500 993 512 993 513 993 514 994 513 994 500 994 515 995 513 995 500 995 515 996 500 996 516 996 516 997 500 997 517 997 517 998 500 998 518 998 500 999 518 999 519 999 520 1000 500 1000 519 1000 520 1001 514 1001 500 1001 499 1002 500 1002 518 1002 520 1003 521 1003 514 1003 514 1004 522 1004 513 1004 514 1005 523 1005 522 1005 514 1006 521 1006 523 1006 522 1007 523 1007 524 1007 521 1008 523 1008 525 1008 521 1009 526 1009 523 1009 523 1010 524 1010 525 1010 523 1011 527 1011 524 1011 523 1012 526 1012 527 1012 528 1013 525 1013 524 1013 510 1014 525 1014 528 1014 528 1015 529 1015 525 1015 512 1016 525 1016 510 1016 512 1017 530 1017 525 1017 530 1018 525 1018 529 1018 521 1019 525 1019 530 1019 512 1020 531 1020 530 1020 530 1021 529 1021 532 1021 521 1022 530 1022 531 1022 532 1023 531 1023 530 1023 532 1024 533 1024 531 1024 515 1025 531 1025 533 1025 515 1026 533 1026 534 1026 515 1027 535 1027 534 1027 515 1028 516 1028 535 1028 535 1029 517 1029 536 1029 535 1030 516 1030 517 1030 536 1031 517 1031 537 1031 536 1032 537 1032 538 1032 517 1033 518 1033 537 1033 518 1034 539 1034 537 1034 517 1035 540 1035 537 1035 537 1036 540 1036 539 1036 537 1037 541 1037 538 1037 537 1038 539 1038 541 1038 539 1039 540 1039 495 1039 539 1040 495 1040 542 1040 518 1041 499 1041 539 1041 541 1042 539 1042 542 1042 499 1043 542 1043 539 1043 499 1044 496 1044 542 1044 496 1045 543 1045 542 1045 541 1046 542 1046 543 1046 542 1047 496 1047 495 1047 496 1048 544 1048 543 1048 544 1049 501 1049 545 1049 544 1050 496 1050 501 1050 502 1051 546 1051 545 1051 502 1052 545 1052 501 1052 546 1053 503 1053 547 1053 546 1054 502 1054 503 1054 504 1055 547 1055 503 1055 504 1056 548 1056 547 1056 505 1057 549 1057 548 1057 505 1058 548 1058 504 1058 549 1059 551 1059 550 1059 549 1060 505 1060 551 1060 505 1061 551 1061 474 1061 505 1062 468 1062 551 1062 551 1063 552 1063 474 1063 551 1064 552 1064 553 1064 551 1065 470 1065 552 1065 551 1066 553 1066 550 1066 551 1067 468 1067 470 1067 552 1068 477 1068 553 1068 470 1069 552 1069 474 1069 552 1070 477 1070 474 1070 519 1071 493 1071 540 1071 493 1072 495 1072 540 1072 495 1073 554 1073 540 1073 540 1074 517 1074 555 1074 519 1075 540 1075 555 1075 555 1076 554 1076 540 1076 555 1077 556 1077 517 1077 519 1078 555 1078 556 1078 555 1079 557 1079 556 1079 555 1080 558 1080 554 1080 555 1081 558 1081 557 1081 559 1082 556 1082 557 1082 559 1083 560 1083 521 1083 559 1084 521 1084 561 1084 559 1085 561 1085 556 1085 515 1086 516 1086 561 1086 531 1087 515 1087 561 1087 516 1088 517 1088 561 1088 520 1089 561 1089 521 1089 556 1090 561 1090 520 1090 556 1091 561 1091 517 1091 561 1092 521 1092 531 1092 521 1093 560 1093 526 1093 519 1094 556 1094 520 1094 495 1095 492 1095 554 1095 513 1096 515 1096 531 1096 513 1097 531 1097 512 1097 528 1098 562 1098 529 1098 563 1099 528 1099 562 1099 563 1100 564 1100 562 1100 563 1101 510 1101 528 1101 563 1102 510 1102 511 1102 565 1103 563 1103 511 1103 563 1104 524 1104 528 1104 524 1105 563 1105 566 1105 567 1106 563 1106 565 1106 564 1107 563 1107 565 1107 566 1108 563 1108 567 1108 568 1109 566 1109 567 1109 569 1110 566 1110 567 1110 570 1111 567 1111 565 1111 570 1112 568 1112 567 1112 570 1113 571 1113 567 1113 569 1114 567 1114 571 1114 522 1115 566 1115 568 1115 522 1116 568 1116 512 1116 568 1117 572 1117 510 1117 568 1118 510 1118 512 1118 572 1119 568 1119 570 1119 572 1120 511 1120 510 1120 573 1121 511 1121 572 1121 574 1122 575 1122 572 1122 575 1123 573 1123 572 1123 574 1124 572 1124 576 1124 572 1125 570 1125 576 1125 511 1126 573 1126 577 1126 573 1127 565 1127 511 1127 573 1128 578 1128 579 1128 573 1129 579 1129 580 1129 575 1130 581 1130 573 1130 581 1131 577 1131 573 1131 573 1132 577 1132 578 1132 573 1133 580 1133 565 1133 577 1134 582 1134 511 1134 583 1135 577 1135 584 1135 582 1136 584 1136 577 1136 581 1137 585 1137 577 1137 585 1138 577 1138 582 1138 583 1139 578 1139 577 1139 586 1140 584 1140 582 1140 587 1141 586 1141 582 1141 582 1142 587 1142 511 1142 588 1143 582 1143 587 1143 585 1144 582 1144 588 1144 589 1145 585 1145 588 1145 588 1146 587 1146 590 1146 589 1147 588 1147 590 1147 591 1148 590 1148 592 1148 593 1149 590 1149 591 1149 590 1150 587 1150 592 1150 589 1151 590 1151 594 1151 590 1152 593 1152 594 1152 592 1153 506 1153 591 1153 592 1154 591 1154 595 1154 587 1155 592 1155 506 1155 592 1156 595 1156 586 1156 587 1157 592 1157 586 1157 591 1158 596 1158 595 1158 586 1159 595 1159 589 1159 589 1160 595 1160 594 1160 594 1161 595 1161 596 1161 597 1162 596 1162 598 1162 598 1163 596 1163 506 1163 506 1164 596 1164 599 1164 599 1165 596 1165 591 1165 597 1166 594 1166 596 1166 600 1167 597 1167 598 1167 593 1168 597 1168 594 1168 601 1169 593 1169 597 1169 601 1170 597 1170 602 1170 597 1171 600 1171 602 1171 603 1172 604 1172 600 1172 600 1173 604 1173 598 1173 605 1174 600 1174 603 1174 602 1175 600 1175 605 1175 606 1176 605 1176 603 1176 607 1177 605 1177 606 1177 605 1178 506 1178 602 1178 607 1179 506 1179 605 1179 607 1180 608 1180 507 1180 607 1181 604 1181 608 1181 607 1182 606 1182 608 1182 598 1183 604 1183 607 1183 598 1184 506 1184 607 1184 506 1185 607 1185 507 1185 606 1186 609 1186 608 1186 604 1187 609 1187 608 1187 608 1188 609 1188 507 1188 604 1189 610 1189 609 1189 611 1190 609 1190 606 1190 609 1191 611 1191 507 1191 609 1192 610 1192 507 1192 604 1193 612 1193 610 1193 610 1194 613 1194 507 1194 612 1195 613 1195 610 1195 614 1196 615 1196 613 1196 613 1197 615 1197 507 1197 613 1198 616 1198 614 1198 617 1199 616 1199 613 1199 618 1200 617 1200 613 1200 618 1201 613 1201 612 1201 619 1202 617 1202 618 1202 620 1203 618 1203 612 1203 619 1204 618 1204 621 1204 618 1205 622 1205 621 1205 623 1206 618 1206 620 1206 623 1207 618 1207 622 1207 623 1208 624 1208 615 1208 623 1209 615 1209 507 1209 623 1210 622 1210 625 1210 624 1211 623 1211 625 1211 623 1212 507 1212 620 1212 626 1213 624 1213 627 1213 624 1214 625 1214 627 1214 615 1215 624 1215 628 1215 628 1216 624 1216 626 1216 628 1217 629 1217 508 1217 628 1218 630 1218 629 1218 629 1219 628 1219 626 1219 628 1220 630 1220 631 1220 615 1221 628 1221 631 1221 615 1222 628 1222 508 1222 632 1223 631 1223 630 1223 631 1224 630 1224 625 1224 615 1225 614 1225 631 1225 631 1226 614 1226 633 1226 614 1227 631 1227 622 1227 631 1228 625 1228 622 1228 632 1229 631 1229 633 1229 634 1230 617 1230 633 1230 617 1231 633 1231 616 1231 633 1232 635 1232 636 1232 637 1233 633 1233 636 1233 634 1234 633 1234 638 1234 633 1235 638 1235 635 1235 633 1236 638 1236 639 1236 637 1237 640 1237 633 1237 621 1238 633 1238 639 1238 616 1239 633 1239 621 1239 640 1240 632 1240 633 1240 640 1241 637 1241 457 1241 641 1242 640 1242 457 1242 640 1243 637 1243 642 1243 640 1244 642 1244 632 1244 508 1245 640 1245 641 1245 508 1246 632 1246 640 1246 641 1247 643 1247 509 1247 508 1248 641 1248 509 1248 458 1249 457 1249 641 1249 458 1250 641 1250 643 1250 643 1251 641 1251 455 1251 644 1252 456 1252 641 1252 508 1253 644 1253 641 1253 641 1254 456 1254 455 1254 508 1255 629 1255 644 1255 629 1256 626 1256 644 1256 456 1257 644 1257 642 1257 644 1258 645 1258 642 1258 644 1259 626 1259 645 1259 632 1260 645 1260 627 1260 626 1261 627 1261 645 1261 642 1262 645 1262 632 1262 643 1263 646 1263 509 1263 458 1264 643 1264 646 1264 646 1265 643 1265 454 1265 643 1266 455 1266 454 1266 458 1267 646 1267 509 1267 509 1268 646 1268 461 1268 646 1269 454 1269 461 1269 456 1270 642 1270 460 1270 647 1271 460 1271 642 1271 637 1272 647 1272 642 1272 637 1273 648 1273 647 1273 648 1274 649 1274 647 1274 649 1275 460 1275 647 1275 648 1276 650 1276 649 1276 650 1277 651 1277 649 1277 651 1278 460 1278 649 1278 650 1279 457 1279 648 1279 650 1280 457 1280 652 1280 650 1281 653 1281 648 1281 653 1282 650 1282 652 1282 650 1283 652 1283 651 1283 457 1284 653 1284 652 1284 653 1285 654 1285 652 1285 654 1286 655 1286 652 1286 652 1287 655 1287 651 1287 654 1288 460 1288 655 1288 655 1289 460 1289 651 1289 653 1290 656 1290 654 1290 656 1291 657 1291 654 1291 657 1292 460 1292 654 1292 656 1293 658 1293 657 1293 658 1294 659 1294 657 1294 657 1295 659 1295 660 1295 661 1296 657 1296 660 1296 661 1297 662 1297 657 1297 663 1298 460 1298 657 1298 657 1299 662 1299 664 1299 665 1300 657 1300 664 1300 665 1301 666 1301 657 1301 657 1302 666 1302 667 1302 663 1303 657 1303 667 1303 668 1304 663 1304 667 1304 457 1305 663 1305 668 1305 460 1306 663 1306 457 1306 668 1307 669 1307 656 1307 668 1308 656 1308 457 1308 669 1309 668 1309 667 1309 656 1310 669 1310 670 1310 669 1311 667 1311 670 1311 671 1312 656 1312 670 1312 671 1313 670 1313 665 1313 670 1314 666 1314 665 1314 667 1315 666 1315 670 1315 672 1316 671 1316 664 1316 671 1317 672 1317 656 1317 671 1318 665 1318 664 1318 673 1319 672 1319 662 1319 656 1320 672 1320 673 1320 672 1321 664 1321 662 1321 674 1322 656 1322 673 1322 674 1323 673 1323 661 1323 673 1324 662 1324 661 1324 674 1325 656 1325 675 1325 674 1326 661 1326 675 1326 658 1327 676 1327 675 1327 656 1328 658 1328 675 1328 676 1329 677 1329 675 1329 677 1330 678 1330 675 1330 678 1331 679 1331 675 1331 679 1332 680 1332 675 1332 681 1333 675 1333 660 1333 661 1334 660 1334 675 1334 682 1335 675 1335 681 1335 680 1336 675 1336 682 1336 683 1337 682 1337 681 1337 684 1338 680 1338 682 1338 684 1339 682 1339 683 1339 685 1340 683 1340 684 1340 686 1341 687 1341 683 1341 688 1342 686 1342 683 1342 683 1343 681 1343 689 1343 685 1344 690 1344 683 1344 683 1345 690 1345 691 1345 683 1346 692 1346 688 1346 693 1347 683 1347 694 1347 694 1348 683 1348 691 1348 693 1349 683 1349 687 1349 689 1350 692 1350 683 1350 695 1351 689 1351 696 1351 692 1352 689 1352 695 1352 689 1353 681 1353 697 1353 698 1354 689 1354 697 1354 696 1355 689 1355 699 1355 699 1356 689 1356 700 1356 700 1357 689 1357 701 1357 701 1358 689 1358 702 1358 702 1359 689 1359 698 1359 702 1360 698 1360 690 1360 698 1361 685 1361 703 1361 698 1362 685 1362 690 1362 704 1363 698 1363 705 1363 698 1364 697 1364 705 1364 704 1365 703 1365 698 1365 703 1366 685 1366 706 1366 703 1367 708 1367 707 1367 704 1368 707 1368 703 1368 703 1369 706 1369 708 1369 706 1370 709 1370 694 1370 706 1371 710 1371 709 1371 685 1372 706 1372 694 1372 685 1373 711 1373 706 1373 711 1374 712 1374 706 1374 712 1375 710 1375 706 1375 708 1376 706 1376 710 1376 713 1377 709 1377 710 1377 714 1378 710 1378 709 1378 713 1379 710 1379 712 1379 708 1380 710 1380 714 1380 715 1381 714 1381 709 1381 714 1382 716 1382 708 1382 714 1383 716 1383 717 1383 718 1384 714 1384 717 1384 718 1385 714 1385 715 1385 718 1386 715 1386 719 1386 720 1387 719 1387 718 1387 721 1388 720 1388 718 1388 721 1389 718 1389 717 1389 722 1390 723 1390 721 1390 723 1391 724 1391 721 1391 721 1392 717 1392 713 1392 721 1393 724 1393 720 1393 722 1394 721 1394 713 1394 723 1395 722 1395 636 1395 725 1396 722 1396 723 1396 715 1397 722 1397 725 1397 715 1398 709 1398 722 1398 722 1399 709 1399 713 1399 722 1400 713 1400 636 1400 726 1401 725 1401 723 1401 715 1402 725 1402 727 1402 725 1403 728 1403 727 1403 725 1404 720 1404 728 1404 720 1405 725 1405 729 1405 729 1406 725 1406 726 1406 730 1407 726 1407 731 1407 732 1408 731 1408 726 1408 732 1409 726 1409 723 1409 729 1410 726 1410 730 1410 733 1411 734 1411 730 1411 730 1412 731 1412 734 1412 733 1413 730 1413 735 1413 736 1414 737 1414 730 1414 735 1415 730 1415 737 1415 730 1416 729 1416 736 1416 729 1417 724 1417 736 1417 732 1418 738 1418 736 1418 732 1419 736 1419 724 1419 736 1420 739 1420 737 1420 738 1421 739 1421 736 1421 740 1422 739 1422 738 1422 740 1423 738 1423 741 1423 636 1424 741 1424 738 1424 732 1425 636 1425 738 1425 742 1426 743 1426 741 1426 636 1427 741 1427 743 1427 742 1428 741 1428 636 1428 741 1429 742 1429 740 1429 744 1430 742 1430 636 1430 744 1431 745 1431 742 1431 744 1432 746 1432 742 1432 746 1433 747 1433 742 1433 742 1434 747 1434 743 1434 742 1435 748 1435 740 1435 745 1436 748 1436 742 1436 744 1437 749 1437 745 1437 749 1438 750 1438 745 1438 745 1439 733 1439 748 1439 745 1440 751 1440 733 1440 752 1441 745 1441 750 1441 751 1442 745 1442 752 1442 753 1443 752 1443 754 1443 752 1444 755 1444 754 1444 753 1445 752 1445 750 1445 752 1446 756 1446 755 1446 752 1447 757 1447 756 1447 751 1448 752 1448 757 1448 734 1449 751 1449 757 1449 757 1450 734 1450 756 1450 758 1451 756 1451 734 1451 755 1452 756 1452 759 1452 758 1453 759 1453 756 1453 746 1454 758 1454 731 1454 760 1455 758 1455 746 1455 734 1456 731 1456 758 1456 760 1457 759 1457 758 1457 760 1458 755 1458 759 1458 744 1459 760 1459 746 1459 760 1460 744 1460 755 1460 754 1461 755 1461 761 1461 761 1462 755 1462 762 1462 755 1463 749 1463 762 1463 744 1464 749 1464 755 1464 635 1465 762 1465 749 1465 635 1466 761 1466 762 1466 635 1467 753 1467 762 1467 749 1468 762 1468 750 1468 762 1469 753 1469 750 1469 635 1470 761 1470 634 1470 754 1471 761 1471 763 1471 763 1472 634 1472 761 1472 639 1473 763 1473 619 1473 763 1474 619 1474 634 1474 754 1475 763 1475 764 1475 763 1476 765 1476 764 1476 639 1477 765 1477 763 1477 764 1478 765 1478 638 1478 638 1479 765 1479 639 1479 764 1480 753 1480 635 1480 764 1481 638 1481 635 1481 753 1482 754 1482 764 1482 733 1483 751 1483 734 1483 635 1484 749 1484 636 1484 749 1485 744 1485 636 1485 748 1486 737 1486 740 1486 748 1487 733 1487 735 1487 748 1488 735 1488 737 1488 746 1489 731 1489 747 1489 731 1490 743 1490 747 1490 732 1491 743 1491 731 1491 732 1492 636 1492 743 1492 737 1493 739 1493 740 1493 636 1494 732 1494 723 1494 723 1495 732 1495 724 1495 720 1496 724 1496 729 1496 728 1497 766 1497 727 1497 767 1498 766 1498 728 1498 768 1499 767 1499 728 1499 720 1500 768 1500 728 1500 769 1501 767 1501 768 1501 770 1502 719 1502 768 1502 770 1503 768 1503 769 1503 768 1504 719 1504 720 1504 769 1505 771 1505 767 1505 772 1506 771 1506 769 1506 772 1507 769 1507 773 1507 769 1508 773 1508 774 1508 770 1509 769 1509 774 1509 775 1510 767 1510 771 1510 771 1511 777 1511 776 1511 771 1512 778 1512 776 1512 775 1513 778 1513 771 1513 772 1514 777 1514 771 1514 778 1515 779 1515 727 1515 778 1516 779 1516 780 1516 780 1517 776 1517 778 1517 781 1518 778 1518 780 1518 778 1519 775 1519 773 1519 782 1520 773 1520 778 1520 775 1521 727 1521 778 1521 782 1522 778 1522 781 1522 782 1523 777 1523 772 1523 782 1524 781 1524 777 1524 782 1525 772 1525 773 1525 781 1526 780 1526 783 1526 777 1527 781 1527 783 1527 783 1528 779 1528 780 1528 784 1529 779 1529 783 1529 785 1530 777 1530 783 1530 784 1531 783 1531 785 1531 786 1532 787 1532 785 1532 785 1533 787 1533 788 1533 784 1534 785 1534 786 1534 785 1535 788 1535 777 1535 789 1536 788 1536 787 1536 779 1537 788 1537 789 1537 777 1538 788 1538 776 1538 779 1539 776 1539 788 1539 790 1540 789 1540 787 1540 779 1541 789 1541 790 1541 789 1542 791 1542 790 1542 789 1543 779 1543 784 1543 789 1544 784 1544 791 1544 784 1545 786 1545 791 1545 786 1546 792 1546 791 1546 791 1547 793 1547 790 1547 792 1548 793 1548 791 1548 793 1549 794 1549 795 1549 796 1550 794 1550 793 1550 793 1551 792 1551 794 1551 790 1552 793 1552 795 1552 796 1553 793 1553 787 1553 793 1554 790 1554 787 1554 796 1555 797 1555 794 1555 798 1556 796 1556 797 1556 798 1557 786 1557 796 1557 786 1558 796 1558 787 1558 799 1559 798 1559 797 1559 798 1560 799 1560 800 1560 798 1561 800 1561 792 1561 786 1562 798 1562 792 1562 799 1563 801 1563 800 1563 801 1564 794 1564 800 1564 794 1565 792 1565 800 1565 801 1566 802 1566 794 1566 801 1567 803 1567 802 1567 804 1568 803 1568 801 1568 801 1569 799 1569 804 1569 805 1570 806 1570 804 1570 804 1571 806 1571 803 1571 807 1572 804 1572 805 1572 799 1573 804 1573 808 1573 807 1574 808 1574 804 1574 809 1575 810 1575 807 1575 811 1576 807 1576 809 1576 812 1577 813 1577 807 1577 812 1578 807 1578 814 1578 813 1579 807 1579 811 1579 810 1580 805 1580 807 1580 802 1581 807 1581 805 1581 794 1582 807 1582 802 1582 807 1583 815 1583 814 1583 807 1584 816 1584 815 1584 807 1585 797 1585 816 1585 816 1586 808 1586 807 1586 794 1587 797 1587 807 1587 813 1588 817 1588 811 1588 818 1589 811 1589 817 1589 811 1590 817 1590 819 1590 809 1591 811 1591 818 1591 811 1592 819 1592 809 1592 819 1593 820 1593 809 1593 817 1594 821 1594 819 1594 821 1595 822 1595 819 1595 819 1596 822 1596 820 1596 809 1597 820 1597 823 1597 823 1598 820 1598 824 1598 820 1599 822 1599 824 1599 810 1600 809 1600 823 1600 823 1601 824 1601 825 1601 806 1602 823 1602 825 1602 810 1603 823 1603 806 1603 826 1604 795 1604 825 1604 795 1605 803 1605 825 1605 826 1606 825 1606 824 1606 806 1607 825 1607 803 1607 809 1608 826 1608 810 1608 809 1609 827 1609 826 1609 795 1610 826 1610 827 1610 827 1611 826 1611 824 1611 826 1612 795 1612 810 1612 809 1613 818 1613 827 1613 827 1614 828 1614 795 1614 827 1615 818 1615 828 1615 827 1616 824 1616 828 1616 828 1617 829 1617 795 1617 829 1618 828 1618 830 1618 829 1619 828 1619 831 1619 828 1620 832 1620 831 1620 824 1621 832 1621 828 1621 828 1622 818 1622 830 1622 686 1623 830 1623 833 1623 834 1624 830 1624 686 1624 834 1625 835 1625 830 1625 818 1626 822 1626 830 1626 833 1627 830 1627 836 1627 836 1628 830 1628 837 1628 837 1629 838 1629 830 1629 838 1630 829 1630 830 1630 822 1631 830 1631 839 1631 835 1632 839 1632 830 1632 835 1633 695 1633 839 1633 834 1634 840 1634 835 1634 840 1635 841 1635 835 1635 835 1636 841 1636 695 1636 840 1637 842 1637 841 1637 842 1638 843 1638 841 1638 695 1639 841 1639 843 1639 842 1640 844 1640 843 1640 845 1641 695 1641 843 1641 844 1642 845 1642 843 1642 844 1643 842 1643 686 1643 844 1644 686 1644 846 1644 844 1645 846 1645 845 1645 686 1646 847 1646 846 1646 847 1647 848 1647 846 1647 846 1648 849 1648 845 1648 848 1649 849 1649 846 1649 692 1650 695 1650 848 1650 695 1651 849 1651 848 1651 847 1652 688 1652 848 1652 688 1653 692 1653 848 1653 845 1654 849 1654 695 1654 688 1655 847 1655 686 1655 686 1656 842 1656 840 1656 834 1657 686 1657 840 1657 831 1658 832 1658 839 1658 831 1659 839 1659 850 1659 851 1660 850 1660 839 1660 695 1661 852 1661 839 1661 839 1662 852 1662 853 1662 851 1663 839 1663 853 1663 832 1664 822 1664 839 1664 837 1665 838 1665 851 1665 837 1666 851 1666 853 1666 838 1667 850 1667 851 1667 853 1668 852 1668 833 1668 836 1669 853 1669 833 1669 836 1670 837 1670 853 1670 833 1671 852 1671 695 1671 838 1672 829 1672 850 1672 829 1673 831 1673 850 1673 838 1674 837 1674 833 1674 829 1675 838 1675 833 1675 837 1676 836 1676 833 1676 829 1677 833 1677 727 1677 833 1678 694 1678 727 1678 833 1679 686 1679 694 1679 686 1680 833 1680 695 1680 824 1681 822 1681 832 1681 795 1682 829 1682 727 1682 854 1683 822 1683 855 1683 854 1684 856 1684 822 1684 855 1685 822 1685 818 1685 856 1686 857 1686 822 1686 857 1687 858 1687 822 1687 858 1688 822 1688 821 1688 812 1689 858 1689 857 1689 813 1690 858 1690 812 1690 813 1691 858 1691 821 1691 812 1692 857 1692 859 1692 859 1693 857 1693 856 1693 860 1694 859 1694 812 1694 855 1695 859 1695 860 1695 860 1696 861 1696 859 1696 818 1697 859 1697 855 1697 861 1698 859 1698 856 1698 818 1699 812 1699 859 1699 862 1700 863 1700 861 1700 861 1701 864 1701 863 1701 862 1702 861 1702 865 1702 854 1703 866 1703 861 1703 861 1704 866 1704 865 1704 854 1705 861 1705 856 1705 860 1706 867 1706 861 1706 867 1707 868 1707 861 1707 868 1708 864 1708 861 1708 864 1709 869 1709 870 1709 869 1710 864 1710 868 1710 864 1711 870 1711 863 1711 867 1712 870 1712 860 1712 867 1713 871 1713 870 1713 869 1714 871 1714 870 1714 870 1715 872 1715 860 1715 870 1716 863 1716 872 1716 872 1717 873 1717 860 1717 863 1718 873 1718 872 1718 873 1719 874 1719 860 1719 862 1720 873 1720 863 1720 862 1721 874 1721 873 1721 874 1722 875 1722 860 1722 865 1723 874 1723 862 1723 865 1724 875 1724 874 1724 866 1725 875 1725 865 1725 866 1726 855 1726 875 1726 875 1727 855 1727 860 1727 867 1728 871 1728 876 1728 876 1729 871 1729 877 1729 877 1730 871 1730 869 1730 869 1731 868 1731 877 1731 878 1732 877 1732 868 1732 877 1733 879 1733 876 1733 877 1734 880 1734 879 1734 880 1735 877 1735 881 1735 881 1736 877 1736 882 1736 882 1737 877 1737 878 1737 883 1738 878 1738 868 1738 884 1739 878 1739 883 1739 882 1740 878 1740 884 1740 885 1741 884 1741 883 1741 885 1742 884 1742 876 1742 882 1743 884 1743 885 1743 876 1744 884 1744 883 1744 886 1745 887 1745 885 1745 887 1746 888 1746 885 1746 889 1747 885 1747 887 1747 885 1748 876 1748 890 1748 885 1749 883 1749 812 1749 812 1750 891 1750 885 1750 885 1751 888 1751 881 1751 882 1752 885 1752 881 1752 885 1753 890 1753 889 1753 891 1754 886 1754 885 1754 886 1755 891 1755 892 1755 892 1756 893 1756 886 1756 894 1757 886 1757 892 1757 895 1758 887 1758 886 1758 895 1759 886 1759 896 1759 893 1760 887 1760 886 1760 894 1761 896 1761 886 1761 897 1762 895 1762 896 1762 897 1763 896 1763 894 1763 898 1764 899 1764 897 1764 899 1765 900 1765 897 1765 898 1766 897 1766 901 1766 897 1767 902 1767 901 1767 897 1768 900 1768 903 1768 897 1769 894 1769 903 1769 897 1770 902 1770 895 1770 900 1771 904 1771 905 1771 906 1772 904 1772 900 1772 899 1773 906 1773 900 1773 900 1774 907 1774 903 1774 900 1775 905 1775 907 1775 907 1776 892 1776 908 1776 907 1777 903 1777 892 1777 907 1778 908 1778 905 1778 908 1779 909 1779 910 1779 911 1780 908 1780 910 1780 892 1781 908 1781 911 1781 891 1782 908 1782 892 1782 905 1783 891 1783 908 1783 908 1784 891 1784 909 1784 912 1785 913 1785 909 1785 913 1786 910 1786 909 1786 912 1787 909 1787 914 1787 909 1788 891 1788 914 1788 912 1789 915 1789 916 1789 912 1790 916 1790 906 1790 912 1791 914 1791 917 1791 912 1792 906 1792 918 1792 912 1793 918 1793 913 1793 915 1794 912 1794 917 1794 919 1795 915 1795 920 1795 915 1796 917 1796 920 1796 921 1797 915 1797 916 1797 919 1798 915 1798 921 1798 921 1799 916 1799 922 1799 921 1800 923 1800 922 1800 919 1801 923 1801 921 1801 919 1802 921 1802 924 1802 921 1803 922 1803 924 1803 916 1804 924 1804 922 1804 922 1805 923 1805 924 1805 916 1806 924 1806 925 1806 926 1807 927 1807 924 1807 928 1808 926 1808 924 1808 929 1809 924 1809 923 1809 929 1810 930 1810 924 1810 931 1811 924 1811 927 1811 931 1812 919 1812 924 1812 924 1813 932 1813 928 1813 924 1814 930 1814 932 1814 924 1815 930 1815 925 1815 932 1816 917 1816 925 1816 925 1817 917 1817 914 1817 904 1818 925 1818 914 1818 916 1819 925 1819 904 1819 932 1820 925 1820 930 1820 933 1821 928 1821 926 1821 917 1822 928 1822 933 1822 926 1823 928 1823 929 1823 928 1824 932 1824 929 1824 917 1825 932 1825 928 1825 933 1826 927 1826 934 1826 814 1827 933 1827 934 1827 917 1828 933 1828 920 1828 814 1829 933 1829 917 1829 933 1830 935 1830 920 1830 933 1831 926 1831 927 1831 933 1832 814 1832 935 1832 936 1833 937 1833 935 1833 936 1834 935 1834 938 1834 935 1835 814 1835 938 1835 937 1836 920 1836 935 1836 814 1837 934 1837 938 1837 934 1838 939 1838 938 1838 940 1839 814 1839 938 1839 936 1840 938 1840 940 1840 939 1841 940 1841 938 1841 941 1842 936 1842 940 1842 942 1843 940 1843 943 1843 940 1844 944 1844 943 1844 939 1845 944 1845 940 1845 942 1846 940 1846 814 1846 941 1847 940 1847 942 1847 945 1848 936 1848 941 1848 946 1849 947 1849 941 1849 941 1850 947 1850 948 1850 941 1851 948 1851 945 1851 946 1852 941 1852 942 1852 949 1853 946 1853 950 1853 946 1854 942 1854 950 1854 951 1855 946 1855 949 1855 946 1856 951 1856 947 1856 951 1857 949 1857 952 1857 947 1858 951 1858 953 1858 953 1859 951 1859 952 1859 947 1860 953 1860 954 1860 953 1861 955 1861 956 1861 955 1862 953 1862 952 1862 953 1863 956 1863 957 1863 953 1864 957 1864 958 1864 954 1865 953 1865 958 1865 954 1866 958 1866 959 1866 959 1867 960 1867 954 1867 954 1868 960 1868 961 1868 948 1869 954 1869 961 1869 947 1870 954 1870 948 1870 958 1871 962 1871 959 1871 959 1872 962 1872 963 1872 959 1873 964 1873 960 1873 959 1874 965 1874 964 1874 963 1875 965 1875 959 1875 586 1876 589 1876 963 1876 586 1877 963 1877 584 1877 963 1878 962 1878 584 1878 589 1879 585 1879 963 1879 585 1880 966 1880 963 1880 963 1881 966 1881 965 1881 966 1882 967 1882 583 1882 965 1883 966 1883 583 1883 585 1884 967 1884 966 1884 968 1885 967 1885 966 1885 966 1886 969 1886 970 1886 966 1887 970 1887 965 1887 968 1888 966 1888 969 1888 971 1889 968 1889 967 1889 971 1890 967 1890 972 1890 973 1891 971 1891 972 1891 972 1892 974 1892 578 1892 583 1893 972 1893 578 1893 581 1894 972 1894 967 1894 575 1895 972 1895 581 1895 583 1896 967 1896 972 1896 575 1897 974 1897 972 1897 973 1898 974 1898 972 1898 574 1899 578 1899 974 1899 574 1900 974 1900 575 1900 975 1901 574 1901 974 1901 975 1902 974 1902 973 1902 574 1903 975 1903 976 1903 574 1904 976 1904 576 1904 576 1905 976 1905 977 1905 576 1906 977 1906 570 1906 570 1907 977 1907 571 1907 965 1908 970 1908 978 1908 965 1909 978 1909 964 1909 964 1910 978 1910 979 1910 964 1911 979 1911 960 1911 979 1912 961 1912 960 1912 979 1913 980 1913 961 1913 961 1914 980 1914 981 1914 982 1915 981 1915 983 1915 961 1916 981 1916 982 1916 982 1917 983 1917 984 1917 984 1918 983 1918 985 1918 985 1919 986 1919 931 1919 984 1920 985 1920 931 1920 986 1921 923 1921 919 1921 987 1922 923 1922 986 1922 931 1923 986 1923 919 1923 988 1924 923 1924 987 1924 988 1925 989 1925 923 1925 929 1926 923 1926 989 1926 929 1927 989 1927 990 1927 990 1928 991 1928 926 1928 929 1929 990 1929 926 1929 991 1930 992 1930 927 1930 991 1931 927 1931 926 1931 992 1932 993 1932 994 1932 992 1933 994 1933 927 1933 993 1934 995 1934 996 1934 993 1935 996 1935 994 1935 996 1936 995 1936 997 1936 996 1937 997 1937 998 1937 998 1938 997 1938 999 1938 999 1939 1000 1939 1001 1939 998 1940 999 1940 1002 1940 999 1941 1001 1941 1002 1941 962 1942 1002 1942 1001 1942 962 1943 998 1943 1002 1943 998 1944 964 1944 1002 1944 1002 1945 964 1945 1001 1945 583 1946 1001 1946 965 1946 1000 1947 583 1947 1001 1947 962 1948 1001 1948 583 1948 964 1949 965 1949 1001 1949 1000 1950 1003 1950 583 1950 1004 1951 583 1951 1003 1951 578 1952 1004 1952 1005 1952 1004 1953 578 1953 583 1953 578 1954 1005 1954 579 1954 579 1955 1005 1955 1006 1955 579 1956 1006 1956 580 1956 580 1957 1006 1957 1007 1957 564 1958 565 1958 1007 1958 580 1959 1007 1959 565 1959 996 1960 964 1960 998 1960 962 1961 996 1961 998 1961 994 1962 996 1962 958 1962 994 1963 996 1963 961 1963 964 1964 996 1964 960 1964 960 1965 996 1965 961 1965 962 1966 958 1966 996 1966 994 1967 931 1967 927 1967 927 1968 994 1968 934 1968 961 1969 982 1969 994 1969 982 1970 984 1970 994 1970 984 1971 931 1971 994 1971 934 1972 994 1972 939 1972 939 1973 994 1973 958 1973 982 1974 984 1974 1008 1974 1008 1975 984 1975 931 1975 945 1976 1008 1976 936 1976 982 1977 1008 1977 945 1977 936 1978 1008 1978 937 1978 937 1979 1008 1979 920 1979 920 1980 1008 1980 931 1980 945 1981 948 1981 982 1981 982 1982 948 1982 961 1982 581 1983 967 1983 585 1983 962 1984 583 1984 584 1984 958 1985 957 1985 943 1985 958 1986 943 1986 944 1986 939 1987 958 1987 944 1987 1009 1988 943 1988 957 1988 1009 1989 957 1989 1010 1989 957 1990 1011 1990 1010 1990 957 1991 1012 1991 1011 1991 1013 1992 1012 1992 957 1992 1013 1993 957 1993 956 1993 1013 1994 1014 1994 1012 1994 1015 1995 1013 1995 956 1995 1016 1996 1013 1996 1015 1996 1016 1997 1014 1997 1013 1997 1016 1998 1015 1998 1017 1998 1016 1999 1017 1999 1018 1999 1019 2000 1014 2000 1016 2000 1016 2001 1020 2001 1019 2001 1021 2002 1016 2002 1018 2002 1021 2003 1020 2003 1016 2003 1021 2004 1022 2004 1020 2004 1020 2005 1022 2005 1023 2005 1020 2006 1023 2006 1024 2006 1020 2007 1024 2007 1019 2007 1025 2008 815 2008 1024 2008 1019 2009 1024 2009 1025 2009 815 2010 1026 2010 1024 2010 1023 2011 1026 2011 1024 2011 1027 2012 1026 2012 815 2012 1027 2013 1028 2013 1026 2013 1026 2014 1029 2014 1028 2014 1029 2015 1026 2015 1023 2015 799 2016 1029 2016 797 2016 816 2017 797 2017 1029 2017 1028 2018 816 2018 1029 2018 1030 2019 1029 2019 1023 2019 1030 2020 799 2020 1029 2020 1031 2021 1030 2021 1023 2021 1030 2022 808 2022 799 2022 1031 2023 808 2023 1030 2023 1031 2024 1023 2024 1032 2024 1032 2025 1027 2025 1031 2025 1027 2026 1028 2026 1031 2026 808 2027 1031 2027 1028 2027 1023 2028 1022 2028 1032 2028 1032 2029 1022 2029 1027 2029 1028 2030 1027 2030 815 2030 816 2031 1028 2031 815 2031 816 2032 1028 2032 808 2032 1022 2033 815 2033 1027 2033 815 2034 1025 2034 1033 2034 1033 2035 1019 2035 1025 2035 1018 2036 1033 2036 1025 2036 1021 2037 1018 2037 1025 2037 1021 2038 1025 2038 815 2038 1033 2039 1034 2039 815 2039 1018 2040 1017 2040 1033 2040 1017 2041 1034 2041 1033 2041 1033 2042 1034 2042 1019 2042 1034 2043 950 2043 815 2043 950 2044 1034 2044 1017 2044 1011 2045 1034 2045 950 2045 1035 2046 1019 2046 1034 2046 1011 2047 1035 2047 1034 2047 1011 2048 1012 2048 1035 2048 1035 2049 1012 2049 1036 2049 1035 2050 1036 2050 1019 2050 1014 2051 1036 2051 1012 2051 1019 2052 1036 2052 1014 2052 1022 2053 1021 2053 815 2053 949 2054 950 2054 1017 2054 1015 2055 949 2055 1017 2055 1015 2056 952 2056 949 2056 1015 2057 955 2057 952 2057 955 2058 1015 2058 956 2058 1010 2059 1011 2059 950 2059 1009 2060 1010 2060 950 2060 1009 2061 950 2061 942 2061 942 2062 943 2062 1009 2062 815 2063 950 2063 814 2063 950 2064 942 2064 814 2064 931 2065 919 2065 920 2065 929 2066 932 2066 930 2066 914 2067 917 2067 891 2067 891 2068 917 2068 814 2068 910 2069 918 2069 1037 2069 918 2070 899 2070 1037 2070 918 2071 906 2071 899 2071 910 2072 913 2072 918 2072 911 2073 1037 2073 1038 2073 1038 2074 1037 2074 899 2074 911 2075 910 2075 1037 2075 1038 2076 899 2076 898 2076 911 2077 1038 2077 1039 2077 1038 2078 898 2078 1039 2078 893 2079 1039 2079 1040 2079 1040 2080 1039 2080 898 2080 893 2081 911 2081 1039 2081 898 2082 1041 2082 1040 2082 893 2083 1040 2083 1041 2083 898 2084 901 2084 1041 2084 1042 2085 1041 2085 901 2085 888 2086 893 2086 1041 2086 888 2087 1041 2087 1042 2087 1042 2088 901 2088 1043 2088 888 2089 1042 2089 1043 2089 901 2090 880 2090 1043 2090 888 2091 1043 2091 881 2091 880 2092 881 2092 1043 2092 906 2093 916 2093 904 2093 914 2094 891 2094 905 2094 914 2095 905 2095 904 2095 892 2096 911 2096 893 2096 902 2097 1044 2097 895 2097 879 2098 901 2098 902 2098 879 2099 902 2099 890 2099 889 2100 1044 2100 902 2100 889 2101 890 2101 902 2101 889 2102 887 2102 1044 2102 895 2103 1044 2103 887 2103 894 2104 892 2104 903 2104 880 2105 901 2105 879 2105 888 2106 887 2106 893 2106 814 2107 891 2107 812 2107 876 2108 879 2108 890 2108 883 2109 812 2109 867 2109 867 2110 876 2110 883 2110 867 2111 883 2111 868 2111 867 2112 860 2112 812 2112 854 2113 855 2113 866 2113 817 2114 813 2114 821 2114 813 2115 812 2115 818 2115 813 2116 818 2116 817 2116 795 2117 805 2117 810 2117 805 2118 810 2118 806 2118 802 2119 805 2119 795 2119 794 2120 802 2120 795 2120 802 2121 803 2121 795 2121 790 2122 795 2122 727 2122 779 2123 790 2123 727 2123 780 2124 776 2124 779 2124 775 2125 767 2125 1045 2125 1045 2126 727 2126 775 2126 773 2127 775 2127 1045 2127 767 2128 1045 2128 766 2128 727 2129 766 2129 1045 2129 774 2130 773 2130 1045 2130 774 2131 766 2131 1045 2131 770 2132 766 2132 774 2132 719 2133 727 2133 770 2133 770 2134 727 2134 766 2134 709 2135 727 2135 694 2135 709 2136 715 2136 727 2136 719 2137 715 2137 727 2137 713 2138 717 2138 716 2138 712 2139 713 2139 716 2139 712 2140 707 2140 716 2140 708 2141 716 2141 707 2141 713 2142 712 2142 636 2142 711 2143 712 2143 707 2143 712 2144 711 2144 636 2144 685 2145 684 2145 711 2145 1046 2146 636 2146 711 2146 684 2147 711 2147 1046 2147 684 2148 711 2148 704 2148 711 2149 707 2149 704 2149 677 2150 1046 2150 678 2150 1046 2151 678 2151 679 2151 1046 2152 677 2152 653 2152 636 2153 1046 2153 653 2153 679 2154 1046 2154 680 2154 679 2155 1046 2155 1047 2155 1046 2156 684 2156 680 2156 1046 2157 684 2157 1047 2157 679 2158 1047 2158 1048 2158 1047 2159 1049 2159 1048 2159 704 2160 1047 2160 684 2160 704 2161 1049 2161 1047 2161 1050 2162 1048 2162 1049 2162 704 2163 1050 2163 1049 2163 704 2164 705 2164 1050 2164 1050 2165 705 2165 660 2165 1050 2166 660 2166 1048 2166 1048 2167 1051 2167 678 2167 660 2168 1051 2168 1048 2168 679 2169 1048 2169 678 2169 678 2170 1051 2170 677 2170 1052 2171 1051 2171 660 2171 677 2172 1051 2172 1052 2172 1053 2173 677 2173 1052 2173 1052 2174 660 2174 1053 2174 1053 2175 659 2175 676 2175 660 2176 659 2176 1053 2176 1053 2177 676 2177 677 2177 705 2178 697 2178 660 2178 702 2179 690 2179 701 2179 690 2180 691 2180 701 2180 700 2181 701 2181 691 2181 694 2182 693 2182 700 2182 694 2183 700 2183 691 2183 693 2184 699 2184 700 2184 693 2185 687 2185 699 2185 687 2186 696 2186 699 2186 686 2187 695 2187 696 2187 687 2188 686 2188 696 2188 681 2189 660 2189 697 2189 686 2190 687 2190 694 2190 687 2191 693 2191 694 2191 694 2192 691 2192 690 2192 690 2193 685 2193 694 2193 656 2194 653 2194 677 2194 658 2195 656 2195 677 2195 677 2196 676 2196 658 2196 676 2197 659 2197 658 2197 656 2198 653 2198 457 2198 648 2199 637 2199 653 2199 653 2200 637 2200 636 2200 457 2201 637 2201 648 2201 639 2202 619 2202 621 2202 635 2203 634 2203 638 2203 619 2204 617 2204 634 2204 629 2205 632 2205 508 2205 630 2206 632 2206 627 2206 629 2207 630 2207 632 2207 630 2208 627 2208 625 2208 614 2209 621 2209 622 2209 611 2210 620 2210 612 2210 507 2211 611 2211 620 2211 616 2212 621 2212 614 2212 507 2213 615 2213 508 2213 603 2214 612 2214 604 2214 603 2215 611 2215 612 2215 606 2216 603 2216 611 2216 601 2217 602 2217 599 2217 602 2218 506 2218 599 2218 593 2219 591 2219 601 2219 601 2220 599 2220 591 2220 591 2221 599 2221 506 2221 511 2222 587 2222 506 2222 576 2223 580 2223 574 2223 579 2224 574 2224 580 2224 580 2225 570 2225 565 2225 570 2226 580 2226 576 2226 578 2227 574 2227 579 2227 524 2228 566 2228 569 2228 524 2229 527 2229 569 2229 522 2230 524 2230 566 2230 522 2231 512 2231 513 2231 493 2232 519 2232 518 2232 499 2233 493 2233 518 2233 509 2234 461 2234 462 2234 1054 2235 509 2235 462 2235 1055 2236 468 2236 509 2236 458 2237 509 2237 1054 2237 509 2238 1054 2238 1055 2238 458 2239 1054 2239 1055 2239 1054 2240 462 2240 1055 2240 458 2241 1055 2241 468 2241 468 2242 1055 2242 464 2242 462 2243 463 2243 1055 2243 1055 2244 463 2244 464 2244 489 2245 496 2245 501 2245 498 2246 501 2246 496 2246 501 2247 502 2247 486 2247 486 2248 489 2248 501 2248 504 2249 505 2249 474 2249 503 2250 504 2250 474 2250 502 2251 503 2251 474 2251 486 2252 502 2252 474 2252 499 2253 498 2253 493 2253 499 2254 498 2254 496 2254 485 2255 486 2255 489 2255 468 2256 464 2256 485 2256 485 2257 464 2257 480 2257 480 2258 464 2258 473 2258 474 2259 473 2259 480 2259 458 2260 468 2260 465 2260 312 2261 308 2261 328 2261 125 2262 126 2262 323 2262 302 2263 293 2263 291 2263 291 2264 293 2264 292 2264 286 2265 295 2265 294 2265 1056 2266 1057 2266 288 2266 1056 2267 288 2267 1058 2267 288 2268 1057 2268 47 2268 48 2269 288 2269 47 2269 1058 2270 288 2270 39 2270 39 2271 288 2271 38 2271 1059 2272 1056 2272 1058 2272 1060 2273 1059 2273 1058 2273 20 2274 1058 2274 21 2274 26 2275 1058 2275 20 2275 21 2276 1058 2276 39 2276 26 2277 1060 2277 1058 2277 23 2278 1060 2278 26 2278 36 2279 1060 2279 23 2279 36 2280 1059 2280 1060 2280 24 2281 1056 2281 1059 2281 24 2282 1059 2282 36 2282 1057 2283 24 2283 43 2283 1056 2284 24 2284 1057 2284 1057 2285 43 2285 47 2285 196 2286 169 2286 167 2286 165 2287 196 2287 167 2287 196 2288 198 2288 169 2288 192 2289 198 2289 197 2289 191 2290 198 2290 192 2290 169 2291 198 2291 191 2291 178 2292 173 2292 191 2292 173 2293 169 2293 191 2293 163 2294 172 2294 161 2294 156 2295 171 2295 157 2295 167 2296 169 2296 168 2296 131 2297 139 2297 153 2297 139 2298 140 2298 144 2298 134 2299 143 2299 135 2299 134 2300 133 2300 129 2300 134 2301 129 2301 125 2301 130 2302 122 2302 127 2302 107 2303 109 2303 110 2303 96 2304 91 2304 93 2304 86 2305 79 2305 76 2305 86 2306 83 2306 79 2306 75 2307 78 2307 80 2307 75 2308 74 2308 78 2308 55 2309 67 2309 65 2309 56 2310 67 2310 55 2310 65 2311 64 2311 55 2311 53 2312 59 2312 58 2312 53 2313 38 2313 59 2313 46 2314 55 2314 24 2314 52 2315 1061 2315 38 2315 53 2316 52 2316 38 2316 52 2317 54 2317 1061 2317 37 2318 38 2318 1061 2318 49 2319 37 2319 1061 2319 1061 2320 54 2320 49 2320 49 2321 45 2321 37 2321 21 2322 39 2322 1062 2322 29 2323 1062 2323 39 2323 30 2324 29 2324 39 2324 30 2325 39 2325 33 2325 10 2326 21 2326 1062 2326 27 2327 1062 2327 29 2327 27 2328 10 2328 1062 2328 23 2329 36 2329 24 2329 30 2330 33 2330 31 2330 16 2331 10 2331 27 2331 2 2332 12 2332 14 2332 3 2333 10 2333 7 2333 1 2334 2 2334 3 2334 2 2335 1 2335 0 2335 1 2336 1063 2336 0 2336 5 2337 0 2337 1063 2337 0 2338 5 2338 220 2338 0 2339 220 2339 212 2339 0 2340 212 2340 23 2340 2 2341 0 2341 23 2341 1 2342 1064 2342 1063 2342 1063 2343 1064 2343 1065 2343 1066 2344 1063 2344 1065 2344 5 2345 1063 2345 1066 2345 1067 2346 1068 2346 1065 2346 1065 2347 1069 2347 1067 2347 1070 2348 1065 2348 1071 2348 1070 2349 1066 2349 1065 2349 1065 2350 1072 2350 1071 2350 2 2351 1069 2351 1065 2351 1068 2352 1072 2352 1065 2352 2 2353 1065 2353 1064 2353 17 2354 1072 2354 1068 2354 17 2355 1068 2355 18 2355 18 2356 1068 2356 1067 2356 17 2357 18 2357 14 2357 18 2358 1067 2358 14 2358 14 2359 1067 2359 1069 2359 14 2360 1069 2360 12 2360 22 2361 17 2361 14 2361 23 2362 22 2362 14 2362 14 2363 2 2363 23 2363 14 2364 12 2364 2 2364 2 2365 12 2365 1069 2365 17 2366 22 2366 1073 2366 22 2367 1074 2367 1073 2367 22 2368 23 2368 1074 2368 1073 2369 1074 2369 1075 2369 1074 2370 1076 2370 1075 2370 23 2371 1076 2371 1074 2371 24 2372 1075 2372 1076 2372 24 2373 1077 2373 1075 2373 1072 2374 1073 2374 1075 2374 1075 2375 1077 2375 1078 2375 1072 2376 1075 2376 1071 2376 1078 2377 1079 2377 1075 2377 1079 2378 1071 2378 1075 2378 55 2379 1071 2379 1079 2379 55 2380 1079 2380 46 2380 46 2381 1079 2381 1078 2381 46 2382 44 2382 65 2382 55 2383 46 2383 65 2383 46 2384 1078 2384 44 2384 44 2385 24 2385 65 2385 44 2386 43 2386 24 2386 43 2387 44 2387 1078 2387 24 2388 43 2388 1077 2388 43 2389 1078 2389 1077 2389 195 2390 64 2390 65 2390 64 2391 1080 2391 65 2391 67 2392 65 2392 1080 2392 65 2393 67 2393 55 2393 24 2394 23 2394 65 2394 212 2395 65 2395 23 2395 194 2396 195 2396 65 2396 199 2397 194 2397 65 2397 200 2398 199 2398 65 2398 212 2399 200 2399 65 2399 64 2400 195 2400 1081 2400 195 2401 1082 2401 1081 2401 195 2402 194 2402 1082 2402 1082 2403 1083 2403 1084 2403 194 2404 1083 2404 1082 2404 1081 2405 1082 2405 1084 2405 200 2406 1084 2406 1085 2406 200 2407 1086 2407 1084 2407 1084 2408 1087 2408 1070 2408 1071 2409 1084 2409 1070 2409 1088 2410 1089 2410 1084 2410 1084 2411 1086 2411 1088 2411 1071 2412 1081 2412 1084 2412 1089 2413 1087 2413 1084 2413 1083 2414 1085 2414 1084 2414 200 2415 1085 2415 280 2415 280 2416 1085 2416 1083 2416 200 2417 280 2417 199 2417 280 2418 1083 2418 199 2418 1087 2419 1090 2419 1070 2419 217 2420 1087 2420 1089 2420 219 2421 1087 2421 217 2421 219 2422 1090 2422 1087 2422 219 2423 224 2423 1091 2423 224 2424 219 2424 217 2424 219 2425 1091 2425 1090 2425 1091 2426 1092 2426 1070 2426 1090 2427 1091 2427 1070 2427 227 2428 1092 2428 1091 2428 227 2429 1091 2429 224 2429 220 2430 224 2430 227 2430 220 2431 1092 2431 227 2431 220 2432 1070 2432 1092 2432 220 2433 224 2433 212 2433 217 2434 216 2434 224 2434 216 2435 212 2435 224 2435 217 2436 1089 2436 216 2436 216 2437 1088 2437 212 2437 216 2438 1089 2438 1088 2438 200 2439 211 2439 1086 2439 211 2440 1088 2440 1086 2440 212 2441 211 2441 200 2441 211 2442 212 2442 1088 2442 194 2443 199 2443 1083 2443 64 2444 1081 2444 1093 2444 1093 2445 1081 2445 1071 2445 64 2446 1093 2446 1080 2446 1080 2447 1093 2447 1071 2447 1071 2448 1094 2448 1080 2448 67 2449 1080 2449 1094 2449 55 2450 67 2450 1094 2450 55 2451 1094 2451 1071 2451 24 2452 1076 2452 36 2452 24 2453 36 2453 23 2453 23 2454 36 2454 1076 2454 17 2455 1073 2455 1072 2455 220 2456 1066 2456 1070 2456 220 2457 5 2457 1066 2457 2 2458 1064 2458 1 2458 637 2459 640 2459 1095 2459 640 2460 1096 2460 1095 2460 640 2461 632 2461 1096 2461 632 2462 640 2462 631 2462 640 2463 637 2463 631 2463 633 2464 614 2464 631 2464 614 2465 1097 2465 631 2465 633 2466 631 2466 637 2466 630 2467 631 2467 1097 2467 631 2468 632 2468 630 2468 632 2469 630 2469 1098 2469 630 2470 1097 2470 1098 2470 1096 2471 1098 2471 1097 2471 632 2472 1098 2472 1096 2472 614 2473 1099 2473 1097 2473 1097 2474 1100 2474 1099 2474 1096 2475 1097 2475 1100 2475 1095 2476 1096 2476 1100 2476 614 2477 1100 2477 633 2477 614 2478 1099 2478 1100 2478 638 2479 1100 2479 1101 2479 1100 2480 1101 2480 1102 2480 1100 2481 1102 2481 1103 2481 1104 2482 1100 2482 1103 2482 638 2483 633 2483 1100 2483 1104 2484 1095 2484 1100 2484 635 2485 638 2485 633 2485 638 2486 1101 2486 1102 2486 638 2487 1102 2487 635 2487 635 2488 762 2488 1105 2488 762 2489 635 2489 633 2489 635 2490 1105 2490 1102 2490 749 2491 1105 2491 762 2491 749 2492 1106 2492 1105 2492 1102 2493 1105 2493 1106 2493 749 2494 762 2494 633 2494 636 2495 749 2495 633 2495 749 2496 744 2496 1107 2496 744 2497 636 2497 749 2497 749 2498 1107 2498 1106 2498 1106 2499 1107 2499 1103 2499 742 2500 1108 2500 1107 2500 742 2501 1107 2501 744 2501 1107 2502 1108 2502 1103 2502 741 2503 1109 2503 1108 2503 1108 2504 1109 2504 1103 2504 741 2505 1108 2505 742 2505 636 2506 742 2506 741 2506 636 2507 1109 2507 741 2507 636 2508 1103 2508 1109 2508 742 2509 744 2509 636 2509 1046 2510 637 2510 636 2510 636 2511 1046 2511 722 2511 732 2512 1103 2512 636 2512 722 2513 723 2513 636 2513 723 2514 636 2514 732 2514 637 2515 636 2515 633 2515 732 2516 723 2516 1110 2516 722 2517 1110 2517 723 2517 722 2518 1111 2518 1110 2518 1110 2519 1111 2519 1103 2519 1103 2520 1112 2520 1110 2520 732 2521 1110 2521 1112 2521 732 2522 1112 2522 1103 2522 713 2523 1111 2523 722 2523 713 2524 1113 2524 1111 2524 1111 2525 1113 2525 1103 2525 712 2526 1114 2526 1113 2526 712 2527 1113 2527 713 2527 1113 2528 1114 2528 1103 2528 712 2529 1115 2529 1114 2529 1114 2530 1115 2530 1103 2530 712 2531 711 2531 1115 2531 684 2532 1115 2532 711 2532 1116 2533 1103 2533 1115 2533 1117 2534 1116 2534 1115 2534 684 2535 1117 2535 1115 2535 684 2536 1046 2536 1116 2536 684 2537 1116 2537 1117 2537 1046 2538 711 2538 684 2538 1116 2539 1118 2539 1119 2539 1118 2540 1116 2540 1120 2540 1103 2541 1116 2541 1119 2541 679 2542 1121 2542 1116 2542 1116 2543 1121 2543 1120 2543 679 2544 1116 2544 1046 2544 679 2545 678 2545 1120 2545 678 2546 1046 2546 679 2546 679 2547 1120 2547 1121 2547 677 2548 678 2548 1046 2548 677 2549 1120 2549 678 2549 677 2550 653 2550 1046 2550 653 2551 677 2551 656 2551 677 2552 1118 2552 1120 2552 676 2553 1118 2553 677 2553 656 2554 677 2554 658 2554 658 2555 677 2555 676 2555 676 2556 658 2556 1122 2556 676 2557 1123 2557 1118 2557 676 2558 1122 2558 1123 2558 1118 2559 1123 2559 1122 2559 1122 2560 1124 2560 1118 2560 656 2561 1124 2561 1122 2561 656 2562 1122 2562 658 2562 1124 2563 1119 2563 1118 2563 653 2564 1119 2564 1124 2564 653 2565 1124 2565 656 2565 650 2566 652 2566 653 2566 652 2567 1119 2567 653 2567 648 2568 653 2568 650 2568 637 2569 648 2569 653 2569 637 2570 1046 2570 653 2570 648 2571 1125 2571 650 2571 648 2572 637 2572 1104 2572 648 2573 1126 2573 1125 2573 648 2574 1104 2574 1126 2574 1125 2575 1126 2575 1119 2575 1126 2576 1104 2576 1119 2576 652 2577 650 2577 1125 2577 652 2578 1125 2578 1127 2578 1119 2579 1127 2579 1125 2579 652 2580 1127 2580 1119 2580 1119 2581 1104 2581 1103 2581 711 2582 712 2582 1046 2582 712 2583 722 2583 713 2583 722 2584 1046 2584 712 2584 1102 2585 1106 2585 1103 2585 637 2586 1095 2586 1104 2586 358 2587 284 2587 1128 2587 284 2588 363 2588 358 2588 358 2589 362 2589 363 2589 358 2590 362 2590 1129 2590 358 2591 1129 2591 1130 2591 358 2592 1128 2592 1130 2592 1131 2593 1130 2593 1129 2593 362 2594 1131 2594 1129 2594 363 2595 1132 2595 1131 2595 1133 2596 1131 2596 1132 2596 1131 2597 1134 2597 1135 2597 1135 2598 1131 2598 1136 2598 1134 2599 1131 2599 1137 2599 1138 2600 1137 2600 1131 2600 1139 2601 1138 2601 1131 2601 1140 2602 1139 2602 1131 2602 1136 2603 1131 2603 1133 2603 1141 2604 1140 2604 1131 2604 362 2605 363 2605 1131 2605 1130 2606 1128 2606 1131 2606 1128 2607 1141 2607 1131 2607 286 2608 1141 2608 1128 2608 295 2609 1141 2609 286 2609 295 2610 1142 2610 1141 2610 1141 2611 1142 2611 1140 2611 295 2612 286 2612 284 2612 294 2613 295 2613 284 2613 294 2614 1142 2614 295 2614 294 2615 1140 2615 1142 2615 294 2616 289 2616 1143 2616 294 2617 1143 2617 1140 2617 289 2618 294 2618 284 2618 284 2619 363 2619 289 2619 363 2620 391 2620 289 2620 289 2621 391 2621 431 2621 434 2622 1143 2622 289 2622 431 2623 429 2623 289 2623 434 2624 289 2624 429 2624 430 2625 429 2625 431 2625 436 2626 429 2626 1144 2626 429 2627 436 2627 437 2627 437 2628 434 2628 429 2628 430 2629 1144 2629 429 2629 430 2630 427 2630 1145 2630 427 2631 431 2631 430 2631 430 2632 1138 2632 1144 2632 430 2633 1145 2633 1138 2633 1138 2634 1145 2634 1146 2634 427 2635 1146 2635 1145 2635 1146 2636 1147 2636 1138 2636 433 2637 1147 2637 1146 2637 427 2638 433 2638 1146 2638 431 2639 433 2639 427 2639 433 2640 431 2640 1147 2640 1147 2641 1137 2641 1138 2641 432 2642 1137 2642 1147 2642 432 2643 1147 2643 431 2643 432 2644 431 2644 415 2644 435 2645 432 2645 415 2645 435 2646 1137 2646 432 2646 435 2647 1148 2647 1137 2647 435 2648 1149 2648 1148 2648 435 2649 418 2649 1149 2649 415 2650 418 2650 435 2650 418 2651 1150 2651 1149 2651 1137 2652 1148 2652 1149 2652 1149 2653 1150 2653 1137 2653 414 2654 1151 2654 1150 2654 414 2655 1150 2655 415 2655 418 2656 415 2656 1150 2656 1150 2657 1151 2657 1137 2657 414 2658 1152 2658 1151 2658 1151 2659 1152 2659 1153 2659 1151 2660 1134 2660 1137 2660 1153 2661 1134 2661 1151 2661 403 2662 1154 2662 1153 2662 403 2663 1153 2663 407 2663 1154 2664 1134 2664 1153 2664 407 2665 1153 2665 1152 2665 391 2666 403 2666 407 2666 407 2667 411 2667 391 2667 407 2668 1152 2668 411 2668 414 2669 411 2669 1152 2669 411 2670 414 2670 415 2670 411 2671 415 2671 391 2671 403 2672 1134 2672 1154 2672 403 2673 391 2673 1134 2673 415 2674 431 2674 391 2674 1144 2675 1138 2675 1139 2675 1155 2676 1144 2676 1139 2676 436 2677 1144 2677 1155 2677 1139 2678 1156 2678 1155 2678 437 2679 1156 2679 1155 2679 437 2680 1155 2680 436 2680 434 2681 1156 2681 1139 2681 434 2682 1156 2682 437 2682 434 2683 1139 2683 1143 2683 391 2684 393 2684 1157 2684 392 2685 391 2685 393 2685 391 2686 384 2686 363 2686 391 2687 1157 2687 1134 2687 392 2688 384 2688 391 2688 384 2689 392 2689 387 2689 387 2690 392 2690 389 2690 389 2691 392 2691 1158 2691 392 2692 1157 2692 393 2692 392 2693 1157 2693 1158 2693 1157 2694 1159 2694 1158 2694 389 2695 1158 2695 1159 2695 1135 2696 1134 2696 1159 2696 1159 2697 1160 2697 1135 2697 389 2698 1160 2698 1159 2698 1134 2699 1159 2699 1157 2699 385 2700 1135 2700 1160 2700 385 2701 1160 2701 387 2701 389 2702 387 2702 1160 2702 384 2703 1135 2703 385 2703 384 2704 387 2704 385 2704 384 2705 371 2705 363 2705 371 2706 384 2706 377 2706 384 2707 377 2707 1136 2707 384 2708 1136 2708 1161 2708 384 2709 1161 2709 1135 2709 1161 2710 1135 2710 1136 2710 377 2711 371 2711 1133 2711 377 2712 1133 2712 1136 2712 363 2713 370 2713 371 2713 370 2714 1133 2714 371 2714 363 2715 1132 2715 370 2715 370 2716 1132 2716 1133 2716 1140 2717 1143 2717 1139 2717 286 2718 1128 2718 284 2718 814 2719 938 2719 940 2719 938 2720 1162 2720 940 2720 814 2721 1163 2721 938 2721 938 2722 1163 2722 1162 2722 814 2723 1164 2723 1163 2723 1162 2724 1163 2724 1164 2724 1165 2725 1166 2725 1164 2725 1166 2726 1167 2726 1164 2726 1168 2727 1164 2727 1169 2727 1164 2728 1170 2728 1169 2728 933 2729 1164 2729 814 2729 1164 2730 1168 2730 1171 2730 933 2731 1170 2731 1164 2731 1172 2732 1165 2732 1164 2732 1171 2733 1172 2733 1164 2733 1167 2734 1162 2734 1164 2734 940 2735 1162 2735 1167 2735 940 2736 1167 2736 942 2736 942 2737 1167 2737 1166 2737 942 2738 814 2738 940 2738 942 2739 1025 2739 950 2739 942 2740 1166 2740 950 2740 814 2741 1025 2741 942 2741 1034 2742 1025 2742 1033 2742 950 2743 1025 2743 1034 2743 1033 2744 1025 2744 1173 2744 1025 2745 809 2745 1027 2745 814 2746 809 2746 1025 2746 1025 2747 1027 2747 815 2747 1025 2748 1165 2748 815 2748 1025 2749 1173 2749 1165 2749 1033 2750 1173 2750 1174 2750 1165 2751 1173 2751 1174 2751 1034 2752 1175 2752 1174 2752 1034 2753 1033 2753 1174 2753 1174 2754 1175 2754 1165 2754 950 2755 1175 2755 1034 2755 950 2756 1166 2756 1175 2756 1175 2757 1166 2757 1165 2757 1027 2758 816 2758 1028 2758 1027 2759 1176 2759 1028 2759 1027 2760 809 2760 816 2760 1027 2761 1177 2761 1176 2761 815 2762 1177 2762 1027 2762 1172 2763 1178 2763 1176 2763 816 2764 1178 2764 1176 2764 816 2765 1028 2765 1176 2765 1176 2766 1177 2766 1172 2766 816 2767 1172 2767 1178 2767 815 2768 1165 2768 1177 2768 1177 2769 1165 2769 1172 2769 816 2770 809 2770 807 2770 816 2771 807 2771 1172 2771 805 2772 1172 2772 807 2772 807 2773 805 2773 809 2773 805 2774 810 2774 809 2774 805 2775 810 2775 1179 2775 805 2776 1179 2776 1180 2776 805 2777 1180 2777 1172 2777 809 2778 1179 2778 810 2778 809 2779 1181 2779 1179 2779 1179 2780 1172 2780 1180 2780 1181 2781 1172 2781 1179 2781 811 2782 1181 2782 809 2782 811 2783 1181 2783 1182 2783 1182 2784 1181 2784 1172 2784 817 2785 811 2785 1182 2785 1183 2786 1182 2786 1172 2786 1183 2787 1184 2787 1182 2787 817 2788 1182 2788 1184 2788 813 2789 1184 2789 817 2789 811 2790 817 2790 813 2790 813 2791 867 2791 859 2791 813 2792 859 2792 812 2792 812 2793 1183 2793 813 2793 813 2794 891 2794 867 2794 809 2795 813 2795 811 2795 809 2796 891 2796 813 2796 813 2797 1183 2797 1184 2797 884 2798 891 2798 887 2798 867 2799 891 2799 884 2799 892 2800 908 2800 891 2800 886 2801 892 2801 891 2801 891 2802 809 2802 814 2802 887 2803 886 2803 891 2803 814 2804 914 2804 891 2804 891 2805 1185 2805 914 2805 891 2806 1168 2806 1185 2806 908 2807 891 2807 1168 2807 908 2808 892 2808 1186 2808 908 2809 1187 2809 1186 2809 908 2810 1168 2810 1187 2810 1168 2811 1186 2811 1187 2811 892 2812 1188 2812 1186 2812 1188 2813 1168 2813 1186 2813 892 2814 1188 2814 886 2814 886 2815 1188 2815 1189 2815 1168 2816 1188 2816 1190 2816 1188 2817 1189 2817 1190 2817 886 2818 1189 2818 887 2818 887 2819 1190 2819 1189 2819 1171 2820 1168 2820 1190 2820 884 2821 1191 2821 1190 2821 884 2822 1190 2822 885 2822 1190 2823 1191 2823 1192 2823 1190 2824 1192 2824 1171 2824 887 2825 885 2825 1190 2825 884 2826 887 2826 885 2826 884 2827 883 2827 1192 2827 884 2828 1192 2828 1191 2828 883 2829 1193 2829 1192 2829 1192 2830 1193 2830 1171 2830 883 2831 867 2831 1193 2831 1193 2832 1194 2832 1171 2832 867 2833 1194 2833 1193 2833 867 2834 1194 2834 860 2834 1194 2835 1195 2835 1171 2835 860 2836 1194 2836 1195 2836 859 2837 867 2837 860 2837 860 2838 1195 2838 859 2838 859 2839 1171 2839 1195 2839 867 2840 884 2840 883 2840 1185 2841 1168 2841 1169 2841 917 2842 1185 2842 1169 2842 917 2843 914 2843 1185 2843 933 2844 917 2844 1169 2844 917 2845 933 2845 814 2845 914 2846 814 2846 917 2846 859 2847 812 2847 1171 2847 812 2848 1183 2848 1171 2848 1171 2849 1183 2849 1172 2849 933 2850 1169 2850 1170 2850 827 2851 826 2851 795 2851 827 2852 826 2852 1196 2852 827 2853 837 2853 795 2853 828 2854 837 2854 827 2854 828 2855 827 2855 1197 2855 827 2856 1196 2856 1197 2856 826 2857 1198 2857 1196 2857 1198 2858 1197 2858 1196 2858 826 2859 1198 2859 795 2859 1199 2860 1198 2860 1200 2860 1198 2861 1201 2861 1200 2861 1197 2862 1198 2862 1199 2862 1202 2863 1201 2863 1198 2863 1203 2864 1198 2864 1204 2864 1202 2865 1198 2865 1203 2865 1204 2866 1198 2866 1205 2866 802 2867 795 2867 1198 2867 802 2868 1205 2868 1198 2868 795 2869 794 2869 802 2869 794 2870 1205 2870 802 2870 795 2871 837 2871 794 2871 794 2872 779 2872 793 2872 794 2873 793 2873 1203 2873 794 2874 837 2874 779 2874 794 2875 1203 2875 1204 2875 794 2876 1204 2876 1205 2876 793 2877 779 2877 790 2877 790 2878 789 2878 779 2878 789 2879 1206 2879 779 2879 775 2880 779 2880 1045 2880 778 2881 779 2881 775 2881 780 2882 779 2882 1206 2882 779 2883 778 2883 780 2883 779 2884 837 2884 1045 2884 1207 2885 1206 2885 1208 2885 780 2886 1208 2886 1206 2886 789 2887 1206 2887 1209 2887 1206 2888 1202 2888 1209 2888 1206 2889 1201 2889 1202 2889 1207 2890 1201 2890 1206 2890 775 2891 1207 2891 778 2891 778 2892 1207 2892 1208 2892 1210 2893 1201 2893 1207 2893 775 2894 1210 2894 1207 2894 1211 2895 1201 2895 1210 2895 1045 2896 1211 2896 1210 2896 1045 2897 1210 2897 775 2897 1201 2898 1211 2898 1212 2898 766 2899 1211 2899 1045 2899 766 2900 1212 2900 1211 2900 766 2901 1201 2901 1212 2901 1045 2902 727 2902 766 2902 766 2903 727 2903 1201 2903 1045 2904 709 2904 727 2904 715 2905 1201 2905 727 2905 727 2906 709 2906 715 2906 709 2907 1213 2907 715 2907 709 2908 690 2908 710 2908 709 2909 837 2909 690 2909 1045 2910 837 2910 709 2910 710 2911 1214 2911 709 2911 709 2912 1214 2912 1213 2912 1214 2913 1215 2913 1201 2913 1214 2914 1201 2914 1213 2914 1216 2915 1215 2915 1214 2915 1216 2916 1214 2916 1217 2916 710 2917 1217 2917 1214 2917 1218 2918 1215 2918 1219 2918 1220 2919 1215 2919 1218 2919 1215 2920 1216 2920 1221 2920 1220 2921 1201 2921 1215 2921 694 2922 1215 2922 1222 2922 1219 2923 1222 2923 1215 2923 1215 2924 1223 2924 1221 2924 694 2925 1223 2925 1215 2925 1221 2926 1216 2926 1224 2926 690 2927 1221 2927 1223 2927 690 2928 1221 2928 1224 2928 690 2929 1224 2929 685 2929 685 2930 1224 2930 1216 2930 706 2931 690 2931 685 2931 685 2932 1216 2932 706 2932 710 2933 690 2933 706 2933 710 2934 706 2934 1216 2934 694 2935 693 2935 690 2935 690 2936 691 2936 694 2936 694 2937 1222 2937 693 2937 694 2938 691 2938 1223 2938 690 2939 1223 2939 691 2939 693 2940 687 2940 690 2940 693 2941 687 2941 1219 2941 693 2942 1222 2942 1219 2942 686 2943 1219 2943 687 2943 687 2944 686 2944 833 2944 687 2945 833 2945 690 2945 686 2946 833 2946 1220 2946 833 2947 690 2947 837 2947 833 2948 837 2948 836 2948 833 2949 836 2949 1225 2949 833 2950 1225 2950 1220 2950 836 2951 1226 2951 1225 2951 1226 2952 1220 2952 1225 2952 838 2953 1226 2953 837 2953 838 2954 1227 2954 1226 2954 836 2955 837 2955 1226 2955 1227 2956 1220 2956 1226 2956 838 2957 1200 2957 1227 2957 1200 2958 1220 2958 1227 2958 837 2959 829 2959 838 2959 838 2960 1200 2960 829 2960 829 2961 837 2961 828 2961 829 2962 828 2962 1199 2962 829 2963 1200 2963 1199 2963 686 2964 1220 2964 1218 2964 686 2965 1218 2965 1219 2965 1200 2966 1201 2966 1220 2966 710 2967 1216 2967 1217 2967 715 2968 1213 2968 1201 2968 790 2969 1209 2969 1202 2969 790 2970 1209 2970 789 2970 778 2971 780 2971 1208 2971 790 2972 793 2972 1203 2972 790 2973 1202 2973 1203 2973 828 2974 1197 2974 1199 2974 511 2975 1229 2975 1228 2975 573 2976 511 2976 1228 2976 577 2977 511 2977 573 2977 511 2978 510 2978 577 2978 511 2979 510 2979 1229 2979 1229 2980 1230 2980 1228 2980 1231 2981 1230 2981 1229 2981 512 2982 1231 2982 1229 2982 512 2983 1229 2983 510 2983 512 2984 500 2984 577 2984 510 2985 512 2985 577 2985 512 2986 500 2986 513 2986 512 2987 1232 2987 513 2987 512 2988 1232 2988 1231 2988 513 2989 1232 2989 1230 2989 1230 2990 1231 2990 1232 2990 513 2991 1230 2991 500 2991 500 2992 499 2992 577 2992 518 2993 500 2993 1230 2993 500 2994 499 2994 518 2994 608 2995 577 2995 499 2995 518 2996 1233 2996 499 2996 498 2997 499 2997 1233 2997 499 2998 498 2998 497 2998 497 2999 468 2999 499 2999 468 3000 1055 3000 499 3000 499 3001 1055 3001 643 3001 499 3002 643 3002 608 3002 498 3003 1234 3003 1233 3003 518 3004 1235 3004 1233 3004 1233 3005 1230 3005 1235 3005 1236 3006 1230 3006 1233 3006 1236 3007 1233 3007 1234 3007 1236 3008 1237 3008 1230 3008 1237 3009 1236 3009 1238 3009 1239 3010 1236 3010 1240 3010 1238 3011 1236 3011 1239 3011 497 3012 1236 3012 1234 3012 497 3013 1241 3013 1236 3013 1241 3014 1236 3014 1240 3014 1238 3015 1239 3015 1242 3015 507 3016 1243 3016 1238 3016 1244 3017 1238 3017 1243 3017 507 3018 1238 3018 1242 3018 1237 3019 1238 3019 1244 3019 507 3020 1242 3020 615 3020 628 3021 615 3021 1242 3021 1242 3022 1245 3022 1239 3022 628 3023 1242 3023 1245 3023 641 3024 508 3024 628 3024 643 3025 641 3025 628 3025 508 3026 629 3026 628 3026 628 3027 1246 3027 629 3027 628 3028 507 3028 615 3028 628 3029 507 3029 643 3029 628 3030 1245 3030 1246 3030 1245 3031 1246 3031 1239 3031 629 3032 1239 3032 1246 3032 629 3033 508 3033 1239 3033 641 3034 1239 3034 508 3034 641 3035 1239 3035 1247 3035 641 3036 1247 3036 1248 3036 641 3037 1248 3037 643 3037 1248 3038 1240 3038 1249 3038 643 3039 1248 3039 1249 3039 1247 3040 1240 3040 1248 3040 509 3041 1240 3041 1249 3041 509 3042 1249 3042 646 3042 643 3043 1249 3043 646 3043 509 3044 646 3044 1055 3044 646 3045 643 3045 1055 3045 1055 3046 509 3046 1054 3046 1054 3047 1240 3047 509 3047 1054 3048 1250 3048 1055 3048 1054 3049 1250 3049 1251 3049 1054 3050 1251 3050 1240 3050 1240 3051 1251 3051 1250 3051 1250 3052 1241 3052 1240 3052 1055 3053 1250 3053 1241 3053 1239 3054 1240 3054 1247 3054 608 3055 1252 3055 1244 3055 608 3056 1244 3056 1243 3056 1237 3057 1244 3057 1252 3057 506 3058 1252 3058 607 3058 608 3059 607 3059 1252 3059 506 3060 1237 3060 1252 3060 607 3061 591 3061 506 3061 506 3062 599 3062 591 3062 506 3063 599 3063 1253 3063 506 3064 1253 3064 1237 3064 599 3065 1254 3065 1253 3065 1254 3066 1237 3066 1253 3066 599 3067 591 3067 1254 3067 592 3068 1254 3068 591 3068 592 3069 1255 3069 1254 3069 1255 3070 1237 3070 1254 3070 592 3071 1256 3071 1255 3071 1256 3072 1237 3072 1255 3072 587 3073 1257 3073 1256 3073 1257 3074 1228 3074 1256 3074 1228 3075 1237 3075 1256 3075 592 3076 587 3076 1256 3076 591 3077 587 3077 608 3077 591 3078 592 3078 587 3078 587 3079 577 3079 608 3079 587 3080 582 3080 577 3080 587 3081 582 3081 1257 3081 577 3082 1257 3082 582 3082 1258 3083 1228 3083 1257 3083 577 3084 1258 3084 1257 3084 1228 3085 1258 3085 1259 3085 573 3086 1259 3086 1258 3086 573 3087 1258 3087 577 3087 573 3088 1228 3088 1259 3088 608 3089 607 3089 591 3089 507 3090 609 3090 608 3090 507 3091 609 3091 1243 3091 507 3092 608 3092 643 3092 608 3093 609 3093 1243 3093 497 3094 468 3094 1241 3094 1055 3095 1241 3095 468 3095 1230 3096 1237 3096 1228 3096 497 3097 1234 3097 498 3097 518 3098 1230 3098 1235 3098</p>
        </triangles>
      </mesh>
    </geometry>
    <geometry id="geometry1" name="DOBOT_Magician-mit-TOOLS_Greifer.024_">
      <mesh>
        <source id="cubeverts-array1">
          <float_array count="1629" id="cubeverts-array1-array">0.003951938 0.005436256 -0.04332616 0.000927489 0.005409406 -0.04040385 0.003951938 0.005436256 -0.04349992 0.004017996 0.005436836 -0.04269999 0.001865416 0.00541773 -0.04011933 0.004213264 0.00543856 -0.04210142 0.002729786 0.005425396 -0.03965728 0.004529236 0.005441377 -0.04155678 0.004951921 0.005445134 -0.04109009 0.003487504 0.005432136 -0.03903546 0.00577564 0.005452433 -0.04022574 0.004109209 0.005437642 -0.03827778 0.006451835 0.005458438 -0.0392416 0.004571326 0.005441754 -0.03741336 0.004855777 0.005444262 -0.03647539 0.004951921 0.005445134 -0.03549994 0.006451835 0.005458438 -0.03175829 0.004855777 0.005444262 -0.0345245 0.004571326 0.005441754 -0.03358652 0.004109209 0.005437642 -0.03272209 0.005726514 0.005452013 -0.03071418 0.003487504 0.005432136 -0.03196442 0.004835184 0.005444083 -0.02980758 0.002729786 0.005425396 -0.03134261 0.003803697 0.005434947 -0.02906456 0.001865416 0.00541773 -0.03088056 0.002661416 0.005424794 -0.02850646 0.000927489 0.005409406 -0.03059603 0.001441294 0.005413962 -0.0281493 0.0001783914 0.005402758 -0.02800337 -4.790432e-05 0.005400754 -0.03049996 -0.00109095 0.005391509 -0.02807285 -0.001023385 0.005392075 -0.03059603 -0.00233041 0.005380488 -0.02835575 -0.00407438 0.008365127 -0.04499992 -0.00407438 0.0054716 -0.04332616 -0.00407438 0.008365127 -0.04332616 -4.790432e-05 0.005400754 -0.04049993 -0.004047714 0.005365252 -0.04499992 0.00400959 0.005436769 -0.04408519 0.003951938 0.005436256 -0.05637288 0.00416717 0.00543817 -0.05507849 -0.004047714 0.005365252 -0.0569999 0.003951938 0.005436256 -0.0569999 0.00428994 0.00543926 -0.05485064 0.004789621 0.005443691 -0.05392339 0.003592123 0.005433059 -0.05434027 -0.004047714 0.005365252 -0.04875252 0.004830587 0.005444054 -0.04562124 0.004457463 0.005440728 -0.04516663 0.004180295 0.005438279 -0.04464797 0.005285206 0.005448097 -0.04599433 0.005752419 0.005452245 -0.05303188 0.005803823 0.005452694 -0.04627156 0.006951825 0.005462886 -0.0524999 0.006366561 0.005457682 -0.04644228 0.006951825 0.005462886 -0.04649992 -0.001961282 0.005383758 -0.03088056 -0.004077091 0.008673615 -0.04873107 -0.004075347 0.008475462 -0.04873232 -0.004079358 0.008930927 -0.04872941 -0.004082183 0.009244415 -0.0487273 -0.004082743 0.009305915 -0.0487269 -0.004082911 0.009325745 -0.04880545 -0.004084308 0.009481193 -0.04861603 -0.0040835 0.009390648 -0.04872636 -0.004085926 0.00967061 -0.04846057 -0.004087844 0.009886709 -0.04834506 -0.004089943 0.01012119 -0.04827393 -0.004092154 0.01036503 -0.04824991 -0.004094278 0.01060889 -0.04827393 -0.004096375 0.01084337 -0.04834506 -0.00413307 0.01497803 -0.04332616 -0.004098295 0.01105948 -0.04846057 -0.004100002 0.01124888 -0.04861603 -0.004100002 0.01124888 -0.05038379 -0.00410131 0.01140434 -0.05019437 -0.004092154 0.01036503 -0.06099989 -0.004098295 0.01105948 -0.05053925 -0.004096375 0.01084337 -0.05065476 -0.004012253 0.001365417 -0.07399988 -0.004018827 0.002108809 -0.07258102 -0.004038885 0.004365281 -0.07590372 -0.004012253 0.001365417 -0.07699986 -0.004008675 0.0009654395 -0.07699986 -0.004021082 0.002365387 -0.07099988 -0.004018827 0.002108809 -0.06941873 -0.004012253 0.001365417 -0.06799989 -0.004032017 0.003587592 -0.06032577 -0.00402586 0.00289608 -0.06069541 -0.004019195 0.002145742 -0.06092302 -0.004012253 0.001365417 -0.06099989 -0.00403736 0.004193724 -0.05982832 -0.004041767 0.004691156 -0.05922217 -0.004045049 0.005060782 -0.05853062 -0.004047103 0.005288383 -0.05778025 -0.004092154 0.01036503 -0.05074991 -0.004089943 0.01012119 -0.05072588 -0.004094278 0.01060889 -0.05072588 -0.004107846 0.01213734 -0.04870855 -0.004107015 0.01204574 -0.04870915 -0.004108227 0.01218006 -0.04870828 -0.004120629 0.01357561 -0.04869922 -0.004102367 0.01151985 -0.04997826 -0.004105769 0.01190282 -0.04871007 -0.004102367 0.01151985 -0.04902156 -0.004104053 0.0117082 -0.04871135 -0.004101853 0.01146468 -0.04871294 -0.004100667 0.01132911 -0.04871379 -0.004074091 0.008335219 -0.04873326 -0.004081213 0.009139111 -0.04974377 -0.004081824 0.00921025 -0.04997826 -0.004082911 0.009325745 -0.05019437 -0.004084308 0.009481193 -0.05038379 -0.004085926 0.00967061 -0.05053925 -0.004087844 0.009886709 -0.05065476 -0.003025855 0.009124458 -0.04949991 0.00691852 0.009212718 -0.04949991 -0.002733301 0.009148129 -0.04971389 -0.002692448 0.009151441 -0.04974377 -0.002650757 0.009161057 -0.04977427 -0.002371864 0.009225424 -0.04997826 -0.002324658 0.009244297 -0.05001279 0.00691666 0.009423375 -0.05019437 -0.00207632 0.009343559 -0.05019437 -0.002027945 0.009373025 -0.05022976 0.006915236 0.009578814 -0.05038379 -0.001772705 0.00954152 -0.05041647 -0.001817361 0.00950131 -0.05038379 -0.001604808 0.00969263 -0.05053925 0.006913616 0.009768242 -0.05053925 -0.001484239 0.009858678 -0.05062743 -0.001446864 0.009910146 -0.05065476 0.006911638 0.009984331 -0.05065476 -0.00142332 0.009967173 -0.05067199 0.006909601 0.01021881 -0.05072588 -0.001341436 0.01020654 -0.0507319 -0.001349629 0.01014552 -0.05072588 -0.001316812 0.01038967 -0.05074991 0.006905293 0.01070653 -0.05072588 -0.001325057 0.01045096 -0.05074387 -0.001349619 0.01063326 -0.05072588 0.006903168 0.010941 -0.05065476 -0.001373688 0.01069106 -0.0507083 -0.001446863 0.01086688 -0.05065476 -0.001568483 0.01103223 -0.0505658 -0.001604803 0.01108161 -0.05053925 0.006899568 0.01134652 -0.05038379 -0.001652079 0.01112333 -0.05050467 -0.001817371 0.01126914 -0.05038379 0.006898142 0.01150195 -0.05019437 -0.001869869 0.01130019 -0.05034538 -0.002076344 0.01142231 -0.05019437 0.006897178 0.01161747 -0.04997826 -0.002129333 0.01144255 -0.05015563 -0.002371846 0.0115352 -0.04997826 0.006896535 0.0116886 -0.04974377 -0.002420865 0.01154564 -0.04994241 -0.002692432 0.0116035 -0.04974377 -0.002992168 0.01162243 -0.04952455 -0.003025846 0.01162456 -0.04949991 -0.004103198 0.01161499 -0.04949991 0.006907389 0.01046266 -0.05074991 0.006887731 0.01268124 -0.0524999 0.006901278 0.01115711 -0.05053925 0.006896535 0.0116886 -0.04925605 0.006896374 0.01171262 -0.04949991 0.006873829 0.01424728 -0.04649992 0.006897178 0.01161747 -0.04902156 0.006898142 0.01150195 -0.04880545 0.006911638 0.009984331 -0.04834506 0.006909601 0.01021881 -0.04827393 0.006913616 0.009768242 -0.04846057 0.006915236 0.009578814 -0.04861603 0.006917625 0.009307863 -0.04997826 0.006918269 0.009236731 -0.04974377 0.006918269 0.009236731 -0.04925605 0.006917625 0.009307863 -0.04902156 0.00691666 0.009423375 -0.04880545 0.006907389 0.01046266 -0.04824991 0.006905293 0.01070653 -0.04827393 0.006903168 0.010941 -0.04834506 0.006901278 0.01115711 -0.04846057 0.006899568 0.01134652 -0.04861603 0.004128766 0.01199844 -0.0550219 0.004249572 0.01080023 -0.05482109 0.004241227 0.01205344 -0.05481499 0.005617579 0.01251842 -0.05308048 0.004718662 0.01228696 -0.05393659 0.006194801 0.01261049 -0.05274731 0.003896854 0.01164374 -0.05637288 0.003952549 0.005359386 -0.05778025 0.003907528 0.01043604 -0.06099989 0.003954635 0.005131779 -0.05853062 0.003957916 0.00476216 -0.05922217 0.003962323 0.004264728 -0.05982832 0.003967667 0.003658596 -0.06032577 0.003987432 0.001436413 -0.06799989 0.003973821 0.002967091 -0.06069541 0.00398046 0.002216732 -0.06092302 0.003987432 0.001436413 -0.06099989 0.003980857 0.002179805 -0.06941873 0.003978573 0.002436377 -0.07099988 0.003960796 0.004436291 -0.07590372 0.003980857 0.002179805 -0.07258102 0.003987432 0.001436413 -0.07399988 0.003987432 0.001436413 -0.07699986 0.003991012 0.001036435 -0.07699986 0.003866972 0.01500368 -0.04349992 0.003866612 0.01504904 -0.04332616 0.006192219 0.01426172 -0.04642149 0.005627893 0.01430689 -0.04622921 0.005147597 0.01437406 -0.04595551 0.004740366 0.01446039 -0.04561098 0.00413058 0.01468668 -0.04472329 0.003940816 0.01482999 -0.04416786 0.003706147 0.01215085 -0.05442364 -0.00452804 0.01536137 -0.04184422 0.003962364 0.01524967 -0.04256077 -0.004232365 0.01517693 -0.04256077 0.004254741 0.0154393 -0.04184422 0.004863161 0.01544471 -0.04109009 0.006363103 0.01545803 -0.0392416 0.00568691 0.01545203 -0.04022574 -0.002357047 0.008380369 -0.02835575 -0.001985954 0.01538391 -0.02823153 -0.003502465 0.01537047 -0.0287977 -0.004134778 0.008364575 -0.02919412 -0.004862233 0.0153584 -0.02967614 -0.005633599 0.008351281 -0.0304656 -0.00600186 0.01534828 -0.03082592 -0.006750576 0.008341376 -0.03208282 -0.006868197 0.01534059 -0.03219346 -0.007420903 0.01533568 -0.03371506 -0.007409058 0.008335538 -0.03393475 -0.0076342 0.01533379 -0.03531982 -0.007563884 0.008334145 -0.03589418 -0.00749821 0.01533499 -0.03693297 -0.007204288 0.008337338 -0.03782653 -0.007019214 0.01533924 -0.03847935 -0.006354952 0.00834489 -0.03959909 -0.006219558 0.01534633 -0.03988692 -0.005074333 0.008356253 -0.04109009 -0.005136459 0.01535596 -0.04109009 -0.0003832071 0.01539814 -0.02800401 0.001231011 0.01541247 -0.02812573 0.002781513 0.01542623 -0.02859102 0.004196058 0.01543878 -0.02937821 0.005408803 0.01544956 -0.03045062 0.006363103 0.01545803 -0.03175829 0.004482565 0.01544134 -0.03741336 0.004767016 0.01544385 -0.03647539 0.00402048 0.01543722 -0.03827778 0.003398743 0.01543172 -0.03903546 0.002641055 0.01542498 -0.03965728 0.001776654 0.01541732 -0.04011933 0.0008387296 0.01540898 -0.04040385 -0.0001366364 0.01540034 -0.04049993 -0.001112029 0.01539169 -0.04040385 -0.002050042 0.01538334 -0.04011933 -0.002914444 0.01537567 -0.03965728 -0.003672042 0.01536895 -0.03903546 -0.004293868 0.01536343 -0.03827778 -0.004755864 0.01535933 -0.03741336 -0.005040404 0.01535681 -0.03647539 -0.005136459 0.01535596 -0.03549994 -0.005040404 0.01535681 -0.0345245 -0.004755864 0.01535933 -0.03358652 -0.004293868 0.01536343 -0.03272209 -0.003672042 0.01536895 -0.03196442 -0.002914444 0.01537567 -0.03134261 -0.002050042 0.01538334 -0.03088056 -0.001112029 0.01539169 -0.03059603 -0.0001366364 0.01540034 -0.03049996 0.0008387296 0.01540898 -0.03059603 0.001776654 0.01541732 -0.03088056 0.002641055 0.01542498 -0.03134261 0.003398743 0.01543172 -0.03196442 0.00402048 0.01543722 -0.03272209 0.004482565 0.01544134 -0.03358652 0.004767016 0.01544385 -0.0345245 0.004863161 0.01544471 -0.03549994 -0.00465165 0.00836001 -0.04155678 -0.004335764 0.008362801 -0.04210142 -0.004140408 0.00836455 -0.04269999 -0.005047697 0.005356374 -0.03549994 -0.004951642 0.005357224 -0.0345245 -0.004667104 0.005359761 -0.03358652 -0.004205106 0.005363847 -0.03272209 -0.003583281 0.005369372 -0.03196442 -0.002825682 0.005376083 -0.03134261 -0.004951642 0.005357224 -0.03647539 -0.004667104 0.005359761 -0.03741336 -0.004205106 0.005363847 -0.03827778 -0.003583281 0.005369372 -0.03903546 -0.002825682 0.005376083 -0.03965728 -0.001961282 0.005383758 -0.04011933 -0.001023385 0.005392075 -0.04040385 -0.004081024 0.009115101 -0.04949991 -0.003056897 0.00912642 -0.04947721 -0.003359301 0.00914552 -0.04925605 -0.003667837 0.009211245 -0.04903039 -0.003679887 0.00921382 -0.04902156 -0.003972372 0.009325562 -0.04880762 -0.003975326 0.009326698 -0.04880545 -0.003978265 0.0114037 -0.04880334 -0.00410131 0.01140434 -0.04880545 -0.00397535 0.01140546 -0.04880545 -0.003690941 0.01151918 -0.04901348 -0.003679898 0.01152359 -0.04902156 -0.004103008 0.01159097 -0.04925605 -0.003380339 0.01159272 -0.04924065 -0.003359285 0.01159757 -0.04925605 -0.003336044 0.01159945 -0.04927306 -0.0001810752 0.02040012 -0.04049993 -0.0001810752 0.02040012 -0.03799994 0.0007944093 0.02040878 -0.04040385 -0.00115647 0.02039148 -0.04040385 -0.0006687579 0.0203958 -0.03795189 -0.00209436 0.02038313 -0.04011933 -0.001137728 0.02039167 -0.03780963 -0.002958758 0.02037544 -0.03965728 -0.001569931 0.02038778 -0.0375786 -0.003716456 0.02036875 -0.03903546 -0.001948781 0.02038443 -0.0372677 -0.004338183 0.02036321 -0.03827778 -0.002259641 0.02038172 -0.03688887 -0.004800275 0.02035913 -0.03741336 -0.002490634 0.02037958 -0.03645665 -0.005084726 0.02035662 -0.03647539 -0.002632934 0.02037831 -0.03598768 -0.002680978 0.02037795 -0.03549994 0.0003066077 0.02040444 -0.03795189 0.001732329 0.02041714 -0.04011933 0.0007756674 0.02040859 -0.03780963 0.002596697 0.02042482 -0.03965728 0.001207871 0.02041248 -0.0375786 0.003354305 0.02043149 -0.03903546 -0.00518088 0.02035579 -0.03549994 -0.002632934 0.02037831 -0.03501221 -0.005084726 0.02035662 -0.0345245 -0.002490634 0.02037958 -0.03454323 -0.004800275 0.02035913 -0.03358652 -0.002259641 0.02038172 -0.03411101 -0.004338183 0.02036321 -0.03272209 -0.001948781 0.02038443 -0.03373218 -0.003716456 0.02036875 -0.03196442 -0.001569931 0.02038778 -0.03342128 -0.002958758 0.02037544 -0.03134261 -0.001137728 0.02039167 -0.03319024 -0.00209436 0.02038313 -0.03088056 -0.0006687579 0.0203958 -0.03304798 -0.00115647 0.02039148 -0.03059603 -0.0001810752 0.02040012 -0.03299994 -0.0001810752 0.02040012 -0.03049996 0.0007944093 0.02040878 -0.03059603 0.0003066077 0.02040444 -0.03304798 0.001732329 0.02041714 -0.03088056 0.0007756674 0.02040859 -0.03319024 0.002596697 0.02042482 -0.03134261 0.001207871 0.02041248 -0.03342128 0.003354305 0.02043149 -0.03196442 0.00158663 0.02041581 -0.03373218 0.003976129 0.02043703 -0.03272209 0.001897581 0.02041854 -0.03411101 0.004438126 0.02044111 -0.03358652 0.002128596 0.02042058 -0.03454323 0.004722664 0.02044365 -0.0345245 0.002270785 0.02042193 -0.03501221 0.004818718 0.0204445 -0.03549994 0.002318827 0.02042229 -0.03549994 0.002270785 0.02042193 -0.03598768 0.00158663 0.02041581 -0.0372677 0.003976129 0.02043703 -0.03827778 0.001897581 0.02041854 -0.03688887 0.004438126 0.02044111 -0.03741336 0.002128596 0.02042058 -0.03645665 0.004722664 0.02044365 -0.03647539 0.002451994 0.005422937 -0.03549994 0.002403995 0.005422525 -0.03501221 0.002261666 0.005421244 -0.03454323 0.002030653 0.005419198 -0.03411101 0.0017198 0.005416444 -0.03373218 0.001340957 0.005413075 -0.03342128 0.0009087712 0.005409242 -0.03319024 0.0004398086 0.005405076 -0.03304798 -4.790432e-05 0.005400754 -0.03299994 -0.0005355859 0.005396431 -0.03304798 -0.001004548 0.005392266 -0.03319024 -0.001436734 0.005388433 -0.03342128 -0.001815577 0.005385063 -0.03373218 -0.00212655 0.00538229 -0.03411101 -0.002357534 0.00538025 -0.03454323 -0.002499773 0.00537899 -0.03501221 -0.002547801 0.005378564 -0.03549994 -4.790432e-05 0.005400754 -0.03799994 0.0004398086 0.005405076 -0.03795189 0.0009087712 0.005409242 -0.03780963 0.001340957 0.005413075 -0.0375786 0.0017198 0.005416444 -0.0372677 0.002030653 0.005419198 -0.03688887 0.002261666 0.005421244 -0.03645665 0.002403995 0.005422525 -0.03598768 -0.0005355859 0.005396431 -0.03795189 -0.001004548 0.005392266 -0.03780963 -0.001436734 0.005388433 -0.0375786 -0.002499773 0.00537899 -0.03598768 -0.001815577 0.005385063 -0.0372677 -0.00212655 0.00538229 -0.03688887 -0.002357534 0.00538025 -0.03645665 -0.004081824 0.00921025 -0.04902156 -0.004081213 0.009139111 -0.04925605 -0.004103008 0.01159097 -0.04974377 -0.004134774 0.005410739 -0.02919412 -0.005633596 0.005397443 -0.0304656 -0.006750573 0.00538754 -0.03208282 -0.007409054 0.005381703 -0.03393475 -0.007204284 0.005383502 -0.03782653 -0.006354948 0.005391052 -0.03959909 -0.005074334 0.005462729 -0.04109009 -0.004140409 0.005471026 -0.04269999 -0.00465165 0.005466487 -0.04155678 -0.004335766 0.005469275 -0.04210142 -0.007563879 0.005380307 -0.03589418 0.002979819 0.0114672 -0.05019437 0.00297821 0.01165385 -0.04925605 0.002999943 0.009201983 -0.04974377 0.002991275 0.01018406 -0.05072588 0.002986969 0.01067178 -0.05072588 0.002998337 0.009388626 -0.05019437 0.002991275 0.01018406 -0.04827393 0.00297805 0.01167787 -0.04949991 0.00297821 0.01165385 -0.04974377 0.00299529 0.009733493 -0.04846057 0.002993312 0.00994958 -0.04834506 0.002982953 0.01112236 -0.05053925 0.002978851 0.01158272 -0.04902156 0.002986969 0.01067178 -0.04827393 0.002984841 0.01090625 -0.04834506 0.002999943 0.009201983 -0.04925605 0.002999301 0.009273112 -0.04902156 0.002982953 0.01112236 -0.04846057 0.002981243 0.01131177 -0.04861603 0.002993312 0.00994958 -0.05065476 0.003000195 0.009177969 -0.04949991 0.002999301 0.009273112 -0.04997826 0.002979819 0.0114672 -0.04880545 0.002978851 0.01158272 -0.04997826 0.002989063 0.01042791 -0.05074991 0.002984841 0.01090625 -0.05065476 0.002998337 0.009388626 -0.04880545 0.00299691 0.009544064 -0.04861603 0.00299529 0.009733493 -0.05053925 0.00299691 0.009544064 -0.05038379 0.002981243 0.01131177 -0.05038379 0.002989063 0.01042791 -0.04824991 -0.003459391 0.01133481 -0.04871379 -0.003450878 0.01037073 -0.04824991 -0.003442225 0.009396345 -0.04872636 -0.003461732 0.01159667 -0.04925605 -0.003461922 0.01162069 -0.04949991 -0.003461732 0.01159667 -0.04974377 -0.003461089 0.01152553 -0.04997826 -0.003444651 0.009676309 -0.04846057 -0.003446569 0.009892406 -0.04834506 -0.003450878 0.01037073 -0.05074991 -0.003448668 0.01012689 -0.05072588 -0.003443031 0.009486879 -0.05038379 -0.003441636 0.009331438 -0.05019437 -0.00345702 0.01106517 -0.05053925 -0.003455099 0.01084906 -0.05065476 -0.003460034 0.01141004 -0.04880545 -0.003458726 0.01125457 -0.04861603 -0.003439749 0.009120797 -0.04949991 -0.003439938 0.009144808 -0.04925605 -0.003440549 0.009215945 -0.04997826 -0.003440549 0.009215945 -0.04902156 -0.003441636 0.009331438 -0.04880545 -0.003453002 0.01061459 -0.04827393 -0.00345702 0.01106517 -0.04846057 -0.003443031 0.009486879 -0.04861603 -0.003448668 0.01012689 -0.04827393 -0.003453002 0.01061459 -0.05072588 -0.003446569 0.009892406 -0.05065476 -0.003458726 0.01125457 -0.05038379 -0.003444651 0.009676309 -0.05053925 -0.003439938 0.009144808 -0.04974377 -0.003461089 0.01152553 -0.04902156 -0.003460034 0.01141004 -0.05019437 -0.003455099 0.01084906 -0.04834506 -0.008030178 0.008329988 -0.0306313 -0.007961811 0.008322181 -0.04292051 -0.007930279 0.005330802 -0.04291783 -0.007930279 0.005330802 -0.03094941 -0.008014798 0.005330026 -0.0308811 -0.007930279 0.005330802 -0.03450058 -0.007930279 0.005330802 -0.03914969 -0.007963061 0.008330584 -0.04292123 -0.007961871 0.008330585 -0.03773121 -0.007961871 0.008330585 -0.03396253 -0.007961871 0.008330585 -0.03070866 -0.007961871 0.008330585 -0.03592214 -0.007961871 0.008330585 -0.03587762 -0.007961871 0.008330585 -0.03402422 0.001370767 0.01541367 -0.02814532 0.002590889 0.01542451 -0.02850248 -0.001886103 0.01538477 -0.0337282 -0.002400938 0.0153802 -0.02835177 -0.001161478 0.01539122 -0.02806887 -0.004275634 0.01536356 -0.03271811 -0.003653808 0.01536908 -0.03196045 -0.006821101 0.01538726 -0.03207884 0.0001078644 0.01540247 -0.02799939 0.00373317 0.01543466 -0.02906058 0.004764657 0.01544379 -0.0298036 0.001270429 0.01541279 -0.03341729 -0.0006061122 0.01539614 -0.033044 -0.00150726 0.01538815 -0.03341729 -0.004737632 0.01535948 -0.03358254 -0.0025703 0.0153787 -0.03500823 -0.007479581 0.01538142 -0.03393076 -0.005118225 0.01535609 -0.03549595 -0.007634408 0.01538002 -0.03589021 0.0003692824 0.01540479 -0.033044 0.003416977 0.01543185 -0.03196045 -0.0001184321 0.01540047 -0.03299595 -0.001075075 0.01539198 -0.03318625 -0.005704123 0.01539716 -0.03046162 0.0008382446 0.01540895 -0.03318625 -0.002197077 0.01538201 -0.03410703 -0.002428061 0.01537997 -0.03453925 0.002659259 0.01542511 -0.03133862 0.00179489 0.01541744 -0.03087658 0.0008569627 0.01540911 -0.03059205 -0.0001184321 0.01540047 -0.03049598 -0.001093912 0.01539179 -0.03059205 -0.002031809 0.01538347 -0.03087658 -0.002896209 0.01537579 -0.03133862 -0.005022167 0.01535693 -0.03452052 -0.0042053 0.01541045 -0.02919014 -0.008014798 0.005330026 -0.03058636 -0.007930279 0.005330802 -0.03066211 -0.007961871 0.008330585 -0.04292051</float_array>
          <technique_common>
            <accessor count="543" source="#cubeverts-array1-array" stride="3">
              <param type="float" name="X" />
              <param type="float" name="Y" />
              <param type="float" name="Z" />
            </accessor>
          </technique_common>
        </source>
        <source id="cubenormals-array1">
          <float_array count="4233" id="cubenormals-array1-array">0.008877533 -0.9999607 0 0.008867589 -0.9999607 -1.029178e-05 0.008874856 -0.9999606 -5.091005e-07 0.008862636 -0.9999608 -1.070323e-05 0.008893803 -0.9999604 1.256459e-05 0.008883675 -0.9999605 2.969593e-06 0.008887265 -0.9999605 8.535984e-06 0.008866893 -0.9999608 -5.984611e-06 0.008865819 -0.9999607 -8.04834e-06 0.008877955 -0.9999606 2.334198e-06 0.008858946 -0.9999608 -1.316471e-05 0.008880846 -0.9999605 9.363161e-06 0.008908617 -0.9999603 1.549661e-05 0.008869963 -0.9999607 0 0.008858947 -0.9999608 1.316463e-05 0.008908617 -0.9999603 -1.549676e-05 0.008880847 -0.9999605 -9.363087e-06 0.008872698 -0.9999607 1.044216e-05 0.008884474 -0.9999606 -1.261692e-05 0.008865499 -0.9999607 1.313446e-05 0.008886592 -0.9999605 -4.272646e-06 0.00887641 -0.9999606 -1.742775e-06 0.008871761 -0.9999607 -7.659315e-07 0.008869505 -0.9999607 -1.417885e-06 0.008861441 -0.9999607 -6.868067e-07 0.008895813 -0.9999604 1.408553e-05 0.008888364 -0.9999605 1.388628e-05 -1 0 0 0.008875697 -0.9999605 -1.462675e-08 0.008875043 -0.9999607 -7.536515e-07 0.008870336 -0.9999607 -7.028424e-06 0.008875423 -0.9999606 2.840871e-06 0.008875646 -0.9999607 0 0.008881301 -0.9999605 -7.782891e-06 0.008877475 -0.9999606 3.209072e-06 0.008875449 -0.9999606 -1.455007e-07 0.008873225 -0.9999607 -3.194301e-05 0.008874255 -0.9999607 2.066617e-05 0.008874803 -0.9999607 7.852728e-06 0.008893889 -0.9999604 -2.367473e-07 0.008883786 -0.9999605 3.948301e-07 0.008871676 -0.9999606 -1.016592e-06 0.008891703 -0.9999605 0 0.008861206 -0.9999607 -2.946659e-06 0.008863467 -0.9999607 -9.541693e-07 0.008866937 -0.9999607 1.385141e-06 0.008874624 -0.9999607 -2.592799e-07 0.008874072 -0.9999607 9.092326e-06 0.008884104 -0.9999605 -1.23863e-05 0.008870699 -0.9999607 1.205279e-05 0.008870165 -0.9999607 -1.783306e-06 -0.9999613 -0.008800317 6.987715e-05 -0.9999593 -0.009012603 -0.0001324351 -0.9999612 -0.008809925 6.135696e-05 -0.9999587 -0.009093525 -0.000146775 -0.9999601 -0.008941892 1.732184e-05 -0.9999629 -0.008612672 8.712993e-05 -0.9999607 -0.0088693 -9.686584e-06 -0.99996 -0.008940601 -4.212188e-05 -0.999959 -0.009055466 -0.0001037364 -0.9999622 -0.008697189 0.0001167489 -0.9999598 -0.008963535 -6.579981e-05 -0.9999607 -0.008874675 3.772069e-08 -0.9999599 -0.008957765 6.389868e-05 -0.9999605 -0.008881963 6.043907e-06 -0.9999606 -0.008874664 0 -0.999965 -0.008360175 -4.317906e-05 -0.9999605 -0.008886749 2.909689e-06 -0.9999593 -0.009019848 1.174649e-05 -0.9999607 -0.008868509 1.364888e-05 -0.9999606 -0.008877169 0 -0.9999599 -0.008946804 0 -0.9999606 -0.008869615 1.289747e-05 -0.9999605 -0.00888982 4.656375e-06 -0.9999607 -0.008868175 -1.266135e-05 -0.9999607 -0.008867634 -1.319038e-05 -0.9999607 -0.008873385 -5.794668e-06 -0.9999604 -0.00890419 3.125643e-06 -0.9999605 -0.008882167 -1.489535e-06 -0.9999605 -0.008895676 0 -0.9999607 -0.008866508 6.336741e-05 -0.9999606 -0.008876034 1.318592e-05 -0.9999605 -0.008879825 1.085618e-06 -0.9999604 -0.008898253 -3.850124e-05 -0.999961 -0.008819648 8.544415e-05 -0.9999591 -0.009052701 0.0001317628 -0.9999605 -0.008888004 -0 -0.999962 -0.008708686 -0 -0.99996 -0.008945281 5.616267e-06 -0.9999589 -0.009069046 0.0001001717 -0.9999605 -0.008886489 4.069149e-06 -0.9999575 -0.009227629 4.026226e-05 -0.9999621 -0.00871681 -9.171781e-05 -0.9999611 -0.008814531 -8.459498e-05 -0.9999592 -0.009036931 9.91417e-05 -0.9999617 -0.008744818 -0.0003731858 -0.9999599 -0.008955078 -5.909656e-05 -0.9999605 -0.008880687 -1.716641e-05 -0.9999616 -0.008771759 -5.43115e-05 -0.9999583 -0.009138621 0.0001465951 -0.99996 -0.008943853 3.324066e-05 -0.9999625 -0.008659218 -0.0001438445 -0.9999607 -0.00887463 -2.867443e-07 -0.9999601 -0.008939453 4.590942e-05 -0.9999602 -0.00891858 2.075332e-05 -0.008832257 0.995146 0.09801172 -0.008836146 0.9951282 0.09819252 -0.008496202 0.9569486 0.2901329 -0.008491296 0.9568909 0.2903237 -0.007826042 0.8819228 0.4713288 -0.007827089 0.8818905 0.4713892 -0.006861209 0.7730632 0.6342918 -0.005630919 0.6344583 0.7729366 -0.004184149 0.4713845 0.8819179 -0.00563071 0.6343535 0.7730226 -0.004183156 0.4713849 0.8819177 -0.002576297 0.2902726 0.9569405 -0.0008711396 0.0981672 0.9951695 0.0008687428 -0.09800027 0.995186 0.002569977 -0.2900955 0.9569942 0.004184288 -0.4713739 0.8819236 0.002577076 -0.2903163 0.9569272 0.004183087 -0.4713076 0.881959 0.005628922 -0.6343495 0.773026 0.006862024 -0.7730178 0.6343471 0.007825962 -0.8818831 0.4714033 0.008495414 -0.9569261 0.2902071 0.008831724 -0.9951462 0.09801026 0.008492196 -0.9568886 0.290331 0.008838975 -0.995142 0.09805313 0.007827006 -0.8819017 0.4713684 0.006858658 -0.7729414 0.6344405 0.005631153 -0.6344086 0.7729774 0.0008703563 -0.09805188 0.995181 -0.000869764 0.09800457 0.9951856 -0.002575427 0.2902204 0.9569563 -0.006860269 0.772974 0.6344005 0.9999628 0.008622805 -0.0003008692 0.9999614 0.008786231 -7.909588e-05 0.9999593 0.009020624 0.0001419883 0.9999624 0.00866602 0.0001928822 0.9999622 0.008699291 0.0001865541 0.9999602 0.00891371 -3.708061e-05 0.9999614 0.00877263 -0.0002820193 0.9999616 0.008759801 -0.000251666 0.9999594 0.009002506 0.0002813247 0.9999602 0.008920021 -3.923238e-05 0.9999598 0.00896855 -0.00015439 0.9999617 0.00875535 0.0002118772 0.9999577 0.009182834 -0.0002438018 0.9999607 0.008872215 1.229017e-06 0.9999599 0.008945212 2.752281e-05 0.9999632 0.008583944 -0.0001248932 0.9999591 0.00904016 0.0001084808 0.9999597 0.008973109 6.618285e-05 0.9999585 0.009103516 0.0003086061 0.9999606 0.008878973 -3.096358e-06 0.9999614 0.008772622 0.0002820322 0.9999595 0.009002505 -0.0002813194 0.9999616 0.008759801 0.0002516658 0.9999595 0.008996915 -0.0001445265 0.9999606 0.008881298 -0 0.9999595 0.008996914 0.0001445246 0.9999602 0.008920021 3.923239e-05 0.9999617 0.00875535 -0.0002118775 0.9999598 0.008968554 0.0001543876 0.999959 0.009032317 0.0004142291 0.9999606 0.008878607 -2.496118e-05 0.9999626 0.00864126 0.0004883786 0.9999595 0.008996651 -0.0002210026 0.9999612 0.008807246 0.000118417 0.9999601 0.008945609 -9.967955e-05 0.9999596 0.008985031 -0.0001537212 0.9864284 0.007189598 -0.1640346 0.8776592 0.008176819 -0.4792156 0.6888666 0.005744906 -0.7248653 0.6793613 0.00791723 -0.7337613 0.4994627 0.003572574 -0.8663281 0.4053322 0.01128896 -0.9140998 0.3359861 0.002983329 -0.9418622 0.8802806 0.009243184 -0.4743636 0.985161 0.008742124 -0.1714099 0.9999606 0.008873452 0 0.9999605 0.008882711 -9.166842e-05 0.9999602 0.008915882 7.564513e-05 0.9999605 0.008879615 -2.26679e-06 0.9999606 0.008876067 -1.359905e-05 0.9999607 0.008866742 -6.270808e-05 0.9999604 0.008900119 -1.769022e-06 0.9999609 0.008844411 9.905863e-06 0.9999601 0.008934241 0 0.9999607 0.00887357 5.919697e-06 0.9999607 0.008868023 1.305606e-05 0.9999606 0.008884242 -2.855127e-06 0.9999605 0.00888336 -2.149744e-06 0.9999605 0.008892389 1.53282e-06 0.9999607 0.008869653 -1.390892e-05 0.9999599 0.008950382 -0 0.9999606 0.008878479 -0 0.9999607 0.008863679 -6.676884e-06 0.9999605 0.008880357 -0 0.9999605 0.008875953 -0.0002424986 -0.008563697 0.9675443 -0.2525563 -0.008600843 0.967543 -0.2525602 -0.008565267 0.9675442 -0.2525569 -0.008568719 0.9675446 -0.2525551 -0.008595606 0.9675439 -0.2525567 -0.008600635 0.9675434 -0.2525586 -0.008589069 0.9675435 -0.2525586 -0.008589474 0.967541 -0.252568 -0.008585393 0.9675471 -0.2525451 -0.008581694 0.9675447 -0.2525539 -0.008588624 0.9675437 -0.2525577 -0.008594546 0.9675457 -0.2525501 -0.008588221 0.9675431 -0.2525602 -0.008588471 0.9675381 -0.2525791 -0.00858576 0.9675462 -0.2525482 -0.00858852 0.9675438 -0.2525573 -0.008588347 0.9675443 -0.2525556 -0.008588277 0.9675363 -0.252586 -0.008587528 0.9675457 -0.2525502 -0.008607558 0.9675429 -0.2525602 0.9951439 0.008837583 0.09803395 0.9941421 0.008227193 0.1077673 0.9568948 0.009560728 0.2902775 0.8819162 0.008579375 0.4713282 0.7729365 0.007012275 0.6344447 0.6343387 0.006417867 0.7730286 0.4713853 0.005148709 0.8819124 0.2902769 0.003488463 0.9569363 0.09800369 0.0008701705 0.9951856 0.1143101 -8.232627e-05 0.9934451 0.3226405 0.001884235 0.9465197 0.4955145 0.003862107 0.8685911 0.6465748 0.00560173 0.76283 0.8244968 0.002016452 0.5658629 0.9468738 0.007708425 0.3215129 0.741145 0.006578671 -0.6713127 0.7782682 0.003315184 -0.6279233 0.8649148 0.009319116 -0.5018322 0.9506387 0.009789732 -0.3101453 0.9944416 0.008826965 -0.1049188 0.9919968 0.007412252 -0.1260449 0.9253262 0.005912764 -0.3791259 0.8241554 0.007313172 -0.5663165 0.824156 0.007313062 -0.5663157 0.7238759 0.006423235 -0.6899003 0.7238634 0.006425274 -0.6899133 -0.2225032 -0.001975619 0.9749299 -0.2295163 -0.005101496 0.9732914 -0.3497705 0.001916981 0.9368334 -0.4264159 -0.01269054 0.9044382 -0.5426453 0.001448067 0.8399608 -0.6467574 -0.01471597 0.7625538 -0.7102292 -0.001128415 0.7039697 -0.8447277 -0.00573587 0.5351656 -0.9398514 -0.01039702 0.3414253 -0.9421307 -0.01210857 0.3350272 -0.9912645 -0.005812524 0.131761 -0.9967566 -0.01647671 0.07877141 -0.9964604 -0.003116888 -0.08400436 -0.9552196 -0.002338577 -0.2958887 -0.8694696 -0.003493255 -0.4939742 -0.7431775 -0.006596152 -0.6690618 -0.7584966 -0.01211772 -0.6515644 -0.1405738 0.003131321 0.9900652 -0.05462913 -0.00300536 0.9985023 0.1147878 7.209134e-05 0.99339 0.2809031 0.003645094 0.9597293 0.2873869 0.004647106 0.9578032 0.4389697 0.002325486 0.8984988 0.486197 0.00832735 0.8738096 0.5844687 0.002516683 0.8114123 0.7130607 0.004177993 0.7010898 0.8212369 0.007287275 0.5705408 0.8077016 0.01012721 0.5895044 0.6623487 0.0101726 0.7491267 0.07515141 0.004286373 0.9971629 -0.9016693 -0.01645479 -0.432113 -0.9829587 -0.01792525 -0.1829508 -0.822699 -0.01403411 0.5683039 0.9999607 0.008873187 0 0.9999607 0.008873187 0 -0.008868697 0.9999607 9.513315e-06 -0.008883676 0.9999605 1.098448e-06 -0.008875579 0.9999606 -2.533568e-06 -0.008883062 0.9999605 -5.82864e-06 -0.008881625 0.9999606 -1.242678e-05 -0.008870671 0.9999607 3.313216e-06 -0.008858443 0.9999608 4.255702e-05 -0.008873397 0.9999607 -6.296399e-06 -0.008892137 0.9999605 3.868222e-05 -0.008873994 0.9999607 -4.349323e-06 -0.008867295 0.9999607 2.991761e-06 -0.008878191 0.9999606 1.103172e-05 -0.008880238 0.9999605 4.926289e-06 -0.008877945 0.9999606 -9.831718e-07 -0.008877258 0.9999605 -6.104231e-06 -0.00887672 0.9999605 -1.048996e-07 -0.008876457 0.9999607 -1.526425e-06 -0.008876157 0.9999606 -1.034478e-06 -0.00887608 0.9999607 4.184484e-08 -0.008877068 0.9999606 3.269135e-06 -0.008877309 0.9999605 -3.080852e-06 -0.008874346 0.9999606 -2.119833e-06 -0.008876816 0.9999606 -6.564975e-06 -0.008870515 0.9999607 -6.235388e-06 -0.008860954 0.9999607 -1.623761e-06 -0.008881477 0.9999605 7.620811e-06 -0.008872393 0.9999607 5.719428e-06 -0.008875523 0.9999607 -1.168886e-06 -0.00886885 0.9999607 9.166605e-08 -0.008883426 0.9999605 6.489435e-06 -0.008874497 0.9999605 3.79989e-07 -0.008885747 0.9999606 9.284309e-06 -0.008882969 0.9999606 8.428424e-06 -0.00888198 0.9999605 -5.219518e-06 -0.008868696 0.9999607 -9.51326e-06 -0.008888662 0.9999605 1.102418e-05 -0.008897057 0.9999604 6.851082e-06 -0.008879968 0.9999606 0 -0.008897057 0.9999604 -6.851014e-06 -0.008864769 0.9999607 -1.573928e-05 -0.008854693 0.9999608 -4.477034e-06 -0.008874113 0.9999606 5.549535e-06 -0.00890369 0.9999604 -5.8975e-07 -0.008866106 0.9999607 -5.216521e-06 -0.008865971 0.9999607 -9.235002e-07 -0.00887488 0.9999607 -2.601234e-06 -0.008873291 0.9999606 3.010825e-06 -0.008877547 0.9999606 1.857898e-06 -0.008877624 0.9999606 -5.326167e-06 -0.008878474 0.9999605 -3.494688e-07 -0.008869165 0.9999607 -2.966905e-06 -0.00888549 0.9999605 -9.596804e-06 -0.008865684 0.9999607 1.649044e-05 -0.008888663 0.9999605 -1.102408e-05 -0.7411461 -0.006578122 -0.6713115 -0.7781857 -0.01203958 -0.6279188 -0.9253741 -0.01149926 -0.3788806 -0.9919865 -0.01081779 -0.1258808 -0.9944468 -0.00882573 -0.1048697 -0.9506252 -0.006491136 -0.3102733 -0.865009 -0.005326077 -0.5017281 0.9951469 0.008833566 -0.09800313 0.9951468 0.008833515 -0.09800363 0.9568976 0.008493993 -0.2903016 0.9568982 0.00849378 -0.2902994 0.8819005 0.007828074 -0.4713706 0.8818998 0.007828226 -0.471372 0.7729555 0.006861177 -0.6344231 0.6343972 0.005631185 -0.7729867 0.4713793 0.004184198 -0.8819207 0.6343969 0.005631224 -0.772987 0.471379 0.004184155 -0.8819209 0.2902491 0.002576371 -0.9569476 0.09801105 0.0008688407 -0.9951849 -0.09801368 -0.0008697317 -0.9951847 -0.2902743 -0.002576569 -0.95694 -0.471392 -0.004184311 -0.8819138 -0.2902738 -0.002576616 -0.9569401 -0.4713792 -0.004182759 -0.8819208 -0.6343522 -0.005628892 -0.7730237 -0.7730005 -0.006861523 -0.6343682 -0.8818626 -0.007825042 -0.4714415 -0.9569228 -0.008494082 -0.2902181 -0.995138 -0.008833292 -0.09809343 -0.9569228 -0.008494076 -0.2902181 -0.9951379 -0.008833204 -0.0980943 -0.8818492 -0.007827695 -0.4714664 -0.7730163 -0.006859215 -0.6343489 -0.634337 -0.005630678 -0.7730361 -0.09801095 -0.0008699771 -0.995185 0.09800225 0.0008696301 -0.9951858 0.2902823 0.002573272 -0.9569376 0.772956 0.006861093 -0.6344224 -0.008233785 0.9276126 -0.3734528 -0.008234034 0.9276126 -0.3734529 -0.003046255 0.3431774 -0.9392656 -0.003045643 0.3431789 -0.9392651 -0 0 -1 0 0 -1 0.008796616 -0.9911891 0.1321622 0.00879662 -0.9911891 0.1321622 0.007860803 -0.8857432 0.464109 0.007860767 -0.8857432 0.4641092 0.008759826 -0.9870487 0.1601813 0.008759154 -0.9870489 -0.1601806 0.007860745 -0.8857411 -0.4641129 0.007860785 -0.8857411 -0.4641131 0.008759824 -0.9870483 -0.1601839 0.008759147 -0.9870481 0.1601847 0.00887446 -0.9999605 0 0.00887446 -0.9999605 0 0.008832891 -0.9951437 0.09803513 0.008832773 -0.9951438 0.09803393 0.008493382 -0.9569068 0.290271 0.008492472 -0.9569041 0.2902797 0.0078267 -0.8818871 0.4713955 0.007827469 -0.8818907 0.4713889 0.006860822 -0.7729825 0.6343902 0.005630478 -0.63436 0.7730172 0.004183915 -0.4713871 0.8819165 0.005630418 -0.6343595 0.7730176 0.004184341 -0.4713829 0.8819187 0.002576615 -0.290266 0.9569425 0.0008698195 -0.09801828 0.9951842 0.0008699003 -0.09801904 0.9951841 0.002575769 -0.2902584 0.9569448 0.006860873 -0.7729828 0.6343899 0.995147 0.008833567 0.09800251 0.995147 0.008833517 0.09800199 0.9568975 0.008493993 0.2903016 0.9568968 0.008493769 0.2903037 0.8818971 0.007828043 0.4713768 0.8818979 0.00782821 0.4713755 0.7729624 0.006861238 0.6344149 0.634398 0.005631193 0.772986 0.4713759 0.004184167 0.8819224 0.6343984 0.005631236 0.7729857 0.4713763 0.004184129 0.8819222 0.2902805 0.002576649 0.9569381 0.09800611 0.0008687968 0.9951854 -0.09801482 -0.0008697417 0.9951846 -0.2902721 -0.002576549 0.9569407 -0.4713761 -0.00418417 0.8819224 -0.2902725 -0.002576604 0.9569406 -0.4713891 -0.004182848 0.8819155 -0.6343381 -0.005628767 0.7730352 -0.7730227 -0.006861719 0.6343413 -0.8818467 -0.007824901 0.4714713 -0.9569221 -0.008494076 0.2902202 -0.995138 -0.008833291 0.09809316 -0.9569222 -0.008494071 0.2902203 -0.9951381 -0.008833206 0.09809229 -0.88186 -0.00782779 0.4714463 -0.7730069 -0.006859132 0.6343606 -0.6343533 -0.005630823 0.7730227 -0.09801754 -0.0008700355 0.9951844 0.09801492 0.0008697427 0.9951846 0.2902474 0.002572962 0.9569482 0.7729617 0.006861144 0.6344156 -0.008825115 0.9951412 -0.09806161 -0.008826215 0.9951459 -0.09801432 -0.008492163 0.9568956 -0.2903078 -0.008490597 0.9567806 -0.2906866 -0.007826283 0.8819209 -0.4713324 -0.007813266 0.8814243 -0.4722607 -0.006852048 0.772988 -0.6343837 -0.005630095 0.6343768 -0.7730035 -0.004183991 0.4713848 -0.8819178 -0.005630514 0.6343558 -0.7730207 -0.004183469 0.4713695 -0.8819259 -0.002576204 0.290272 -0.9569407 -0.0008698862 0.0980163 -0.9951844 0.0008698714 -0.09800407 -0.9951856 0.002576632 -0.2902828 -0.9569375 0.00418373 -0.4713554 -0.8819335 0.002576573 -0.2902868 -0.9569362 0.004183769 -0.4713565 -0.8819328 0.005631048 -0.6344115 -0.772975 0.006815626 -0.77293 -0.6344548 0.007823645 -0.8819023 -0.4713673 0.008500161 -0.9568903 -0.2903249 0.008831942 -0.9951729 -0.09773898 0.008493113 -0.9569942 -0.2899827 0.008832517 -0.9951409 -0.09806345 0.007814076 -0.8821517 -0.4709005 0.006856428 -0.7713657 -0.6363552 0.005631392 -0.6343943 -0.7729892 0.0008698957 -0.09800228 -0.9951859 -0.0008699427 0.0980121 -0.9951848 -0.002576164 0.2902748 -0.9569399 -0.006860324 0.7729941 -0.6343761 -0.008884457 0.9999605 0 -0.0088579 0.9999607 0 -0.008850638 0.9999608 -2.946901e-06 -0.008897033 0.9999604 6.281794e-06 -0.008898962 0.9999604 -1.283403e-05 -0.0088462 0.9999609 -2.241556e-05 -0.008888317 0.9999605 1.916041e-05 -0.008885702 0.9999605 -2.38675e-05 -0.008849967 0.9999608 -1.196589e-05 -0.008819818 0.9999611 -0.000133615 -0.008850193 0.9999608 1.909683e-05 -0.008904873 0.9999603 3.897319e-07 -0.008862937 0.9999607 8.73373e-06 -0.008894829 0.9999604 1.690824e-05 -0.008854149 0.9999608 3.375984e-05 -0.008835988 0.9999609 3.015923e-05 -0.008976931 0.9999597 -6.401445e-05 -0.008865356 0.9999607 -2.13867e-05 -0.008865356 0.9999607 0.0001381032 -0.008842587 0.9999609 1.914159e-05 -0.008849966 0.9999608 1.196581e-05 -0.008885703 0.9999605 2.38672e-05 -0.008888319 0.9999605 -1.916064e-05 -0.008846201 0.9999609 2.241565e-05 -0.00889896 0.9999604 1.283406e-05 -0.008897033 0.9999604 -6.281819e-06 -0.0088579 0.9999608 0 -0.008884457 0.9999605 0 -0.008862936 0.9999607 -8.733796e-06 -0.008904872 0.9999603 -3.897335e-07 -0.008854147 0.9999608 -3.376023e-05 -0.008894828 0.9999604 -1.690827e-05 -0.008835987 0.999961 -3.015973e-05 -0.008885918 0.9999605 1.243934e-05 -0.00887832 0.9999606 -2.114765e-05 -0.008890612 0.9999605 5.381833e-06 -0.008858092 0.9999607 1.733868e-06 -0.008885229 0.9999605 0.0001400413 -0.008885229 0.9999605 -0.0001400435 -0.008926101 0.9999601 0.0001718444 -0.008843317 0.9999609 -8.730383e-05 -0.008845054 0.9999609 -2.410704e-05 -0.00897982 0.9999596 6.68665e-05 -0.008815271 0.9999612 -4.750048e-05 -0.008820501 0.9999611 5.297759e-05 -0.008885919 0.9999605 -1.243995e-05 -0.00886036 0.9999607 4.802708e-05 -0.008877023 0.9999606 2.742393e-05 -0.008891811 0.9999605 -0.0001712585 -0.008858092 0.9999608 -1.733848e-06 -0.008891809 0.9999605 0.0001712548 -0.008877022 0.9999606 -2.742778e-05 -0.008860363 0.9999608 -4.802125e-05 -0.008820503 0.9999611 -5.297774e-05 -0.008976928 0.9999597 6.401438e-05 -0.008850638 0.9999609 2.946923e-06 -0.00881527 0.9999612 4.750051e-05 -0.00897982 0.9999597 -6.686606e-05 -0.008845054 0.9999609 2.410694e-05 -0.008843317 0.9999609 8.730253e-05 -0.008926103 0.9999601 -0.000171847 -0.008850192 0.9999608 -1.909655e-05 -0.008878319 0.9999606 2.114715e-05 -0.008890611 0.9999605 -5.380723e-06 -0.9951442 -0.008835076 -0.0980306 -0.9951526 -0.008837968 -0.09794485 -0.9568617 -0.008497904 -0.2904196 -0.9569407 -0.008489715 -0.2901592 -0.8818902 -0.007823886 -0.4713899 -0.8818883 -0.007824 -0.4713934 -0.7730165 -0.006858102 -0.6343489 -0.6343443 -0.00563195 -0.7730301 -0.4713883 -0.00418251 -0.8819159 -0.6344289 -0.005629128 -0.7729608 -0.4714039 -0.004183226 -0.8819075 -0.2902688 -0.002575838 -0.9569417 -0.09801544 -0.0008704198 -0.9951845 0.09802167 0.000870279 -0.9951839 0.2902689 0.002577154 -0.9569417 0.4713884 0.00418546 -0.8819157 0.2902647 0.002577261 -0.956943 0.4714041 0.004186182 -0.8819073 0.6343445 0.005633133 -0.77303 0.7728958 0.006863809 -0.6344957 0.8819149 0.007825308 -0.4713436 0.9569124 0.0084914 -0.2902527 0.9951439 0.00883468 -0.09803253 0.9568779 0.008494962 -0.290366 0.995147 0.008835726 -0.09800146 0.8819064 0.007825816 -0.4713594 0.7730092 0.006858978 -0.6343577 0.6343385 0.005633331 -0.7730349 0.09802146 0.000870284 -0.9951839 -0.09802141 -0.0008702767 -0.9951839 -0.2902139 -0.002577226 -0.9569584 -0.7729188 -0.006862266 -0.634468 -0.9951469 -0.008836122 -0.09800199 -0.9951373 -0.008829498 -0.09810156 -0.9569222 -0.00849043 -0.2902203 -0.9568975 -0.008495765 -0.2903016 -0.8818573 -0.007829524 -0.4714514 -0.8818972 -0.007824355 -0.4713769 -0.7730111 -0.006858297 -0.6343554 -0.6343486 -0.005632175 -0.7730267 -0.4713763 -0.004182087 -0.8819222 -0.634398 -0.005628429 -0.7729861 -0.4713776 -0.004182192 -0.8819216 -0.2902823 -0.002575465 -0.9569376 -0.09801468 -0.0008696545 -0.9951846 0.09800571 0.0008701373 -0.9951854 0.2902738 0.002575411 -0.9569402 0.4713891 0.004182525 -0.8819155 0.2902721 0.002575516 -0.9569407 0.4713903 0.00418263 -0.8819148 0.6343938 0.005628953 -0.7729895 0.7729625 0.006864199 -0.6344146 0.8818978 0.007824519 -0.4713758 0.9568974 0.008497624 -0.290302 0.9951382 0.008831412 -0.09809228 0.9569222 0.008492262 -0.2902203 0.995147 0.008837418 -0.09800202 0.8818466 0.007831143 -0.4714713 0.7730227 0.006858539 -0.6343414 0.6343381 0.005633162 -0.7730352 0.09801482 0.0008696216 -0.9951846 -0.0980061 -0.0008701407 -0.9951854 -0.2902805 -0.00257557 -0.9569381 -0.7729623 -0.006862882 -0.6344149 0.0088972 -0.9999604 0 0.008869646 -0.9999607 0 0.008861841 -0.9999607 -3.166316e-06 0.008874876 -0.9999606 -5.740047e-07 0.008869813 -0.9999607 -1.120928e-06 0.00888608 -0.9999605 9.977138e-06 0.008867301 -0.9999606 -9.264042e-06 0.008879952 -0.9999606 9.842253e-06 0.008872656 -0.9999606 -1.732315e-05 0.008859677 -0.9999607 -2.823009e-05 0.008873064 -0.9999606 3.906701e-05 0.008870999 -0.9999607 1.200063e-05 0.008864387 -0.9999607 1.331603e-05 0.008880428 -0.9999606 5.05101e-06 0.008883488 -0.9999605 3.782387e-06 0.008870031 -0.9999607 1.400016e-05 0.008874131 -0.9999606 1.126163e-05 0.00887862 -0.9999606 1.845339e-05 0.00887862 -0.9999606 3.00949e-05 0.008869149 -0.9999607 -1.938765e-05 0.008872655 -0.9999606 1.732303e-05 0.008879952 -0.9999606 -9.84213e-06 0.008867301 -0.9999607 9.264154e-06 0.008886079 -0.9999605 -9.977179e-06 0.008869812 -0.9999607 1.12093e-06 0.008874876 -0.9999606 5.74007e-07 0.008869646 -0.9999607 0 0.008897199 -0.9999604 0 0.008864388 -0.9999607 -1.331613e-05 0.008870999 -0.9999607 -1.200068e-05 0.008883491 -0.9999606 -3.783155e-06 0.008880428 -0.9999605 -5.051019e-06 0.00887003 -0.9999607 -1.400098e-05 0.008880057 -0.9999606 4.029799e-06 0.008865006 -0.9999607 -1.183946e-05 0.008876001 -0.9999606 1.185115e-05 0.008876439 -0.9999606 -2.02871e-06 0.008876059 -0.9999606 4.410879e-08 0.008876058 -0.9999606 -4.410948e-08 0.008875879 -0.9999606 -4.836746e-06 0.008863831 -0.9999607 -1.752765e-05 0.008887709 -0.9999605 2.214064e-05 0.008886937 -0.9999605 1.091352e-05 0.008874129 -0.9999606 -1.126162e-05 0.008861843 -0.9999608 3.166341e-06 0.008881244 -0.9999606 -3.614389e-06 0.00887053 -0.9999607 4.132305e-07 0.008885105 -0.9999605 -8.541924e-06 0.008867498 -0.9999607 8.79705e-06 0.008876023 -0.9999606 9.196036e-06 0.008873063 -0.9999606 -3.906642e-05 0.008876022 -0.9999606 -9.195896e-06 0.008867498 -0.9999607 -8.797142e-06 0.008885105 -0.9999605 8.54158e-06 0.00887053 -0.9999607 -4.136128e-07 0.008881244 -0.9999606 3.614768e-06 0.008886938 -0.9999605 -1.091395e-05 0.008880055 -0.9999605 -4.030896e-06 0.008887708 -0.9999605 -2.21401e-05 0.008863831 -0.9999607 1.752815e-05 0.00887588 -0.9999606 4.836626e-06 0.008876437 -0.9999606 2.028209e-06 0.008865005 -0.9999607 1.183961e-05 0.008876001 -0.9999606 -1.185123e-05 -0.9951371 -0.008836034 0.0981027 -0.9951469 -0.008829584 0.09800315 -0.9568982 -0.008490216 0.2902994 -0.9569228 -0.008495988 0.2902181 -0.8818997 -0.0078299 0.4713721 -0.88186 -0.007824022 0.4714466 -0.7729561 -0.006857809 0.6344225 -0.6343969 -0.005632604 0.7729869 -0.4713806 -0.004182125 0.88192 -0.6343474 -0.00562798 0.7730276 -0.4713793 -0.00418221 0.8819207 -0.2902822 -0.002575464 0.9569376 -0.09800225 -0.0008695443 0.9951859 0.09801094 0.0008701838 0.995185 0.2902738 0.002575411 0.9569402 0.4713933 0.004182563 0.8819131 0.2902756 0.002575547 0.9569396 0.4713921 0.004182646 0.8819138 0.634337 0.005628449 0.7730361 0.7730164 0.006864677 0.6343489 0.8818493 0.007824088 0.4714664 0.9569228 0.00849785 0.2902181 0.9951469 0.008831489 0.09800316 0.9568981 0.008492048 0.2902999 0.995138 0.008837338 0.09809343 0.8819004 0.007831621 0.4713709 0.7729563 0.006857949 0.6344222 0.6343927 0.005633646 0.7729905 0.09800187 0.0008695068 0.9951859 -0.09801081 -0.0008701825 0.995185 -0.2902841 -0.002575602 0.9569371 -0.7730047 -0.006863259 0.6343631 -0.9951528 -0.008835154 0.09794331 -0.9951442 -0.008837894 0.09802908 -0.9569393 -0.008498595 0.2901635 -0.9568604 -0.008489002 0.290424 -0.8818918 -0.0078239 0.4713869 -0.8818936 -0.007824047 0.4713835 -0.7729157 -0.006857208 0.6344718 -0.6344242 -0.005632658 0.7729646 -0.4713978 -0.004182595 0.8819108 -0.6343397 -0.005628337 0.7730339 -0.4713822 -0.004183033 0.8819191 -0.2902068 -0.002575288 0.9569605 -0.09803683 -0.0008706098 0.9951824 0.09803687 0.000870414 0.9951824 0.2902575 0.002577053 0.9569451 0.4713981 0.004185546 0.8819106 0.2902618 0.002577236 0.9569438 0.4713823 0.004185989 0.881919 0.6343338 0.005633038 0.7730387 0.773006 0.006864788 0.6343615 0.88191 0.007825264 0.4713529 0.9568766 0.008491083 0.2903703 0.9951472 0.008834708 0.09799995 0.956911 0.008495255 0.290257 0.9951441 0.008835701 0.09803101 0.8819184 0.007825922 0.4713372 0.7728928 0.006857945 0.6344997 0.6343398 0.005633343 0.7730339 0.09803709 0.0008704229 0.9951824 -0.09803086 -0.0008703606 0.9951829 -0.2902617 -0.002577651 0.9569438 -0.7730132 -0.006863105 0.6343528 0.9999606 0.008874405 -5.228029e-05 -0.006863315 0.7730647 0.6342901 0.007827298 -0.8818725 -0.4714231 0.006863616 -0.7730167 0.6343485 -0.008497148 0.9567782 -0.2906946 -0.9999605 -0.008880798 -0 -0.9999585 -0.009108711 -0.0001625813 -0.9999599 -0.008955032 -6.642977e-05 -0.9999613 -0.008800183 4.886841e-05 -0.9999615 -0.008773297 5.47778e-05 0.008875127 -0.9999606 0 -0.007825289 0.8819094 0.4713539 -0.007826612 0.8819231 0.4713282 -0.002575932 0.2902725 0.9569405 -0.004184133 0.4713854 0.8819174 0.002575519 -0.2902543 0.9569461 0.002574773 -0.2900937 0.9569948 0.008493117 -0.9568877 -0.2903336 0.008492933 -0.9568982 -0.2902995 0.008832889 -0.9951425 -0.09804744 0.005632937 -0.6344115 0.772975 0.005630156 -0.6343486 0.7730266 0.00418209 -0.4713687 0.8819263 0.004184392 -0.4713675 0.881927 -0.008832267 0.9951472 -0.09800059 0.008878051 -0.9999606 -8.396724e-06 -0.008491914 0.9568911 0.2903229 -0.008492519 0.9568981 0.2902995 -0.00882518 0.9951486 0.09798677 -0.008835176 0.9951281 0.09819385 -0.004183411 0.4713817 0.8819194 -0.0008714847 0.09816726 0.9951696 -0.002576449 0.2902208 0.9569563 0.008497057 -0.9569024 0.2902852 0.008492509 -0.9569273 0.2902034 -0.008831615 0.9951451 -0.09802166 -0.008489505 0.956891 -0.2903234 0.8802596 0.009243234 -0.4744023 0.877664 0.008176398 -0.4792067 0.006861339 -0.7729518 -0.6344277 0.007825581 -0.8819034 -0.4713652 0.006859276 -0.7730055 -0.6343622 -0.005629745 0.6343529 0.7730231 -0.005630423 0.6344579 0.7729369 -0.006859664 0.7729737 0.6344011 0.000870124 -0.09803491 0.9951826 0.000870167 -0.09800009 0.995186 -0.0008702073 0.09800463 0.9951856 0.008825638 -0.9951463 -0.09800993 0.008838044 -0.9951462 0.09800993 0.008832525 -0.9951425 0.09804744 -0.9999617 -0.008746115 -0.0001662711 -0.9999589 -0.009069159 4.444046e-05 -0.9999612 -0.008814854 -3.570671e-05 -0.999962 -0.008715156 -8.006378e-05 -0.9999589 -0.00907296 0.0001153032 -0.9999623 -0.008687278 -9.778226e-05 0.007826645 -0.8818986 0.4713743 0.007826475 -0.8818827 0.4714038 0.006859616 -0.772937 0.6344457 -0.006860877 0.772973 -0.6344018 -0.008579689 0.9675454 -0.2525513 -0.9999605 -0.00888565 4.427775e-06 -0.008587801 0.9675441 -0.2525567 -0.9999605 -0.00888874 -3.518198e-06 -0.9999601 -0.008941088 -0.0001082891 -0.00783231 0.8819175 -0.4713388 -0.007827772 0.8818822 -0.471405 -0.6469032 -7.18658e-07 0.7625722 0.8228202 9.297932e-07 -0.5683017 -0.9422118 -1.067705e-06 0.3350178 -0.9968928 -1.288414e-06 0.07877047 -0.9831219 -1.428346e-06 -0.1829516 -0.9018188 -1.455803e-06 -0.4321145 -0.4214201 -0.003741814 0.9068578 -0.01513379 -0.9998792 -0.003507436 0.003247463 0.9998927 -0.01428423 0.006621033 0.999921 -0.01069593 0.006621033 0.999921 -0.01069593 -0.7585993 -1.224605e-06 -0.6515574 -0.9944864 0 -0.1048658 -0.9506509 6.266487e-07 -0.3102627 -0.7411885 1.221439e-07 -0.671297 -0.8650331 5.702109e-07 -0.5017149 -0.02287118 -0.9997328 -0.003327637 -0.01780811 -0.9993137 -0.03248259 -0.009232291 -0.9999558 -0.001781174 -0.9999602 -0.008921141 1.907629e-05 0.9999606 0.008873544 -4.983099e-05 -0.0008695258 0.09804296 0.9951818 0.002574039 -0.2902583 0.9569448 -0.006855176 0.7729942 0.6343761 -0.002574394 0.2902748 -0.9569399 0.008825752 -0.9951434 0.09803971 -0.004180657 0.4713881 -0.881916 0.005626178 -0.6343943 0.7729892 0.008486581 -0.9569004 -0.2902923 -0.005625681 0.6343558 -0.7730207 0.002574451 -0.290289 -0.9569355 0.007820742 -0.8818725 -0.4714231 -0.008486602 0.9569025 -0.2902852 0.005626177 -0.6343943 -0.7729892 -0.002574143 0.2902463 0.9569486 -0.008825301 0.9951472 0.09800056 -0.007821233 0.881879 0.471411 0.006855877 -0.7730094 -0.6343575 -0.008824809 0.9951465 -0.09800828 0.008486093 -0.9568982 0.2902995 0.0008690939 -0.09800228 -0.9951858 0.0008694282 -0.09803197 0.9951828 0.00418036 -0.4713676 0.881927 -0.006855377 0.7729961 -0.6343738 -0.005625818 0.6343539 0.7730223 0.004180253 -0.4713554 -0.8819334 -0.004180506 0.4713969 0.8819113 0.008826233 -0.9951426 -0.09804744 -0.007820833 0.8818822 -0.4714049 -0.008485629 0.9568982 0.2902995 0.006855464 -0.7730056 0.6343622 -0.000869252 0.09801211 -0.9951848 0.007821348 -0.8818676 0.4714323 0.9999608 0.008855097 5.261345e-05 -0.9999608 -0.008855098 -5.261345e-05 0.9999608 0.008854614 5.260124e-05 -0.008842603 0.9951458 0.09801379 -0.008485566 0.9568906 -0.2903244 0.00418778 -0.4713711 0.881925 0.0008707768 -0.09804637 -0.9951815 0.006862822 -0.7729889 -0.6343824 -0.004186308 0.4713638 -0.881929 -0.0008709673 0.0980349 -0.9951826 0.006867417 -0.7729878 0.6343837 -0.006865711 0.7729256 0.6344596 0.005625564 -0.6343769 -0.7730035 -0.006864718 0.772944 0.6344371 -0.008501356 0.9569024 0.2902852 0.008841147 -0.9951481 0.09799063 0.007832506 -0.8819126 -0.4713479 0.008498427 -0.956893 0.2903163 0.00782985 -0.8819094 0.4713539 -0.0008705498 0.09800445 0.9951856 -0.004188345 0.4713565 0.8819328 0.005636701 -0.6343538 0.7730223 0.002577988 -0.290272 0.9569407 -0.005634376 0.6344115 0.772975 -0.002578268 0.2902553 -0.9569458 0.002578615 -0.2902456 -0.9569487 -0.006864665 0.7729369 -0.6344457 0.004188573 -0.4713816 -0.8819194 0.0008708001 -0.09801628 0.9951844 -0.005637261 0.6344171 -0.7729703 0.00850126 -0.9568909 -0.2903234 0.006854558 -0.7729666 0.6344096 -0.007820541 0.8818986 0.4713742 0.008839667 -0.9951484 -0.09798677 -0.007833835 0.8819146 -0.4713439 -0.008841125 0.9951462 -0.09800993 -0.002578082 0.2902828 0.9569374 -0.9998425 -0.008887692 -0.01536464 0.008875596 -0.9999607 0 -0.9999602 -0.008925059 -9.291804e-06 -0.9999604 -0.008908322 3.072689e-05 -0.9999626 -0.008646951 -0.0001552293 -0.9999606 -0.008876178 0 -0.008831397 0.9951472 0.09800057 -0.008491256 0.9568909 0.2903234 -0.006861153 0.772994 0.6343761 -0.005630795 0.6343558 0.7730207 -0.002576259 0.2902463 0.9569485 -0.0008709637 0.09804294 0.9951819 0.0008700173 -0.09803311 0.9951828 0.002576474 -0.2902583 0.9569448 0.005630992 -0.6343943 0.7729892 0.006861371 -0.7730055 0.6343622 0.007825254 -0.8818725 0.4714231 0.008492611 -0.9568982 0.2902995 0.880259 0.009245424 -0.4744034 -0.008588179 0.9675436 -0.2525582 -0.008835637 0.9951485 -0.09798677 -0.008491992 0.9568981 -0.2902995 0.00783892 -0.8818985 -0.4713742 0.008476217 -0.9569026 -0.2902852 0.9999721 0.007450622 -0.0004809432 0.9999619 0.008728448 -0.00036428 0.9999649 0.008343558 -0.0007491616 0.9999584 0.009125451 0.0002035872 0.9999635 0.00852467 -0.0006955475 0.9999591 0.009045625 0.0002791177 0.9999653 0.008075847 0.002014979 0.9999721 0.007308808 0.001516481 0.9999721 0.007452971 0.0004842965 0.9999676 0.008047487 0.0002380244 0.9999573 0.009232154 -0.0001213605 0.9999721 0.007452969 -0.0004842977 0.9999721 0.007308805 -0.001516481 0.9999654 0.008076044 -0.002014541 0.999958 0.008833103 -0.002435962 0.9999584 0.009125439 -0.0002035718 0.9999649 0.008343531 0.000749192 0.9999619 0.008728454 0.0003642776 0.9999721 0.00745062 0.0004809432 0.9999775 0.006708328 -0 0.9999595 0.008995964 0.0001592241 0.9999597 0.008970737 -0.0001455018 0.9999603 0.008907064 0.0001180502 0.9999605 0.008881451 5.620824e-05 0.999961 0.008833128 -0.0001867356 0.9999629 0.008611606 0 0.9999605 0.008881549 -1.20163e-05 0.9999606 0.008873973 -5.010764e-05 0.9999603 0.008908803 0.0001206527 0.007815997 -0.882153 -0.4708979 -0.9999593 -0.009012324 -0.0001737736 -0.9999595 -0.008999606 -0.000111778 -0.9999616 -0.008768498 8.902217e-05 -0.9999612 -0.008809788 4.035135e-05 -0.007829488 0.8818919 0.4713867 -0.007826618 0.8818822 0.471405 -0.004183854 0.4713969 0.8819112 0.002581871 -0.2903144 0.9569278 0.00848607 -0.9569917 -0.2899914 0.00883264 -0.9951729 -0.09773812 0.005632387 -0.6344078 0.7729781 0.004182662 -0.4713748 0.8819231 0.004183406 -0.4713074 0.8819591 -0.008830516 0.9951404 -0.09806893 0.00888456 -0.9999605 -3.3255e-06 -0.008492393 0.9569472 0.2901377 -0.008831287 0.9951459 0.09801304 -0.004183174 0.4713839 0.8819181 -0.002574998 0.2902434 0.9569494 0.008489292 -0.9568897 0.2903273 -0.008495992 0.9568942 -0.2903126 0.8776638 0.008176809 -0.4792072 0.006837201 -0.7729442 -0.6344371 0.006902091 -0.7713941 -0.6363203 -0.005627366 0.6343768 0.7730035 -0.006859393 0.7729755 0.6343988 0.0008717806 -0.0980517 0.995181 -0.0008677295 0.09804714 0.9951814 0.008838973 -0.9951418 -0.09805471 0.008836644 -0.9951456 0.09801693 0.008832534 -0.9951428 0.09804453 -0.9999591 -0.009036611 5.02584e-05 -0.999962 -0.008716893 -7.861904e-05 -0.9999589 -0.009069129 0.0001127757 -0.9999602 -0.008918665 3.38643e-05 0.007827522 -0.8819014 0.471369 0.006860248 -0.7729402 0.6344418 -0.006883821 0.7729664 -0.6344096 -0.00857966 0.9675454 -0.2525513 -0.9999605 -0.008886498 5.793318e-06 -0.9999586 -0.00909414 -5.19765e-05 -0.007794664 0.8819097 -0.4713539 -0.007823434 0.8814184 -0.4722714 -0.6469033 -9.398652e-07 0.762572 0.8228202 9.445312e-07 -0.5683017 -0.9422118 -1.216809e-06 0.3350176 -0.9968928 -1.609281e-06 0.07876998 -0.983122 -1.591281e-06 -0.1829514 -0.9018186 -1.314083e-06 -0.4321147 -0.4265425 -6.159873e-07 0.9044676 0.0001930283 -0.999868 0.01624571 0.002919726 0.9998928 -0.01434948 0.005224856 0.9999194 -0.01157977 0.005224856 0.9999194 -0.01157977 -0.7585979 2.515347e-07 -0.6515591 -0.994486 6.543258e-07 -0.1048688 -0.9506509 6.256859e-07 -0.3102627 -0.7411882 2.453659e-07 -0.6712974 -0.865034 1.390494e-07 -0.5017131 -0.008642186 -0.9994256 -0.03276745 -0.02637435 -0.9995856 -0.01153174 -0.06127036 -0.9961738 0.0623193 0.005634498 -0.9994367 -0.0330806 -0.001106796 -0.9994592 -0.03286353 -0.007338386 -0.9999357 -0.008648127 -0.008035717 -0.9999348 -0.008109629 0.001661519 -0.9989125 -0.04659354 -0.02754129 -0.9993982 -0.0210898 -0.005432001 -0.9999163 -0.01174951 -0.0211654 -0.9994054 -0.02721921 -0.007159512 -0.9999378 0.008552424 -0.008799356 -0.9999416 0.006280389 -0.00974356 -0.9999514 0.001482156 -0.008679641 -0.9999481 0.005337347 -0.009601234 -0.999948 -0.00343971 -0.008496364 -0.99995 -0.005281797 -0.009526183 -0.999953 0.001810133 -0.9999721 -0.00745062 0.0004809432 -0.9999775 -0.006708328 -0 -0.9999721 -0.007450622 -0.0004809432 -0.9999619 -0.008728448 -0.00036428 -0.9999649 -0.00834353 -0.0007491901 -0.9999584 -0.009125439 0.0002035718 -0.999958 -0.008833103 0.002435962 -0.9999654 -0.008076047 0.002014541 -0.9999721 -0.007308808 0.001516481 -0.9999721 -0.007452971 0.0004842965 -0.9999676 -0.008047487 0.0002380244 -0.9999676 -0.008047487 -0.0002380245 -0.999961 -0.008832106 0 -0.9999721 -0.007452969 -0.0004842977 -0.9999721 -0.007308805 -0.001516481 -0.9999653 -0.008075847 -0.002014979 -0.9999582 -0.009123849 0.0005151542 -0.9999635 -0.00852467 0.0006955475 -0.9999601 -0.008941826 -8.491683e-05 -0.9999584 -0.00912545 -0.0002035872 -0.9999649 -0.008343558 0.0007491634 -0.9999619 -0.008728454 0.0003642776 -0.9999629 -0.008611606 0 -0.9999629 -0.008611606 0 -0.9999603 -0.008908394 -0 -0.999961 -0.008833129 -0.0002339099 -0.9999598 -0.008970738 -0.0001454997 -0.9999611 -0.008825243 -0 -0.9999603 -0.008908394 -5.219442e-05 0.9999714 0.007547884 -0.0004453967 0.9999616 0.008759876 -0.0003260011 0.9999649 0.008341962 -0.000743888 0.999958 0.009146779 0.0002367905 0.9999635 0.008513235 -0.0007113758 0.9999591 0.009045161 0.0002838155 0.9999653 0.008071955 0.002024456 0.9999724 0.007267484 0.001566796 0.9999719 0.007472654 0.0004692975 0.9999678 0.008019818 0.0002426418 0.9999574 0.009227443 -0.0001237075 0.9999719 0.007472654 -0.0004692969 0.9999724 0.007267481 -0.001566796 0.9999654 0.008072153 -0.002024016 0.999958 0.008828161 -0.002486098 0.9999581 0.009146768 -0.0002367725 0.9999649 0.008341935 0.0007439164 0.9999616 0.008759868 0.0003259985 0.9999714 0.007547884 0.0004453961 0.9999778 0.00665924 -0 0.9999595 0.008990685 0.0001522942 0.9999598 0.008964448 -0.0001302254 0.9999603 0.00891115 0.0001265833 0.9999605 0.008876035 4.180765e-05 0.999961 0.00882819 -0.0001987507 0.9999627 0.008623055 0 0.9999605 0.008883184 -8.599768e-06 0.9999606 0.008874262 -5.345019e-05 0.9999603 0.008907566 0.000121221 -0.0008695255 0.09804294 0.9951818 0.002574198 -0.2902605 0.9569442 -0.006855377 0.7729961 0.6343738 -0.002574395 0.2902748 -0.9569399 0.008826233 -0.9951426 0.09804744 -0.004180399 0.4713848 -0.8819178 0.005626177 -0.6343943 0.7729892 0.008486093 -0.9568982 -0.2902995 -0.005625818 0.6343539 -0.7730223 0.002574294 -0.2902869 -0.9569362 0.007821348 -0.8818676 -0.4714323 -0.008485629 0.9568982 -0.2902995 0.005626178 -0.6343943 -0.7729892 -0.002574142 0.2902463 0.9569486 -0.008824809 0.9951465 0.09800828 -0.007820833 0.8818822 0.4714049 0.006855464 -0.7730056 -0.6343622 -0.008825301 0.9951472 -0.09800056 0.008486581 -0.9569004 0.2902923 0.0008691548 -0.09800114 -0.9951859 0.0008693677 -0.09803312 0.9951828 0.00418036 -0.4713675 0.881927 -0.006855176 0.7729942 -0.6343761 -0.005625681 0.6343558 0.7730207 0.004180253 -0.4713554 -0.8819335 -0.004180764 0.4714002 0.8819095 0.008825752 -0.9951434 -0.09803971 -0.007821233 0.881879 -0.471411 -0.008486602 0.9569025 0.2902852 0.006855877 -0.7730094 0.6343575 -0.000869252 0.09801212 -0.9951848 0.007820742 -0.8818725 0.4714231 0.9999584 0.009112313 -0.000473462 0.9999587 0.009082284 -0.0004249678 0.9999581 0.009145736 -0.0005075245 0.9999694 0.007757883 0.0009544439 0.9999642 0.008438389 0.0005208455 0.9999501 0.009978634 -0.0004204824 0.9999557 0.009414677 -0.0001526478 0.9999618 0.008743262 8.653731e-05 0.9999612 0.008817487 6.818507e-05 0.999956 0.009386934 -1.387915e-05 0.9999596 0.008988889 3.720628e-06 0.9999637 0.008523348 -2.171369e-05 0.9999604 0.008893419 3.544032e-05 0.9999598 0.008970111 5.517016e-05 0.9999589 0.00907489 9.345558e-05 0.9999622 0.008702761 6.014897e-05 0.9999599 0.008952442 -2.922942e-05 0.9999605 0.008892844 -1.431417e-05 0.9999591 0.009039769 -3.601777e-05 0.9999645 0.008420405 -6.258084e-06 0.9999585 0.009099451 2.824889e-05 0.9999597 0.008977255 9.815134e-06 0.9999626 0.008649282 -7.357591e-05 0.9999576 0.009204155 0.0001282242 0.9999611 0.008818793 -5.788606e-05 0.9999722 0.007407246 -0.0009327278 0.9999432 0.01049662 0.001811092 0.9999595 0.009003093 0.0002205953 0.9999593 0.009015416 0.0002368285 0.9999622 0.008677519 -0.0003164746 0.9999608 0.008855517 -1.218561e-05 -0.9999587 -0.009082284 0.0004249678 -0.9999584 -0.009112312 0.000473462 -0.9999622 -0.008677519 0.0003164759 -0.9999593 -0.009015416 -0.0002368285 -0.9999595 -0.009003093 -0.0002205953 -0.9999432 -0.01049662 -0.00181109 -0.9999721 -0.007407238 0.0009327274 -0.9999611 -0.008818792 5.788605e-05 -0.9999576 -0.009204155 -0.0001282243 -0.9999626 -0.008649282 7.357587e-05 -0.9999597 -0.008977255 -9.815134e-06 -0.9999585 -0.00909945 -2.824889e-05 -0.9999645 -0.008420404 6.258084e-06 -0.9999591 -0.009039769 3.601782e-05 -0.9999605 -0.008892843 1.431401e-05 -0.9999599 -0.008952441 2.922942e-05 -0.9999622 -0.008702761 -6.014872e-05 -0.9999589 -0.009074891 -9.345559e-05 -0.9999608 -0.008855517 1.218561e-05 -0.9999598 -0.008970111 -5.517016e-05 -0.9999604 -0.008893418 -3.544048e-05 -0.9999637 -0.008523348 2.171369e-05 -0.9999596 -0.008988889 -3.720598e-06 -0.999956 -0.009386934 1.387915e-05 -0.9999612 -0.008817487 -6.818507e-05 -0.9999618 -0.008743262 -8.653731e-05 -0.9999557 -0.009414677 0.0001526479 -0.9999501 -0.009978634 0.0004204824 -0.9999642 -0.008438389 -0.0005208468 -0.9999694 -0.007757878 -0.0009544437 -0.9999581 -0.009145736 0.0005075222 0.9999584 0.009109898 -0.0004695224 0.9999587 0.009080414 -0.0004219106 0.999958 0.009148394 -0.0005103566 0.9999689 0.007838149 0.000869864 0.9999641 0.008461619 0.0005074014 0.9999501 0.009987395 -0.0004250917 0.9999557 0.009410981 -0.0001513432 0.9999618 0.008745313 8.579582e-05 0.9999611 0.008813499 6.89368e-05 0.999956 0.009385691 -1.352371e-05 0.9999596 0.008979416 4.440913e-06 0.9999635 0.008535732 -1.979654e-05 0.9999604 0.008894667 3.563791e-05 0.9999598 0.008969046 5.477274e-05 0.9999589 0.009072788 9.267835e-05 0.9999621 0.008703846 5.940899e-05 0.9999599 0.00895146 -2.922983e-05 0.9999604 0.008894133 -1.48823e-05 0.9999591 0.00904171 -3.668216e-05 0.9999645 0.00841946 -6.783731e-06 0.9999588 0.009082104 2.689011e-05 0.9999595 0.008995982 1.389885e-05 0.9999626 0.00865388 -7.3085e-05 0.9999576 0.009205051 0.0001273708 0.9999615 0.008771539 -8.199638e-05 0.9999717 0.007471592 -0.0008876284 0.9999429 0.01052549 0.001844551 0.9999594 0.009008751 0.000229344 0.9999593 0.009014436 0.0002368346 0.9999622 0.008678914 -0.0003125839 0.9999608 0.008855035 -1.218255e-05 -0.008841125 0.9951462 0.09800993 -0.008501356 0.9569024 -0.2902852 0.004188462 -0.4713695 0.8819259 0.000871073 -0.09804711 -0.9951814 0.006854637 -0.7729756 -0.6343988 -0.004188457 0.4713686 -0.8819264 -0.0008708237 0.09803528 -0.9951825 0.006862651 -0.7729695 0.6344059 -0.006864587 0.7729295 0.6344548 0.005636701 -0.6343538 -0.7730223 -0.006864724 0.772944 0.6344371 -0.008485566 0.9568906 0.2903244 0.008839667 -0.9951484 0.09798677 0.00782985 -0.8819094 -0.4713539 0.00850126 -0.9568909 0.2903234 0.007832506 -0.8819126 0.4713479 -0.0008706916 0.09800407 0.9951857 -0.004186201 0.4713517 0.8819354 0.005625564 -0.6343769 0.7730035 0.002578868 -0.2902741 0.95694 -0.005637261 0.6344171 0.7729703 -0.002577821 0.2902543 -0.9569461 0.002577726 -0.2902434 -0.9569494 -0.006865795 0.7729351 -0.634448 0.004187888 -0.4713832 -0.8819185 0.0008705028 -0.09801553 0.9951845 -0.005634376 0.6344115 -0.772975 0.008498427 -0.956893 -0.2903163 0.006867548 -0.7730027 0.6343656 -0.007833835 0.8819146 0.4713439 0.008841147 -0.9951481 -0.09799063 -0.007820541 0.8818986 -0.4713742 -0.008842603 0.9951458 -0.09801379 -0.002578522 0.2902839 0.9569371 0.7501339 8.342535e-07 0.6612859 0.9032884 0.00913748 -0.4289365 0.03807601 -0.9992208 -0.01038912 -0.005349108 -0.999824 -0.0179812 0.10538 -0.9944028 -0.007618343 0.05636303 -0.9983712 0.008838331 0.04284884 -0.998949 0.01627637 0.03821786 -0.9992694 0 -0.00889931 0.9999604 1.673423e-06 -0.008914966 0.9999602 -1.179662e-05 0.008914251 -0.9999603 6.105701e-06 0.008959908 -0.9999598 -3.335707e-05 0.008908149 -0.9999603 0 -0.008942431 0.9999599 0 0.008958071 -0.9999599 3.22252e-06 -0.008942431 0.99996 0 -0.008865499 0.9999607 -1.313446e-05 -0.008886592 0.9999605 4.272646e-06 -0.00887641 0.9999606 1.742775e-06 -0.008871761 0.9999607 7.659315e-07 -0.008869505 0.9999607 1.417885e-06 -0.008861441 0.9999607 6.868067e-07 -0.008895813 0.9999604 -1.408553e-05 -0.008888364 0.9999605 -1.388628e-05 -0.008866937 0.9999607 -1.385141e-06 -0.008874624 0.9999607 2.592799e-07 -0.008874072 0.9999607 -9.092326e-06 -0.008884104 0.9999605 1.23863e-05 -0.008886079 0.9999605 9.977179e-06 -0.008869812 0.9999607 -1.12093e-06 -0.008874876 0.9999606 -5.74007e-07 -0.008869646 0.9999607 0 -0.008897199 0.9999604 0 -0.008864388 0.9999607 1.331613e-05 -0.008870999 0.9999607 1.200068e-05 -0.008883491 0.9999606 3.783155e-06 -0.008880428 0.9999605 5.051019e-06 -0.00887003 0.9999607 1.400098e-05 -0.008880057 0.9999606 -4.029799e-06 -0.008865006 0.9999607 1.183946e-05 -0.008876001 0.9999606 -1.185115e-05 -0.008876439 0.9999606 2.02871e-06 -0.008875879 0.9999606 4.836746e-06 -0.008863831 0.9999607 1.752765e-05 -0.008887709 0.9999605 -2.214064e-05 -0.008886937 0.9999605 -1.091352e-05 -0.008874129 0.9999606 1.126162e-05 -0.008861843 0.9999608 -3.166341e-06 -0.008881244 0.9999606 3.614389e-06 -0.00887053 0.9999607 -4.132305e-07 0.01513379 0.9998792 0.003507436 -0.003247463 -0.9998927 0.01428423 -0.006621033 -0.999921 0.01069593 -0.0001930283 0.999868 -0.01624571 -0.002919726 -0.9998928 0.01434948 -0.005224856 -0.9999194 0.01157977 0.007159512 0.9999378 -0.008552424 0.008799356 0.9999416 -0.006280389 0.00974356 0.9999514 -0.001482156 0.008679641 0.9999481 -0.005337347 0.009526183 0.999953 -0.001810133 -0.2809227 -0.001599441 -0.9597291 -0.6343518 -0.004781211 0.7730297 0.2225036 0.001957416 -0.97493 0.4214151 0.003333203 -0.9068617 0.7729647 0.005703956 -0.6344236 -0.8227881 -0.006029253 0.5683165 -0.1147833 -0.0004141086 -0.9933904 -0.584458 -0.003799099 -0.8114151 -0.5615404 -0.00429038 0.8274382 -0.09801974 -0.001087285 0.9951838 -0.4714086 -0.00367635 0.8819072 0.8819116 0.006407676 -0.4713712 -0.9569255 -0.006864551 0.2902523 0.942183 0.006778523 -0.3350303 0.05464745 0.0007827127 -0.9985054 -0.1548133 -0.001484985 0.9879426 0.2902768 0.001666517 0.9569413 -0.1879947 -0.00171785 0.9821685 -0.8819115 -0.006407635 0.4713716 -0.8480283 -0.006191847 0.5299148 0.09802052 0.0002942293 0.9951844 -0.2902703 -0.002429074 0.9569417 0.5901809 0.003841169 0.8072619 0.7729647 0.005703956 -0.6344236 0.9968676 0.007062248 -0.07877304 -0.6468704 -0.004865915 0.7625845 0.4714143 0.002972916 0.8819069 -0.7729056 -0.005703723 0.6344953 -0.4389663 -0.002738461 -0.8984994 -0.59018 -0.003841446 -0.8072625 -0.8819265 -0.006407729 0.4713432 0.008865288 -0.9999607 1.155636e-05 0.008883302 -0.9999605 -7.568604e-07 0.008878465 -0.9999606 -1.393043e-06 0.008871109 -0.9999606 1.515385e-07 0.00886256 -0.9999607 -2.319027e-06 0.008858497 -0.9999608 -1.950776e-06 0.008900509 -0.9999604 1.6106e-05 0.008889088 -0.9999605 1.579967e-05 0.008866555 -0.9999607 2.651941e-06 0.008873899 -0.9999607 2.396154e-06 0.008876892 -0.9999607 6.08613e-06 0.008886939 -0.9999605 -1.814054e-05 0.008889624 -0.9999605 -1.487142e-05 0.008872981 -0.9999606 -1.227875e-06 0.008873322 -0.9999606 4.947603e-07 0.008862788 -0.9999607 0 0.008902095 -0.9999604 0 0.008874943 -0.9999606 -1.101884e-05 0.008870943 -0.9999607 -1.181506e-05 0.00888513 -0.9999605 -2.482036e-06 0.008881064 -0.9999605 -4.166561e-06 0.008868844 -0.9999607 -1.640012e-05 0.008875749 -0.9999606 1.889636e-06 0.008864839 -0.9999607 -1.174475e-05 0.008879193 -0.9999606 2.005594e-05 0.008875865 -0.9999606 -1.275597e-05 0.008879072 -0.9999606 3.363707e-06 0.008863662 -0.9999607 -1.743752e-05 0.008878851 -0.9999606 9.227788e-06 0.008892889 -0.9999605 1.902894e-05 0.008868253 -0.9999607 -1.679422e-05 0.00885027 -0.9999608 5.080003e-06 0.008880972 -0.9999605 -4.537909e-06 0.008880932 -0.9999605 -9.064324e-06 -0.01513164 -0.9998794 -0.0035058 0.003250374 0.9998927 -0.01428244 0.006621161 0.999921 -0.01069542 0.0001940805 -0.999868 0.01624593 0.002921666 0.9998928 -0.01434788 0.00522843 0.9999194 -0.01157707 -0.007159512 -0.9999377 0.008552419 -0.008798891 -0.9999416 0.00628103 -0.00974238 -0.9999514 0.001481816 -0.008680283 -0.999948 0.005346669 -0.00953152 -0.999953 0.001799958 0.7635643 0.01358499 0.6455887 0.900189 1.487553e-06 -0.4354995 0.0480394 -0.9988455 0 0.0950368 -0.9954718 0.002005724 0.1338962 -0.9909953 0 0.001447037 0.9999865 -0.005007174 -0.008942431 0.9999599 0 -0.2809213 -0.001599259 -0.9597295 -0.6343668 -0.004782262 0.7730173 0.2225034 0.001957391 -0.9749299 0.421416 0.003332997 -0.9068614 0.7729658 0.005704155 -0.634422 -0.8227882 -0.006029321 0.568316 -0.1147848 -0.0004143123 -0.9933903 -0.5844588 -0.003799246 -0.8114144 -0.5615379 -0.004289568 0.82744 -0.09804315 -0.001088602 0.9951816 -0.4714144 -0.00367671 0.8819041 0.8819115 0.006407635 -0.4713716 -0.9569261 -0.006864644 0.2902506 0.9421835 0.006778819 -0.3350289 0.05464899 0.0007829198 -0.9985053 -0.1548089 -0.001486091 0.9879433 0.2902557 0.001665284 0.9569477 -0.1879904 -0.00171666 0.9821694 -0.8819116 -0.006407676 0.4713712 -0.8480286 -0.006191978 0.5299143 0.09804332 0.0002955144 0.9951821 -0.2902489 -0.002427832 0.956948 0.59018 0.003841446 0.8072625 0.7729658 0.005704155 -0.634422 0.9968675 0.007062252 -0.07877301 -0.6468695 -0.004865674 0.7625852 0.4714213 0.002973357 0.8819032 -0.7729005 -0.005703297 0.6345016 -0.4389663 -0.00273846 -0.8984994 -0.5901809 -0.003841169 -0.8072619 -0.8819267 -0.006407729 0.4713432</float_array>
          <technique_common>
            <accessor count="1411" source="#cubenormals-array1-array" stride="3">
              <param type="float" name="X" />
              <param type="float" name="Y" />
              <param type="float" name="Z" />
            </accessor>
          </technique_common>
        </source>
        <vertices id="cubeverts-array1-vertices">
          <input semantic="POSITION" source="#cubeverts-array1" />
        </vertices>
        <triangles count="1411" material="ref_DOBOT_Magician_mit_TOOLS_Greifer_024">
          <input offset="0" semantic="VERTEX" source="#cubeverts-array1-vertices" />
          <input offset="1" semantic="NORMAL" source="#cubenormals-array1" />
          <p>0 0 1 0 2 0 0 1 3 1 1 1 1 2 3 2 4 2 4 3 3 3 5 3 6 4 5 4 7 4 8 5 6 5 7 5 8 6 9 6 6 6 8 7 10 7 9 7 9 8 10 8 11 8 11 9 10 9 12 9 13 10 12 10 14 10 13 11 11 11 12 11 14 12 12 12 15 12 15 13 12 13 16 13 17 14 16 14 18 14 17 15 15 15 16 15 18 16 16 16 19 16 19 17 16 17 20 17 21 18 20 18 22 18 23 19 22 19 24 19 25 20 24 20 26 20 27 21 26 21 28 21 29 22 27 22 28 22 29 23 30 23 27 23 29 24 31 24 30 24 30 25 31 25 32 25 32 26 31 26 33 26 34 27 35 27 36 27 37 28 38 28 39 28 2 29 37 29 39 29 2 30 1 30 37 30 40 31 41 31 42 31 43 32 40 32 42 32 44 33 45 33 46 33 45 34 47 34 46 34 38 35 45 35 48 35 49 36 38 36 48 36 49 37 50 37 38 37 38 38 50 38 39 38 48 39 45 39 51 39 51 40 45 40 52 40 53 41 52 41 54 41 55 42 54 42 56 42 55 43 53 43 54 43 53 44 51 44 52 44 57 45 32 45 33 45 27 46 25 46 26 46 25 47 23 47 24 47 23 48 21 48 22 48 21 49 19 49 20 49 6 50 4 50 5 50 58 51 59 51 38 51 60 52 38 52 61 52 60 53 58 53 38 53 61 54 62 54 63 54 62 55 64 55 65 55 64 56 34 56 66 56 66 57 34 57 67 57 67 58 34 58 68 58 68 59 34 59 69 59 69 60 34 60 70 60 70 61 34 61 71 61 71 62 34 62 72 62 73 63 72 63 74 63 73 64 71 64 72 64 34 65 36 65 72 65 75 66 76 66 77 66 78 67 77 67 79 67 78 68 75 68 77 68 80 69 81 69 82 69 83 70 80 70 82 70 83 71 84 71 80 71 81 72 85 72 82 72 82 73 85 73 77 73 77 74 85 74 86 74 87 75 77 75 86 75 87 76 88 76 77 76 87 77 89 77 88 77 87 78 90 78 89 78 87 79 91 79 90 79 88 80 92 80 77 80 77 81 92 81 93 81 94 82 77 82 93 82 94 83 95 83 77 83 77 84 95 84 42 84 96 85 42 85 97 85 96 86 77 86 42 86 96 87 98 87 77 87 77 88 98 88 79 88 99 89 100 89 72 89 101 90 72 90 102 90 76 91 103 91 77 91 100 92 104 92 72 92 104 93 105 93 106 93 107 94 72 94 106 94 74 95 107 95 108 95 59 96 109 96 38 96 110 97 47 97 109 97 42 98 110 98 111 98 112 99 42 99 111 99 112 100 113 100 42 100 42 101 113 101 114 101 115 102 42 102 114 102 115 103 97 103 42 103 101 104 99 104 72 104 116 105 117 105 118 105 117 106 119 106 118 106 120 107 110 107 119 107 111 108 120 108 121 108 121 109 122 109 111 109 122 110 123 110 124 110 123 111 125 111 124 111 126 112 127 112 128 112 129 113 130 113 131 113 129 114 127 114 130 114 131 115 132 115 115 115 133 116 134 116 132 116 135 117 136 117 137 117 138 118 139 118 140 118 141 119 142 119 143 119 144 120 142 120 145 120 144 121 143 121 142 121 145 122 146 122 78 122 146 123 147 123 148 123 149 124 150 124 151 124 152 125 153 125 154 125 155 126 156 126 157 126 158 127 156 127 159 127 158 128 157 128 156 128 159 129 160 129 161 129 155 130 154 130 153 130 152 131 151 131 150 131 149 132 148 132 147 132 141 133 140 133 139 133 138 134 136 134 162 134 137 135 134 135 135 135 128 136 125 136 126 136 139 137 162 137 163 137 142 138 163 138 164 138 142 139 139 139 163 139 165 140 166 140 167 140 168 141 167 141 169 141 168 142 165 142 167 142 170 143 171 143 56 143 172 144 56 144 173 144 172 145 170 145 56 145 174 146 175 146 54 146 123 147 54 147 126 147 123 148 174 148 54 148 166 149 156 149 167 149 167 150 156 150 163 150 163 151 156 151 153 151 150 152 163 152 153 152 150 153 147 153 163 153 163 154 147 154 164 154 162 155 135 155 163 155 163 156 135 156 54 156 54 157 135 157 133 157 130 158 54 158 133 158 130 159 126 159 54 159 175 160 117 160 54 160 54 161 117 161 56 161 56 162 117 162 176 162 177 163 56 163 176 163 177 164 178 164 56 164 56 165 178 165 173 165 171 166 179 166 56 166 56 167 179 167 167 167 167 168 179 168 180 168 181 169 167 169 180 169 181 170 182 170 167 170 167 171 182 171 183 171 169 172 167 172 183 172 41 173 40 173 184 173 185 174 184 174 186 174 187 175 45 175 188 175 187 176 52 176 45 176 187 177 189 177 52 177 52 178 189 178 54 178 54 179 189 179 163 179 41 180 185 180 44 180 190 181 184 181 40 181 40 182 43 182 190 182 190 183 43 183 191 183 192 184 191 184 193 184 194 185 192 185 193 185 194 186 195 186 192 186 192 187 195 187 196 187 197 188 196 188 198 188 199 189 197 189 198 189 199 190 200 190 197 190 196 191 197 191 192 191 192 192 197 192 201 192 202 193 192 193 201 193 202 194 203 194 192 194 202 195 204 195 203 195 203 196 204 196 205 196 206 197 205 197 207 197 206 198 203 198 205 198 192 199 190 199 191 199 2 200 208 200 0 200 0 201 208 201 209 201 167 202 163 202 210 202 210 203 163 203 189 203 211 204 189 204 187 204 212 205 187 205 213 205 212 206 211 206 187 206 187 207 188 207 213 207 213 208 188 208 72 208 214 209 72 209 215 209 214 210 213 210 72 210 186 211 184 211 216 211 216 212 77 212 102 212 77 213 184 213 190 213 192 214 77 214 190 214 217 215 218 215 219 215 217 216 220 216 218 216 218 217 209 217 219 217 219 218 209 218 72 218 72 219 209 219 208 219 215 220 72 220 208 220 211 221 210 221 189 221 2 222 39 222 208 222 208 223 39 223 215 223 215 224 39 224 50 224 214 225 50 225 49 225 213 226 49 226 48 226 212 227 48 227 51 227 211 228 51 228 53 228 210 229 53 229 55 229 167 230 55 230 56 230 167 231 210 231 55 231 210 232 211 232 53 232 211 233 212 233 51 233 212 234 213 234 48 234 213 235 214 235 49 235 214 236 215 236 50 236 8 237 7 237 221 237 221 238 7 238 220 238 220 239 7 239 5 239 218 240 5 240 3 240 209 241 3 241 0 241 209 242 218 242 3 242 5 243 218 243 220 243 12 244 10 244 222 244 222 245 10 245 223 245 223 246 10 246 8 246 221 247 223 247 8 247 33 248 31 248 224 248 224 249 31 249 225 249 226 250 224 250 225 250 226 251 227 251 224 251 226 252 228 252 227 252 227 253 228 253 229 253 229 254 228 254 230 254 231 255 230 255 232 255 233 256 231 256 232 256 233 257 234 257 231 257 233 258 235 258 234 258 234 259 235 259 236 259 236 260 235 260 237 260 238 261 237 261 239 261 240 262 239 262 241 262 242 263 241 263 243 263 242 264 240 264 241 264 225 265 31 265 244 265 244 266 31 266 29 266 245 267 29 267 28 267 26 268 245 268 28 268 26 269 246 269 245 269 26 270 24 270 246 270 246 271 24 271 247 271 247 272 24 272 22 272 248 273 22 273 20 273 249 274 20 274 16 274 249 275 248 275 20 275 248 276 247 276 22 276 245 277 244 277 29 277 240 278 238 278 239 278 238 279 236 279 237 279 231 280 229 280 230 280 16 281 12 281 249 281 249 282 12 282 222 282 250 283 251 283 222 283 252 284 222 284 223 284 253 285 223 285 221 285 254 286 221 286 220 286 255 287 220 287 256 287 255 288 254 288 220 288 256 289 220 289 257 289 257 290 220 290 217 290 258 291 217 291 259 291 258 292 257 292 217 292 259 293 217 293 260 293 260 294 217 294 243 294 261 295 243 295 241 295 262 296 241 296 239 296 263 297 239 297 237 297 264 298 237 298 265 298 264 299 263 299 237 299 237 300 235 300 265 300 265 301 235 301 266 301 266 302 235 302 233 302 267 303 233 303 232 303 268 304 232 304 230 304 269 305 230 305 228 305 270 306 228 306 226 306 271 307 226 307 225 307 272 308 225 308 244 308 273 309 244 309 245 309 274 310 245 310 246 310 275 311 246 311 276 311 275 312 274 312 246 312 246 313 247 313 276 313 276 314 247 314 277 314 277 315 247 315 248 315 278 316 248 316 249 316 279 317 249 317 280 317 279 318 278 318 249 318 280 319 249 319 281 319 281 320 249 320 222 320 251 321 281 321 222 321 278 322 277 322 248 322 274 323 273 323 245 323 273 324 272 324 244 324 272 325 271 325 225 325 271 326 270 326 226 326 270 327 269 327 228 327 269 328 268 328 230 328 268 329 267 329 232 329 267 330 266 330 233 330 263 331 262 331 239 331 262 332 261 332 241 332 261 333 260 333 243 333 254 334 253 334 221 334 253 335 252 335 223 335 252 336 250 336 222 336 242 337 243 337 282 337 282 338 243 338 217 338 283 339 217 339 219 339 284 340 219 340 72 340 36 341 284 341 72 341 284 342 283 342 219 342 283 343 282 343 217 343 285 344 265 344 286 344 286 345 265 345 266 345 267 346 286 346 266 346 267 347 287 347 286 347 267 348 268 348 287 348 287 349 268 349 288 349 288 350 268 350 269 350 289 351 269 351 270 351 290 352 270 352 57 352 290 353 289 353 270 353 270 354 271 354 57 354 57 355 271 355 272 355 32 356 272 356 273 356 30 357 273 357 274 357 27 358 274 358 275 358 25 359 275 359 23 359 25 360 27 360 275 360 275 361 276 361 23 361 23 362 276 362 277 362 21 363 277 363 278 363 19 364 278 364 279 364 18 365 279 365 280 365 17 366 280 366 15 366 17 367 18 367 280 367 280 368 281 368 15 368 18 369 19 369 279 369 19 370 21 370 278 370 21 371 23 371 277 371 27 372 30 372 274 372 30 373 32 373 273 373 32 374 57 374 272 374 289 375 288 375 269 375 192 376 203 376 77 376 77 377 203 377 82 377 203 378 206 378 82 378 82 379 206 379 83 379 207 380 84 380 206 380 206 381 84 381 83 381 205 382 80 382 207 382 207 383 80 383 84 383 205 384 204 384 80 384 80 385 204 385 81 385 81 386 204 386 202 386 85 387 202 387 201 387 86 388 201 388 197 388 87 389 86 389 197 389 86 390 85 390 201 390 85 391 81 391 202 391 200 392 91 392 197 392 197 393 91 393 87 393 43 394 42 394 191 394 191 395 42 395 95 395 94 396 191 396 95 396 94 397 193 397 191 397 94 398 93 398 193 398 193 399 93 399 194 399 194 400 93 400 92 400 195 401 92 401 88 401 196 402 88 402 198 402 196 403 195 403 88 403 88 404 89 404 198 404 198 405 89 405 90 405 199 406 90 406 91 406 200 407 199 407 91 407 199 408 198 408 90 408 195 409 194 409 92 409 265 410 285 410 264 410 264 411 285 411 291 411 292 412 264 412 291 412 292 413 263 413 264 413 292 414 293 414 263 414 263 415 293 415 262 415 262 416 293 416 294 416 261 417 294 417 295 417 260 418 295 418 259 418 260 419 261 419 295 419 295 420 296 420 259 420 259 421 296 421 297 421 258 422 297 422 37 422 257 423 37 423 1 423 256 424 1 424 4 424 255 425 4 425 254 425 255 426 256 426 4 426 4 427 6 427 254 427 254 428 6 428 9 428 253 429 9 429 11 429 252 430 11 430 13 430 250 431 13 431 14 431 251 432 14 432 281 432 251 433 250 433 14 433 14 434 15 434 281 434 250 435 252 435 13 435 252 436 253 436 11 436 253 437 254 437 9 437 256 438 257 438 1 438 257 439 258 439 37 439 258 440 259 440 297 440 261 441 262 441 294 441 116 442 298 442 299 442 298 443 300 443 299 443 301 444 176 444 300 444 177 445 301 445 302 445 302 446 303 446 177 446 303 447 63 447 304 447 304 448 63 448 65 448 173 449 64 449 66 449 172 450 66 450 170 450 172 451 173 451 66 451 66 452 67 452 170 452 170 453 67 453 68 453 171 454 68 454 69 454 179 455 69 455 70 455 180 456 70 456 71 456 181 457 71 457 182 457 181 458 180 458 71 458 71 459 73 459 182 459 182 460 73 460 74 460 305 461 108 461 306 461 307 462 105 462 308 462 309 463 310 463 311 463 312 464 310 464 313 464 312 465 311 465 310 465 313 466 160 466 166 466 309 467 308 467 105 467 307 468 305 468 306 468 183 469 182 469 74 469 180 470 179 470 70 470 179 471 171 471 69 471 171 472 170 472 68 472 173 473 178 473 64 473 314 474 315 474 316 474 314 475 317 475 315 475 315 476 317 476 318 476 318 477 317 477 319 477 320 478 319 478 321 478 322 479 321 479 323 479 324 480 323 480 325 480 326 481 325 481 327 481 328 482 327 482 329 482 330 483 329 483 331 483 330 484 328 484 329 484 316 485 332 485 333 485 316 486 315 486 332 486 333 487 334 487 335 487 333 488 332 488 334 488 335 489 336 489 337 489 335 490 334 490 336 490 329 491 338 491 331 491 331 492 338 492 339 492 339 493 338 493 340 493 341 494 340 494 342 494 343 495 342 495 344 495 345 496 344 496 346 496 347 497 346 497 348 497 349 498 348 498 350 498 351 499 350 499 352 499 353 500 352 500 354 500 355 501 353 501 354 501 355 502 356 502 353 502 355 503 357 503 356 503 356 504 357 504 358 504 358 505 357 505 359 505 360 506 359 506 361 506 362 507 361 507 363 507 364 508 363 508 365 508 366 509 365 509 367 509 368 510 367 510 369 510 370 511 369 511 371 511 370 512 368 512 369 512 328 513 326 513 327 513 326 514 324 514 325 514 324 515 322 515 323 515 322 516 320 516 321 516 320 517 318 517 319 517 336 518 372 518 337 518 337 519 372 519 373 519 373 520 372 520 374 520 375 521 374 521 376 521 377 522 376 522 371 522 369 523 377 523 371 523 368 524 366 524 367 524 366 525 364 525 365 525 364 526 362 526 363 526 362 527 360 527 361 527 360 528 358 528 359 528 353 529 351 529 352 529 351 530 349 530 350 530 349 531 347 531 348 531 347 532 345 532 346 532 345 533 343 533 344 533 343 534 341 534 342 534 341 535 339 535 340 535 373 536 374 536 375 536 375 537 376 537 377 537 370 538 378 538 368 538 368 539 378 539 379 539 380 540 368 540 379 540 380 541 366 541 368 541 380 542 381 542 366 542 366 543 381 543 364 543 364 544 381 544 382 544 362 545 382 545 383 545 360 546 383 546 358 546 360 547 362 547 383 547 383 548 384 548 358 548 358 549 384 549 385 549 356 550 385 550 386 550 353 551 386 551 387 551 351 552 387 552 388 552 349 553 388 553 347 553 349 554 351 554 388 554 388 555 389 555 347 555 347 556 389 556 390 556 345 557 390 557 391 557 343 558 391 558 392 558 341 559 392 559 393 559 339 560 393 560 331 560 339 561 341 561 393 561 393 562 394 562 331 562 341 563 343 563 392 563 343 564 345 564 391 564 345 565 347 565 390 565 351 566 353 566 387 566 353 567 356 567 386 567 356 568 358 568 385 568 362 569 364 569 382 569 285 570 338 570 291 570 291 571 338 571 329 571 327 572 291 572 329 572 327 573 292 573 291 573 327 574 325 574 292 574 292 575 325 575 293 575 293 576 325 576 323 576 294 577 323 577 321 577 295 578 321 578 296 578 295 579 294 579 321 579 321 580 319 580 296 580 296 581 319 581 317 581 297 582 317 582 314 582 37 583 314 583 316 583 1 584 316 584 333 584 4 585 333 585 6 585 4 586 1 586 333 586 333 587 335 587 6 587 6 588 335 588 337 588 9 589 337 589 373 589 11 590 373 590 375 590 13 591 375 591 377 591 14 592 377 592 15 592 14 593 13 593 377 593 377 594 369 594 15 594 13 595 11 595 375 595 11 596 9 596 373 596 9 597 6 597 337 597 1 598 37 598 316 598 37 599 297 599 314 599 297 600 296 600 317 600 294 601 293 601 323 601 37 602 395 602 297 602 37 603 1 603 395 603 395 604 1 604 396 604 396 605 1 605 4 605 397 606 4 606 6 606 398 607 6 607 9 607 399 608 9 608 11 608 400 609 11 609 13 609 401 610 13 610 14 610 402 611 14 611 378 611 402 612 401 612 14 612 297 613 403 613 296 613 297 614 395 614 403 614 296 615 404 615 295 615 296 616 403 616 404 616 295 617 405 617 294 617 295 618 404 618 405 618 14 619 15 619 378 619 378 620 15 620 379 620 379 621 15 621 17 621 380 622 17 622 18 622 381 623 18 623 19 623 382 624 19 624 21 624 383 625 21 625 23 625 384 626 23 626 25 626 385 627 25 627 27 627 386 628 27 628 30 628 32 629 386 629 30 629 32 630 387 630 386 630 32 631 57 631 387 631 387 632 57 632 388 632 388 633 57 633 290 633 389 634 290 634 289 634 390 635 289 635 288 635 391 636 288 636 287 636 392 637 287 637 286 637 393 638 286 638 285 638 394 639 285 639 406 639 394 640 393 640 285 640 393 641 392 641 286 641 392 642 391 642 287 642 391 643 390 643 288 643 390 644 389 644 289 644 389 645 388 645 290 645 386 646 385 646 27 646 385 647 384 647 25 647 384 648 383 648 23 648 383 649 382 649 21 649 382 650 381 650 19 650 381 651 380 651 18 651 380 652 379 652 17 652 401 653 400 653 13 653 400 654 399 654 11 654 399 655 398 655 9 655 398 656 397 656 6 656 397 657 396 657 4 657 405 658 407 658 294 658 294 659 407 659 293 659 293 660 407 660 408 660 292 661 408 661 409 661 291 662 409 662 406 662 285 663 291 663 406 663 293 664 408 664 292 664 292 665 409 665 291 665 338 666 285 666 340 666 340 667 285 667 286 667 287 668 340 668 286 668 287 669 342 669 340 669 287 670 288 670 342 670 342 671 288 671 344 671 344 672 288 672 289 672 346 673 289 673 290 673 348 674 290 674 350 674 348 675 346 675 290 675 290 676 57 676 350 676 350 677 57 677 32 677 352 678 32 678 30 678 354 679 30 679 27 679 355 680 27 680 25 680 357 681 25 681 359 681 357 682 355 682 25 682 25 683 23 683 359 683 359 684 23 684 21 684 361 685 21 685 19 685 363 686 19 686 18 686 365 687 18 687 17 687 367 688 17 688 369 688 367 689 365 689 17 689 17 690 15 690 369 690 365 691 363 691 18 691 363 692 361 692 19 692 361 693 359 693 21 693 355 694 354 694 27 694 354 695 352 695 30 695 352 696 350 696 32 696 346 697 344 697 289 697 378 698 370 698 402 698 402 699 370 699 371 699 376 700 402 700 371 700 376 701 401 701 402 701 376 702 374 702 401 702 401 703 374 703 400 703 400 704 374 704 372 704 399 705 372 705 336 705 398 706 336 706 397 706 398 707 399 707 336 707 336 708 334 708 397 708 397 709 334 709 332 709 396 710 332 710 315 710 395 711 315 711 318 711 403 712 318 712 320 712 404 713 320 713 405 713 404 714 403 714 320 714 320 715 322 715 405 715 405 716 322 716 324 716 407 717 324 717 326 717 408 718 326 718 328 718 409 719 328 719 330 719 406 720 330 720 394 720 406 721 409 721 330 721 330 722 331 722 394 722 409 723 408 723 328 723 408 724 407 724 326 724 407 725 405 725 324 725 403 726 395 726 318 726 395 727 396 727 315 727 396 728 397 728 332 728 399 729 400 729 372 729 150 730 165 730 175 730 112 731 124 731 125 731 169 732 309 732 168 732 75 733 149 733 151 733 410 734 302 734 301 734 38 735 109 735 47 735 410 736 61 736 63 736 298 737 109 737 59 737 411 738 59 738 58 738 411 739 60 739 410 739 42 740 46 740 47 740 122 741 112 741 111 741 174 742 122 742 121 742 115 743 132 743 134 743 130 744 132 744 131 744 98 745 144 745 79 745 98 746 141 746 143 746 168 747 309 747 311 747 168 748 312 748 165 748 165 749 313 749 166 749 78 750 149 750 75 750 78 751 146 751 148 751 79 752 145 752 78 752 164 753 145 753 142 753 116 754 176 754 117 754 41 755 46 755 42 755 174 756 121 756 120 756 120 757 175 757 174 757 116 758 110 758 298 758 110 759 118 759 119 759 129 760 115 760 114 760 97 761 137 761 136 761 97 762 134 762 137 762 103 763 158 763 412 763 103 764 155 764 157 764 176 765 299 765 300 765 301 766 411 766 410 766 45 767 44 767 185 767 185 768 188 768 45 768 74 769 305 769 183 769 169 770 307 770 308 770 183 771 307 771 169 771 114 772 127 772 129 772 113 773 128 773 127 773 113 774 125 774 128 774 96 775 141 775 98 775 96 776 138 776 140 776 96 777 136 777 138 777 161 778 313 778 310 778 412 779 159 779 161 779 166 780 159 780 156 780 306 781 108 781 107 781 107 782 105 782 306 782 72 783 104 783 106 783 310 784 100 784 161 784 161 785 99 785 412 785 412 786 101 786 103 786 76 787 155 787 103 787 76 788 152 788 154 788 75 789 152 789 76 789 304 790 64 790 178 790 188 791 216 791 72 791 103 792 102 792 77 792 72 793 216 793 102 793 34 794 61 794 38 794 63 795 62 795 65 795 410 796 303 796 302 796 303 797 178 797 177 797 413 798 229 798 414 798 229 799 414 799 231 799 234 800 415 800 231 800 236 801 416 801 234 801 417 802 236 802 238 802 418 803 238 803 240 803 224 804 413 804 33 804 413 805 57 805 33 805 413 806 289 806 414 806 414 807 288 807 415 807 414 808 288 808 415 808 240 809 419 809 418 809 35 810 284 810 36 810 420 811 283 811 284 811 421 812 242 812 282 812 422 813 282 813 283 813 420 814 35 814 297 814 294 815 419 815 295 815 423 816 291 816 285 816 123 817 172 817 169 817 424 818 425 818 426 818 162 819 427 819 135 819 142 820 428 820 139 820 126 821 429 821 123 821 170 822 430 822 171 822 156 823 431 823 432 823 170 824 433 824 434 824 147 825 435 825 164 825 165 826 436 826 425 826 173 827 433 827 172 827 181 828 437 828 438 828 169 829 436 829 168 829 177 830 439 830 440 830 183 831 441 831 442 831 133 832 427 832 443 832 175 833 444 833 117 833 174 834 429 834 445 834 169 835 442 835 446 835 176 836 444 836 439 836 156 837 447 837 153 837 179 838 437 838 180 838 162 839 428 839 448 839 142 840 435 840 449 840 173 841 450 841 451 841 126 842 452 842 453 842 181 843 441 843 182 843 133 844 452 844 130 844 165 845 431 845 166 845 177 846 450 846 178 846 174 847 426 847 175 847 150 848 454 848 147 848 179 849 430 849 455 849 150 850 447 850 424 850 108 851 69 851 65 851 65 852 69 852 108 852 456 853 457 853 458 853 161 854 459 854 460 854 103 855 461 855 462 855 67 856 463 856 464 856 97 857 465 857 466 857 112 858 467 858 468 858 79 859 469 859 470 859 98 860 465 860 96 860 63 861 458 861 65 861 306 862 456 862 471 862 114 863 467 863 113 863 108 864 472 864 456 864 105 865 459 865 310 865 411 866 473 866 474 866 111 867 468 867 475 867 410 868 474 868 476 868 410 869 477 869 63 869 70 870 457 870 478 870 71 871 479 871 73 871 66 872 480 872 463 872 67 873 481 873 68 873 73 874 472 874 74 874 98 875 470 875 482 875 115 876 466 876 483 876 76 877 484 877 75 877 115 878 485 878 114 878 68 879 457 879 69 879 78 880 484 880 469 880 111 881 486 881 110 881 65 882 480 882 64 882 306 883 487 883 105 883 110 884 473 884 298 884 76 885 462 885 488 885 161 886 461 886 412 886 70 887 489 887 71 887 34 888 38 888 35 888 45 889 38 889 47 889 62 890 34 890 64 890 104 891 310 891 105 891 74 892 72 892 107 892 110 893 42 893 47 893 117 894 175 894 119 894 111 895 110 895 120 895 123 896 126 896 125 896 126 897 130 897 127 897 133 898 135 898 134 898 135 899 162 899 136 899 138 900 162 900 139 900 141 901 139 901 142 901 146 902 164 902 147 902 149 903 147 903 150 903 152 904 150 904 153 904 155 905 153 905 156 905 41 906 184 906 185 906 216 907 184 907 77 907 298 908 411 908 300 908 177 909 176 909 301 909 307 910 306 910 105 910 309 911 105 911 310 911 165 912 168 912 169 912 169 913 183 913 182 913 182 914 181 914 169 914 181 915 180 915 169 915 180 916 179 916 169 916 179 917 171 917 169 917 171 918 170 918 172 918 172 919 173 919 178 919 178 920 177 920 176 920 176 921 117 921 178 921 117 922 175 922 178 922 175 923 174 923 123 923 123 924 126 924 130 924 130 925 133 925 135 925 135 926 162 926 139 926 139 927 142 927 150 927 142 928 164 928 150 928 164 929 147 929 150 929 150 930 153 930 156 930 156 931 166 931 165 931 165 932 169 932 171 932 171 933 172 933 178 933 175 934 123 934 139 934 123 935 130 935 139 935 130 936 135 936 139 936 150 937 156 937 165 937 171 938 178 938 165 938 178 939 175 939 165 939 139 940 150 940 175 940 169 941 308 941 309 941 410 942 60 942 61 942 298 943 110 943 109 943 411 944 298 944 59 944 411 945 58 945 60 945 122 946 124 946 112 946 174 947 123 947 122 947 130 948 133 948 132 948 98 949 143 949 144 949 168 950 311 950 312 950 165 951 312 951 313 951 78 952 148 952 149 952 79 953 144 953 145 953 164 954 146 954 145 954 116 955 299 955 176 955 41 956 44 956 46 956 120 957 119 957 175 957 116 958 118 958 110 958 129 959 131 959 115 959 97 960 115 960 134 960 103 961 157 961 158 961 301 962 300 962 411 962 185 963 186 963 188 963 74 964 108 964 305 964 183 965 305 965 307 965 114 966 113 966 127 966 113 967 112 967 125 967 96 968 140 968 141 968 96 969 97 969 136 969 161 970 160 970 313 970 412 971 158 971 159 971 166 972 160 972 159 972 107 973 106 973 105 973 310 974 104 974 100 974 161 975 100 975 99 975 412 976 99 976 101 976 76 977 154 977 155 977 75 978 151 978 152 978 304 979 65 979 64 979 188 980 186 980 216 980 103 981 101 981 102 981 34 982 62 982 61 982 410 983 63 983 303 983 303 984 304 984 178 984 413 985 227 985 229 985 414 986 415 986 231 986 234 987 416 987 415 987 236 988 423 988 416 988 417 989 423 989 236 989 418 990 417 990 238 990 224 991 227 991 413 991 413 992 290 992 57 992 413 993 290 993 289 993 414 994 289 994 288 994 414 995 289 995 288 995 240 996 242 996 419 996 35 997 420 997 284 997 420 998 422 998 283 998 421 999 419 999 242 999 422 1000 421 1000 282 1000 296 1001 295 1001 422 1001 296 1002 422 1002 420 1002 38 1003 37 1003 35 1003 37 1004 297 1004 35 1004 297 1005 296 1005 420 1005 293 1006 292 1006 418 1006 292 1007 417 1007 418 1007 418 1008 419 1008 294 1008 421 1009 422 1009 295 1009 418 1010 294 1010 293 1010 419 1011 421 1011 295 1011 287 1012 288 1012 415 1012 415 1013 416 1013 287 1013 416 1014 423 1014 285 1014 287 1015 416 1015 286 1015 423 1016 417 1016 291 1016 417 1017 292 1017 291 1017 286 1018 416 1018 285 1018 169 1019 168 1019 165 1019 165 1020 166 1020 156 1020 156 1021 153 1021 150 1021 150 1022 147 1022 164 1022 164 1023 142 1023 150 1023 142 1024 139 1024 150 1024 139 1025 162 1025 135 1025 135 1026 133 1026 130 1026 130 1027 126 1027 123 1027 123 1028 174 1028 175 1028 175 1029 117 1029 123 1029 117 1030 176 1030 178 1030 123 1031 117 1031 178 1031 176 1032 177 1032 178 1032 178 1033 173 1033 172 1033 172 1034 170 1034 171 1034 171 1035 179 1035 172 1035 179 1036 180 1036 169 1036 172 1037 179 1037 169 1037 180 1038 181 1038 169 1038 181 1039 182 1039 169 1039 182 1040 183 1040 169 1040 169 1041 165 1041 156 1041 156 1042 150 1042 169 1042 169 1043 150 1043 123 1043 139 1044 135 1044 150 1044 135 1045 130 1045 123 1045 178 1046 172 1046 123 1046 123 1047 150 1047 135 1047 425 1048 436 1048 446 1048 446 1049 442 1049 441 1049 441 1050 438 1050 446 1050 438 1051 437 1051 446 1051 437 1052 455 1052 446 1052 455 1053 430 1053 446 1053 430 1054 434 1054 433 1054 433 1055 451 1055 450 1055 450 1056 440 1056 439 1056 439 1057 444 1057 450 1057 444 1058 426 1058 450 1058 426 1059 445 1059 429 1059 429 1060 453 1060 452 1060 452 1061 443 1061 427 1061 427 1062 448 1062 428 1062 428 1063 449 1063 424 1063 449 1064 435 1064 424 1064 435 1065 454 1065 424 1065 424 1066 447 1066 432 1066 432 1067 431 1067 425 1067 425 1068 446 1068 430 1068 430 1069 433 1069 450 1069 426 1070 429 1070 428 1070 429 1071 452 1071 428 1071 452 1072 427 1072 428 1072 424 1073 432 1073 425 1073 430 1074 450 1074 425 1074 450 1075 426 1075 425 1075 428 1076 424 1076 426 1076 162 1077 448 1077 427 1077 142 1078 449 1078 428 1078 126 1079 453 1079 429 1079 170 1080 434 1080 430 1080 156 1081 166 1081 431 1081 170 1082 172 1082 433 1082 147 1083 454 1083 435 1083 165 1084 168 1084 436 1084 173 1085 451 1085 433 1085 181 1086 180 1086 437 1086 169 1087 446 1087 436 1087 177 1088 176 1088 439 1088 183 1089 182 1089 441 1089 133 1090 135 1090 427 1090 175 1091 426 1091 444 1091 174 1092 123 1092 429 1092 169 1093 183 1093 442 1093 176 1094 117 1094 444 1094 156 1095 432 1095 447 1095 179 1096 455 1096 437 1096 162 1097 139 1097 428 1097 142 1098 164 1098 435 1098 173 1099 178 1099 450 1099 126 1100 130 1100 452 1100 181 1101 438 1101 441 1101 133 1102 443 1102 452 1102 165 1103 425 1103 431 1103 177 1104 440 1104 450 1104 174 1105 445 1105 426 1105 150 1106 424 1106 454 1106 179 1107 171 1107 430 1107 150 1108 153 1108 447 1108 69 1109 68 1109 65 1109 68 1110 67 1110 65 1110 67 1111 66 1111 65 1111 66 1112 64 1112 65 1112 65 1113 63 1113 410 1113 411 1114 65 1114 410 1114 411 1115 298 1115 65 1115 298 1116 110 1116 65 1116 110 1117 111 1117 65 1117 111 1118 112 1118 65 1118 112 1119 113 1119 65 1119 113 1120 114 1120 65 1120 114 1121 115 1121 65 1121 115 1122 97 1122 65 1122 97 1123 96 1123 65 1123 96 1124 98 1124 108 1124 98 1125 79 1125 108 1125 79 1126 78 1126 108 1126 78 1127 75 1127 108 1127 75 1128 76 1128 108 1128 76 1129 103 1129 108 1129 103 1130 412 1130 108 1130 412 1131 161 1131 108 1131 161 1132 310 1132 108 1132 310 1133 105 1133 108 1133 105 1134 306 1134 108 1134 108 1135 74 1135 73 1135 71 1136 108 1136 73 1136 71 1137 70 1137 108 1137 70 1138 69 1138 108 1138 96 1139 108 1139 65 1139 67 1140 68 1140 65 1140 68 1141 69 1141 65 1141 69 1142 70 1142 108 1142 70 1143 71 1143 108 1143 71 1144 73 1144 108 1144 73 1145 74 1145 108 1145 108 1146 306 1146 105 1146 105 1147 310 1147 108 1147 310 1148 161 1148 108 1148 161 1149 412 1149 108 1149 412 1150 103 1150 108 1150 103 1151 76 1151 108 1151 76 1152 75 1152 108 1152 75 1153 78 1153 108 1153 78 1154 79 1154 108 1154 79 1155 98 1155 108 1155 98 1156 96 1156 108 1156 96 1157 97 1157 65 1157 108 1158 96 1158 65 1158 97 1159 115 1159 65 1159 115 1160 114 1160 65 1160 114 1161 113 1161 65 1161 113 1162 112 1162 65 1162 112 1163 111 1163 65 1163 111 1164 110 1164 65 1164 110 1165 298 1165 65 1165 298 1166 411 1166 65 1166 411 1167 410 1167 65 1167 410 1168 63 1168 65 1168 65 1169 64 1169 66 1169 66 1170 67 1170 65 1170 457 1171 481 1171 458 1171 481 1172 464 1172 458 1172 464 1173 463 1173 458 1173 463 1174 480 1174 458 1174 458 1175 477 1175 476 1175 474 1176 458 1176 476 1176 474 1177 473 1177 458 1177 473 1178 486 1178 458 1178 486 1179 475 1179 458 1179 475 1180 468 1180 458 1180 468 1181 467 1181 458 1181 467 1182 485 1182 458 1182 485 1183 483 1183 458 1183 483 1184 466 1184 458 1184 466 1185 465 1185 458 1185 465 1186 482 1186 456 1186 482 1187 470 1187 456 1187 470 1188 469 1188 456 1188 469 1189 484 1189 456 1189 484 1190 488 1190 456 1190 488 1191 462 1191 456 1191 462 1192 461 1192 456 1192 461 1193 460 1193 456 1193 460 1194 459 1194 456 1194 459 1195 487 1195 456 1195 487 1196 471 1196 456 1196 456 1197 472 1197 479 1197 489 1198 456 1198 479 1198 489 1199 478 1199 456 1199 478 1200 457 1200 456 1200 465 1201 456 1201 458 1201 161 1202 310 1202 459 1202 103 1203 412 1203 461 1203 67 1204 66 1204 463 1204 97 1205 96 1205 465 1205 112 1206 113 1206 467 1206 79 1207 78 1207 469 1207 98 1208 482 1208 465 1208 63 1209 477 1209 458 1209 306 1210 108 1210 456 1210 114 1211 485 1211 467 1211 108 1212 74 1212 472 1212 105 1213 487 1213 459 1213 411 1214 298 1214 473 1214 111 1215 112 1215 468 1215 410 1216 411 1216 474 1216 410 1217 476 1217 477 1217 70 1218 69 1218 457 1218 71 1219 489 1219 479 1219 66 1220 64 1220 480 1220 67 1221 464 1221 481 1221 73 1222 479 1222 472 1222 98 1223 79 1223 470 1223 115 1224 97 1224 466 1224 76 1225 488 1225 484 1225 115 1226 483 1226 485 1226 68 1227 481 1227 457 1227 78 1228 75 1228 484 1228 111 1229 475 1229 486 1229 65 1230 458 1230 480 1230 306 1231 471 1231 487 1231 110 1232 486 1232 473 1232 76 1233 103 1233 462 1233 161 1234 460 1234 461 1234 70 1235 478 1235 489 1235 490 1236 415 1236 231 1236 491 1237 418 1237 492 1237 415 1238 493 1238 416 1238 494 1239 416 1239 493 1239 423 1240 416 1240 495 1240 423 1241 496 1241 417 1241 418 1242 417 1242 496 1242 492 1243 418 1243 496 1243 240 1244 497 1244 498 1244 238 1245 240 1245 498 1245 238 1246 236 1246 498 1246 231 1247 499 1247 234 1247 499 1248 231 1248 500 1248 498 1249 501 1249 236 1249 236 1250 234 1250 499 1250 236 1251 502 1251 503 1251 23 1252 24 1252 22 1252 25 1253 26 1253 24 1253 27 1254 28 1254 26 1254 29 1255 28 1255 27 1255 29 1256 27 1256 30 1256 29 1257 30 1257 31 1257 30 1258 32 1258 31 1258 32 1259 33 1259 31 1259 57 1260 33 1260 32 1260 27 1261 26 1261 25 1261 25 1262 24 1262 23 1262 23 1263 22 1263 21 1263 383 1264 23 1264 21 1264 384 1265 25 1265 23 1265 385 1266 27 1266 25 1266 386 1267 30 1267 27 1267 32 1268 30 1268 386 1268 32 1269 386 1269 387 1269 32 1270 387 1270 57 1270 387 1271 388 1271 57 1271 388 1272 290 1272 57 1272 389 1273 289 1273 290 1273 390 1274 288 1274 289 1274 391 1275 287 1275 288 1275 392 1276 286 1276 287 1276 393 1277 285 1277 286 1277 393 1278 286 1278 392 1278 392 1279 287 1279 391 1279 391 1280 288 1280 390 1280 390 1281 289 1281 389 1281 389 1282 290 1282 388 1282 386 1283 27 1283 385 1283 385 1284 25 1284 384 1284 384 1285 23 1285 383 1285 413 1286 33 1286 57 1286 413 1287 414 1287 289 1287 414 1288 415 1288 288 1288 413 1289 57 1289 290 1289 413 1290 289 1290 290 1290 414 1291 288 1291 289 1291 287 1292 415 1292 288 1292 415 1293 287 1293 416 1293 416 1294 285 1294 423 1294 287 1295 286 1295 416 1295 286 1296 285 1296 416 1296 26 1297 504 1297 505 1297 389 1298 506 1298 390 1298 31 1299 507 1299 508 1299 413 1300 507 1300 33 1300 289 1301 509 1301 510 1301 414 1302 511 1302 415 1302 28 1303 512 1303 504 1303 22 1304 513 1304 514 1304 21 1305 515 1305 383 1305 386 1306 516 1306 387 1306 388 1307 517 1307 389 1307 288 1308 518 1308 509 1308 392 1309 519 1309 393 1309 415 1310 520 1310 511 1310 29 1311 508 1311 512 1311 423 1312 521 1312 522 1312 384 1313 523 1313 385 1313 393 1314 521 1314 285 1314 288 1315 518 1315 287 1315 22 1316 524 1316 21 1316 385 1317 525 1317 386 1317 387 1318 526 1318 388 1318 414 1319 510 1319 527 1319 289 1320 509 1320 510 1320 416 1321 522 1321 520 1321 413 1322 527 1322 414 1322 383 1323 528 1323 384 1323 390 1324 529 1324 391 1324 24 1325 505 1325 513 1325 414 1326 510 1326 289 1326 391 1327 530 1327 392 1327 531 1328 514 1328 513 1328 532 1329 513 1329 505 1329 533 1330 505 1330 504 1330 512 1331 533 1331 504 1331 512 1332 534 1332 533 1332 512 1333 508 1333 534 1333 534 1334 508 1334 535 1334 535 1335 508 1335 507 1335 536 1336 535 1336 507 1336 533 1337 532 1337 505 1337 532 1338 531 1338 513 1338 531 1339 524 1339 514 1339 515 1340 524 1340 531 1340 528 1341 531 1341 532 1341 523 1342 532 1342 533 1342 525 1343 533 1343 534 1343 535 1344 525 1344 534 1344 535 1345 516 1345 525 1345 535 1346 536 1346 516 1346 516 1347 536 1347 526 1347 526 1348 536 1348 537 1348 517 1349 537 1349 510 1349 506 1350 510 1350 509 1350 529 1351 509 1351 518 1351 530 1352 518 1352 538 1352 519 1353 538 1353 521 1353 519 1354 530 1354 538 1354 530 1355 529 1355 518 1355 529 1356 506 1356 509 1356 506 1357 517 1357 510 1357 517 1358 526 1358 537 1358 525 1359 523 1359 533 1359 523 1360 528 1360 532 1360 528 1361 515 1361 531 1361 539 1362 536 1362 507 1362 539 1363 510 1363 527 1363 527 1364 509 1364 511 1364 539 1365 537 1365 536 1365 539 1366 537 1366 510 1366 527 1367 510 1367 509 1367 518 1368 509 1368 511 1368 511 1369 520 1369 518 1369 520 1370 522 1370 521 1370 518 1371 520 1371 538 1371 538 1372 520 1372 521 1372 490 1373 540 1373 415 1373 491 1374 240 1374 418 1374 415 1375 541 1375 493 1375 494 1376 495 1376 416 1376 423 1377 495 1377 496 1377 240 1378 542 1378 497 1378 236 1379 501 1379 502 1379 26 1380 28 1380 504 1380 389 1381 517 1381 506 1381 31 1382 33 1382 507 1382 413 1383 539 1383 507 1383 289 1384 288 1384 509 1384 414 1385 527 1385 511 1385 28 1386 29 1386 512 1386 22 1387 24 1387 513 1387 21 1388 524 1388 515 1388 386 1389 525 1389 516 1389 388 1390 526 1390 517 1390 288 1391 287 1391 518 1391 392 1392 530 1392 519 1392 415 1393 416 1393 520 1393 29 1394 31 1394 508 1394 423 1395 285 1395 521 1395 384 1396 528 1396 523 1396 393 1397 519 1397 521 1397 288 1398 509 1398 518 1398 22 1399 514 1399 524 1399 385 1400 523 1400 525 1400 387 1401 516 1401 526 1401 414 1402 289 1402 510 1402 289 1403 288 1403 509 1403 416 1404 423 1404 522 1404 413 1405 539 1405 527 1405 383 1406 515 1406 528 1406 390 1407 506 1407 529 1407 24 1408 26 1408 505 1408 414 1409 527 1409 510 1409 391 1410 529 1410 530 1410</p>
        </triangles>
      </mesh>
    </geometry>
  </library_geometries>
  <library_materials>
    <material id="mat_DOBOT_Magician_mit_TOOLS_Greifer_025" name="DOBOT_Magician_mit_TOOLS_Greifer_025">
      <instance_effect url="#effect_DOBOT_Magician_mit_TOOLS_Greifer_025" />
    </material>
    <material id="mat_DOBOT_Magician_mit_TOOLS_Greifer_024" name="DOBOT_Magician_mit_TOOLS_Greifer_024">
      <instance_effect url="#effect_DOBOT_Magician_mit_TOOLS_Greifer_024" />
    </material>
  </library_materials>
  <library_visual_scenes>
    <visual_scene id="scene">
      <node id="node0" name="node0">
        <instance_geometry url="#geometry0">
          <bind_material>
            <technique_common>
              <instance_material symbol="ref_DOBOT_Magician_mit_TOOLS_Greifer_025" target="#mat_DOBOT_Magician_mit_TOOLS_Greifer_025" />
            </technique_common>
          </bind_material>
        </instance_geometry>
      </node>
      <node id="node1" name="node1">
        <instance_geometry url="#geometry1">
          <bind_material>
            <technique_common>
              <instance_material symbol="ref_DOBOT_Magician_mit_TOOLS_Greifer_024" target="#mat_DOBOT_Magician_mit_TOOLS_Greifer_024" />
            </technique_common>
          </bind_material>
        </instance_geometry>
      </node>
    </visual_scene>
  </library_visual_scenes>
  <scene>
    <instance_visual_scene url="#scene" />
  </scene>
</COLLADA>
